teusch-christine-1888-10-11	Q104995	award	1956-01-01
barth-karl-1886-05-10	Q107473	award	1963-01-01
barth-karl-1886-05-10	Q107473	award	1963-01-01
barth-karl-1886-05-10	Q107473	award	1968-01-01
barth-karl-1886-05-10	Q107473	award	1959-01-01
brubeck-david-1920-12-06	Q108597	award	2006-01-01
brubeck-david-1920-12-06	Q108597	award	2009-01-01
brubeck-david-1920-12-06	Q108597	award	2009-01-01
brubeck-david-1920-12-06	Q108597	award	2008-01-01
brubeck-david-1920-12-06	Q108597	award	1996-01-01
brubeck-david-1920-12-06	Q108597	award	1960-02-08
charpy-augustin-1865-09-01	Q122090	award	1922-02-02
charpy-augustin-1865-09-01	Q122090	award	1903-03-15
poulenc-francis-1899-01-07	Q191408	award	1946-01-18
poulenc-francis-1899-01-07	Q191408	award	1953-09-01
anouk-aimee-dreyfus-nic-1932-04-27	Q228607	award	1980-01-01
anouk-aimee-dreyfus-nic-1932-04-27	Q228607	award	2002-01-01
anouk-aimee-dreyfus-nic-1932-04-27	Q228607	award	1966-01-01
anouk-aimee-dreyfus-nic-1932-04-27	Q228607	award	2009-01-01
anouk-aimee-dreyfus-nic-1932-04-27	Q228607	award	1968-01-01
anouk-aimee-dreyfus-nic-1932-04-27	Q228607	award	2003-01-01
brandt-willy-1913-12-18	Q2514	award	1970-01-01
brandt-willy-1913-12-18	Q2514	award	1987-01-01
brandt-willy-1913-12-18	Q2514	award	1971-10-11
brandt-willy-1913-12-18	Q2514	award	1971-01-01
brandt-willy-1913-12-18	Q2514	award	1970-01-01
brandt-willy-1913-12-18	Q2514	award	1973-01-01
brandt-willy-1913-12-18	Q2514	award	1986-01-01
brandt-willy-1913-12-18	Q2514	award	1971-01-01
brandt-willy-1913-12-18	Q2514	award	1969-01-01
brandt-willy-1913-12-18	Q2514	award	1959-01-01
brandt-willy-1913-12-18	Q2514	award	1973-01-01
brandt-willy-1913-12-18	Q2514	award	1990-01-01
brandt-willy-1913-12-18	Q2514	award	1971-01-01
brandt-willy-1913-12-18	Q2514	award	1967-01-01
brandt-willy-1913-12-18	Q2514	award	1960-01-01
brandt-willy-1913-12-18	Q2514	award	1972-01-01
brandt-willy-1913-12-18	Q2514	award	1972-01-01
brandt-willy-1913-12-18	Q2514	award	1965-08-08
brandt-willy-1913-12-18	Q2514	award	1972-01-01
brandt-willy-1913-12-18	Q2514	award	1961-01-01
brandt-willy-1913-12-18	Q2514	award	2000-01-01
brandt-willy-1913-12-18	Q2514	award	1968-01-01
brandt-willy-1913-12-18	Q2514	award	1957-01-01
perrotin-henri-1845-12-19	Q374137	award	1875-01-01
perrotin-henri-1845-12-19	Q374137	award	1890-01-13
perrotin-henri-1845-12-19	Q374137	award	1884-01-01
printemps-yvonne-1894-07-25	Q449794	award	1949-05-31
schotte-alberic-1919-09-07	Q470232	award	1950-01-01
le-braz-anatole-1859-04-02	Q487523	award	1914-07-30
le-braz-anatole-1859-04-02	Q487523	award	1893-01-01
le-braz-anatole-1859-04-02	Q487523	award	1897-12-31
menabrea-louis-1809-09-04	Q548672	award	1856-06-12
menabrea-louis-1809-09-04	Q548672	award	1860-01-16
menabrea-louis-1809-09-04	Q548672	award	1861-04-01
menabrea-louis-1809-09-04	Q548672	award	1860-01-12
menabrea-louis-1809-09-04	Q548672	award	1892-05-04
menabrea-louis-1809-09-04	Q548672	award	1860-10-03
anouk-aimee-dreyfus-nic-1932-04-27	Q228607	award	2019-02-04
le-braz-anatole-1859-04-02	Q487523	award	1895-01-01
le-braz-anatole-1859-04-02	Q487523	award	1898-01-01
teusch-christine-1888-10-11	Q104995	position	1947-05-19
constans-ernest-jean-1833-05-03	Q1934639	position	1898-01-01
baudrier-jacqueline-vibert-1922-03-16	Q2046258	position	1981-01-01
brandt-willy-1913-12-18	Q2514	position	1969-10-22
brandt-willy-1913-12-18	Q2514	position	1987-02-18
brandt-willy-1913-12-18	Q2514	position	1961-10-17
brandt-willy-1913-12-18	Q2514	position	1972-12-13
brandt-willy-1913-12-18	Q2514	position	1957-11-01
brandt-willy-1913-12-18	Q2514	position	1949-09-07
brandt-willy-1913-12-18	Q2514	position	1951-01-11
brandt-willy-1913-12-18	Q2514	position	1990-12-20
brandt-willy-1913-12-18	Q2514	position	1979-07-17
brandt-willy-1913-12-18	Q2514	position	1966-12-01
brandt-willy-1913-12-18	Q2514	position	1955-01-01
brandt-willy-1913-12-18	Q2514	position	1964-02-16
brandt-willy-1913-12-18	Q2514	position	1969-10-20
brandt-willy-1913-12-18	Q2514	position	1983-03-29
brandt-willy-1913-12-18	Q2514	position	1966-12-01
brandt-willy-1913-12-18	Q2514	position	1957-10-03
brandt-willy-1913-12-18	Q2514	position	1976-12-14
brandt-willy-1913-12-18	Q2514	position	1953-10-06
brandt-willy-1913-12-18	Q2514	position	1980-11-04
urbain-achille-1884-05-09	Q2823115	position	1934-01-01
urbain-achille-1884-05-09	Q2823115	position	1942-01-01
meaux-camille-1830-09-18	Q2835545	position	1896-01-01
mutter-andre-1901-11-11	Q2848337	position	1949-08-13
mutter-andre-1901-11-11	Q2848337	position	1958-05-14
mutter-andre-1901-11-11	Q2848337	position	1951-11-26
le-cheres-charles-1895-08-20	Q2959709	position	1948-02-01
cabanier-georgss-1906-11-21	Q3102414	position	1969-02-15
pams-jules-1852-08-14	Q3188830	position	1893-01-01
pams-jules-1852-08-14	Q3188830	position	1917-11-16
pams-jules-1852-08-14	Q3188830	position	1911-03-02
neuwirth-lucien-1924-05-18	Q3265654	position	1968-07-11
neuwirth-lucien-1924-05-18	Q3265654	position	1967-04-03
neuwirth-lucien-1924-05-18	Q3265654	position	1998-11-04
neuwirth-lucien-1924-05-18	Q3265654	position	1959-12-09
neuwirth-lucien-1924-05-18	Q3265654	position	1962-12-06
neuwirth-lucien-1924-05-18	Q3265654	position	1983-09-25
neuwirth-lucien-1924-05-18	Q3265654	position	1973-04-02
neuwirth-lucien-1924-05-18	Q3265654	position	1978-04-03
riviere-paul-1912-11-22	Q3372103	position	1968-07-11
riviere-paul-1912-11-22	Q3372103	position	1967-09-25
perrotin-henri-1845-12-19	Q374137	position	1880-01-01
menabrea-louis-1809-09-04	Q548672	position	1867-10-27
menabrea-louis-1809-09-04	Q548672	position	1857-12-14
menabrea-louis-1809-09-04	Q548672	position	1876-04-14
menabrea-louis-1809-09-04	Q548672	position	1861-06-12
menabrea-louis-1809-09-04	Q548672	position	1861-01-01
menabrea-louis-1809-09-04	Q548672	position	1849-07-30
menabrea-louis-1809-09-04	Q548672	position	1862-12-08
menabrea-louis-1809-09-04	Q548672	position	1849-12-20
menabrea-louis-1809-09-04	Q548672	position	1863-01-22
menabrea-louis-1809-09-04	Q548672	position	1867-10-27
menabrea-louis-1809-09-04	Q548672	position	1867-10-27
menabrea-louis-1809-09-04	Q548672	position	1853-12-19
menabrea-louis-1809-09-04	Q548672	position	1882-11-11
menabrea-louis-1809-09-04	Q548672	position	1848-05-08
menabrea-louis-1809-09-04	Q548672	position	1849-02-01
wahl-jean-1888-05-25	Q573120	position	1946-01-01
thorez-vermeersch-jeannette-1910-11-26	Q768360	position	1946-06-11
thorez-vermeersch-jeannette-1910-11-26	Q768360	position	1945-11-06
thorez-vermeersch-jeannette-1910-11-26	Q768360	position	1951-07-05
thorez-vermeersch-jeannette-1910-11-26	Q768360	position	1956-01-19
thorez-vermeersch-jeannette-1910-11-26	Q768360	position	1959-04-26
thorez-vermeersch-jeannette-1910-11-26	Q768360	position	1946-11-28
queffelec-henri-1910-01-29	Q965935	position	1974-01-01
baudrier-jacqueline-vibert-1922-03-16	Q2046258	position	1975-01-01
cherouvrier-edmond-1831-02-07	Q1148228	position	1871-01-01
cherouvrier-edmond-1831-02-07	Q1148228	position	1879-01-01
cherouvrier-edmond-1831-02-07	Q1148228	position	1882-01-01
porcher-charles-1872-01-20	Q105920000	position	1925-01-01
leclainche-emmanuel-1861-08-29	Q16027704	position	1937-01-01
riviere-paul-1912-11-22	Q3372103	position	1967-04-03
riviere-paul-1912-11-22	Q3372103	position	1962-12-06
riviere-paul-1912-11-22	Q3372103	position	1973-04-02
riviere-paul-1912-11-22	Q3372103	position	1970-07-01
riche-etienne-1883-07-15	Q3592354	position	1931-01-27
riche-etienne-1883-07-15	Q3592354	position	1921-10-02
riche-etienne-1883-07-15	Q3592354	position	1932-02-20
riche-etienne-1883-07-15	Q3592354	position	1928-06-01
valette-guillaume-1902-02-06	Q62107387	position	1960-01-01
chigot-eugene-1860-11-22	Q15407022	position	1892-01-01
bouty-edmond-1846-01-12	Q1285528	award	1895-01-01
baudrier-jacqueline-vibert-1922-03-16	Q2046258	award	1994-07-13
fliche-henri-1836-06-08	Q2377559	award	1894-01-01
toulmouche-auguste-1829-09-21	Q2564226	award	1870-01-01
meaux-camille-1830-09-18	Q2835545	award	1890-01-01
lepere-louis-1849-11-30	Q2871286	award	1911-01-01
smith-bruce-p-1920-02-08	Q2926477	award	1941-01-01
puel-gaston-1924-03-06	Q3099122	award	1966-01-01
puel-gaston-1924-03-06	Q3099122	award	1958-01-01
godeau-georges-1921-03-11	Q3102113	award	1957-01-01
arnold-james-1923-05-05	Q3156839	award	1993-01-01
arnold-james-1923-05-05	Q3156839	award	1971-01-01
arnold-james-1923-05-05	Q3156839	award	1976-01-01
arnold-james-1923-05-05	Q3156839	award	1965-01-01
arnold-james-1923-05-05	Q3156839	award	1964-01-01
arnold-james-1923-05-05	Q3156839	award	1968-01-01
arnold-james-1923-05-05	Q3156839	award	1970-01-01
aquistapace-jean-1882-08-22	Q3170405	award	1931-12-30
le-franc-marie-1879-10-04	Q3292642	award	1927-01-01
le-franc-marie-1879-10-04	Q3292642	award	1925-01-01
ponchon-raoul-1848-12-30	Q3419248	award	1921-01-01
ponchon-raoul-1848-12-30	Q3419248	award	1925-01-14
ponchon-raoul-1848-12-30	Q3419248	award	1932-12-12
altmayer-robert-1875-07-30	Q3434423	award	1936-01-25
altmayer-robert-1875-07-30	Q3434423	award	1950-10-14
menabrea-louis-1809-09-04	Q548672	award	1867-05-27
menabrea-louis-1809-09-04	Q548672	award	1851-01-06
wahl-jean-1888-05-25	Q573120	award	1939-01-01
wahl-jean-1888-05-25	Q573120	award	1971-01-01
raffaelli-jean-1850-04-20	Q658862	award	1906-10-11
raffaelli-jean-1850-04-20	Q658862	award	1888-12-31
queffelec-henri-1910-01-29	Q965935	award	1967-01-01
queffelec-henri-1910-01-29	Q965935	award	1948-01-01
queffelec-henri-1910-01-29	Q965935	award	1988-01-01
queffelec-henri-1910-01-29	Q965935	award	1949-01-01
queffelec-henri-1910-01-29	Q965935	award	1958-01-01
queffelec-henri-1910-01-29	Q965935	award	1975-01-01
cherouvrier-edmond-1831-02-07	Q1148228	award	1858-01-01
lescure-jean-1912-09-14	Q2750020	award	1992-01-01
chamberland-charles-1851-03-12	Q1063929	award	1881-01-01
chamberland-charles-1851-03-12	Q1063929	award	1900-01-01
auclair-marcelle-1899-11-11	Q2164420	award	1965-01-01
chigot-eugene-1860-11-22	Q15407022	award	1912-01-01
chigot-eugene-1860-11-22	Q15407022	award	1890-01-01
deliaune-gerard-1906-08-13	Q15970429	award	1995-07-13
allorge-henri-1878-03-20	Q16920820	award	1910-01-01
allorge-henri-1878-03-20	Q16920820	award	1913-01-01
allorge-henri-1878-03-20	Q16920820	award	1930-01-01
allorge-henri-1878-03-20	Q16920820	award	1923-01-01
hatt-philippe-1840-07-17	Q29553545	award	1875-07-08
hatt-philippe-1840-07-17	Q29553545	award	1883-01-01
hatt-philippe-1840-07-17	Q29553545	award	1868-10-19
jaujard-robert-1896-03-06	Q29642102	award	1946-12-26
jaujard-robert-1896-03-06	Q29642102	award	1932-05-25
jaujard-robert-1896-03-06	Q29642102	award	1949-03-17
danton-j-1908-07-05	Q85446431	award	1971-01-01
chigot-eugene-1860-11-22	Q15407022	award	1890-01-01
boutavant-remy-1911-02-26	Q15970391	position	1946-11-10
fayard-jean-1910-09-24	Q16645457	position	1972-01-01
manni-giuseppe-1884-07-12	Q3770882	position	1939-03-23
mc-cutcheon-keith-1915-08-10	Q6384006	position	1971-01-30
adams-robert-1926-07-23	Q7347484	position	1984-01-01
de-the-guy-blaudin-1930-05-05	Q98835181	position	2003-01-01
bourvil-rainbourg-1917-07-27	Q2750	award	1956-01-01
bourvil-rainbourg-1917-07-27	Q2750	award	1968-01-01
bourvil-rainbourg-1917-07-27	Q2750	award	1964-01-01
bourvil-rainbourg-1917-07-27	Q2750	award	1953-11-06
bourvil-rainbourg-1917-07-27	Q2750	award	1961-01-01
fleming-alexander-1881-08-06	Q37064	award	1948-01-01
fleming-alexander-1881-08-06	Q37064	award	1946-01-01
fleming-alexander-1881-08-06	Q37064	award	1944-01-01
fleming-alexander-1881-08-06	Q37064	award	1946-01-01
fleming-alexander-1881-08-06	Q37064	award	1945-01-01
fleming-alexander-1881-08-06	Q37064	award	1943-01-01
fleming-alexander-1881-08-06	Q37064	award	1954-01-01
fleming-alexander-1881-08-06	Q37064	award	1945-01-01
fleming-alexander-1881-08-06	Q37064	award	1949-01-01
fleming-alexander-1881-08-06	Q37064	award	1944-01-01
fleming-alexander-1881-08-06	Q37064	award	1948-01-01
himmler-heinrich-1900-10-07	Q43067	award	1939-01-01
himmler-heinrich-1900-10-07	Q43067	award	1942-07-30
kramer-john-1921-08-01	Q54529	award	2002-01-01
junkers-hugo-1859-02-03	Q60363	award	1976-01-01
junkers-hugo-1859-02-03	Q60363	award	1927-01-01
junkers-hugo-1859-02-03	Q60363	award	1930-01-01
junkers-hugo-1859-02-03	Q60363	award	1927-01-01
bea-augustin-1881-05-28	Q61060	award	1954-01-01
bea-augustin-1881-05-28	Q61060	award	1960-01-01
bea-augustin-1881-05-28	Q61060	award	1966-09-25
bartning-otto-1883-04-12	Q62322	award	1958-01-01
bartning-otto-1883-04-12	Q62322	award	1958-01-01
himmler-heinrich-1900-10-07	Q43067	award	1939-01-01
himmler-heinrich-1900-10-07	Q43067	award	1920-12-20
himmler-heinrich-1900-10-07	Q43067	award	1927-01-01
himmler-heinrich-1900-10-07	Q43067	award	1929-01-01
himmler-heinrich-1900-10-07	Q43067	award	1933-12-24
himmler-heinrich-1900-10-07	Q43067	award	1934-02-01
himmler-heinrich-1900-10-07	Q43067	award	1934-06-11
himmler-heinrich-1900-10-07	Q43067	award	1934-01-01
himmler-heinrich-1900-10-07	Q43067	award	1934-01-01
himmler-heinrich-1900-10-07	Q43067	award	1935-01-01
himmler-heinrich-1900-10-07	Q43067	award	1935-01-01
himmler-heinrich-1900-10-07	Q43067	award	1935-12-01
himmler-heinrich-1900-10-07	Q43067	award	1935-12-01
himmler-heinrich-1900-10-07	Q43067	award	1936-01-01
himmler-heinrich-1900-10-07	Q43067	award	1936-01-01
himmler-heinrich-1900-10-07	Q43067	award	1936-01-01
himmler-heinrich-1900-10-07	Q43067	award	1937-01-01
himmler-heinrich-1900-10-07	Q43067	award	1937-01-01
himmler-heinrich-1900-10-07	Q43067	award	1937-04-20
himmler-heinrich-1900-10-07	Q43067	award	1938-01-01
himmler-heinrich-1900-10-07	Q43067	award	1938-09-01
himmler-heinrich-1900-10-07	Q43067	award	1938-10-18
himmler-heinrich-1900-10-07	Q43067	award	1939-04-01
himmler-heinrich-1900-10-07	Q43067	award	1939-01-01
himmler-heinrich-1900-10-07	Q43067	award	1939-01-01
himmler-heinrich-1900-10-07	Q43067	award	1939-03-20
himmler-heinrich-1900-10-07	Q43067	award	1939-01-01
himmler-heinrich-1900-10-07	Q43067	award	1939-01-01
himmler-heinrich-1900-10-07	Q43067	award	1940-01-01
himmler-heinrich-1900-10-07	Q43067	award	1940-04-01
himmler-heinrich-1900-10-07	Q43067	award	1940-07-30
himmler-heinrich-1900-10-07	Q43067	award	1942-07-01
himmler-heinrich-1900-10-07	Q43067	award	1942-01-01
himmler-heinrich-1900-10-07	Q43067	award	1943-10-24
grenier-roger-1919-09-19	Q1237856	award	1987-01-01
grenier-roger-1919-09-19	Q1237856	award	1971-01-01
grenier-roger-1919-09-19	Q1237856	award	1985-01-01
grenier-roger-1919-09-19	Q1237856	award	1992-01-01
grenier-roger-1919-09-19	Q1237856	award	1972-01-01
wasserburg-gerald-1927-03-25	Q1388562	award	1975-01-01
wasserburg-gerald-1927-03-25	Q1388562	award	1998-01-01
wasserburg-gerald-1927-03-25	Q1388562	award	1987-01-01
wasserburg-gerald-1927-03-25	Q1388562	award	1964-01-01
wasserburg-gerald-1927-03-25	Q1388562	award	1985-01-01
wasserburg-gerald-1927-03-25	Q1388562	award	1991-01-01
wasserburg-gerald-1927-03-25	Q1388562	award	1981-01-01
wasserburg-gerald-1927-03-25	Q1388562	award	1986-01-01
wasserburg-gerald-1927-03-25	Q1388562	award	2008-01-01
miro-joan-1893-04-20	Q152384	award	1962-01-01
miro-joan-1893-04-20	Q152384	award	1980-01-01
miro-joan-1893-04-20	Q152384	award	1978-01-01
miro-joan-1893-04-20	Q152384	award	1959-01-01
miro-joan-1893-04-20	Q152384	award	1978-01-01
miro-joan-1893-04-20	Q152384	award	1978-01-01
miro-joan-1893-04-20	Q152384	award	1968-01-01
miro-joan-1893-04-20	Q152384	award	1979-10-02
miro-joan-1893-04-20	Q152384	award	1983-01-01
miro-joan-1893-04-20	Q152384	award	1983-01-01
valery-paul-1871-10-30	Q200639	award	1942-01-01
valery-paul-1871-10-30	Q200639	award	1945-01-01
valery-paul-1871-10-30	Q200639	award	1932-01-01
uderzo-albert-1927-04-25	Q206685	award	1985-01-01
uderzo-albert-1927-04-25	Q206685	award	2013-01-01
uderzo-albert-1927-04-25	Q206685	award	2013-01-01
uderzo-albert-1927-04-25	Q206685	award	2007-01-01
uderzo-albert-1927-04-25	Q206685	award	2005-01-01
uderzo-albert-1927-04-25	Q206685	award	1999-01-01
uderzo-albert-1927-04-25	Q206685	award	2003-01-01
uderzo-albert-1927-04-25	Q206685	award	2005-09-23
uderzo-albert-1927-04-25	Q206685	award	2009-01-01
uderzo-albert-1927-04-25	Q206685	award	2004-01-01
queneau-raymond-1903-02-21	Q218690	award	1933-01-01
queneau-raymond-1903-02-21	Q218690	award	2017-01-01
stafford-jean-1915-07-01	Q290633	award	1955-01-01
stafford-jean-1915-07-01	Q290633	award	1970-01-01
stafford-jean-1915-07-01	Q290633	award	1945-01-01
pryor-richard-1940-12-01	Q294912	award	1976-01-01
pryor-richard-1940-12-01	Q294912	award	1974-01-01
pryor-richard-1940-12-01	Q294912	award	1998-01-01
pryor-richard-1940-12-01	Q294912	award	2006-01-01
pryor-richard-1940-12-01	Q294912	award	1982-01-01
dassault-paul-bloch-1882-01-13	Q317763	award	1950-05-02
dassault-paul-bloch-1882-01-13	Q317763	award	1924-01-01
dassault-paul-bloch-1882-01-13	Q317763	award	1951-06-27
gleason-andrew-1921-11-04	Q504857	award	1940-01-01
gleason-andrew-1921-11-04	Q504857	award	1941-01-01
gleason-andrew-1921-11-04	Q504857	award	1942-01-01
gleason-andrew-1921-11-04	Q504857	award	1996-01-01
gleason-andrew-1921-11-04	Q504857	award	1956-01-01
gleason-andrew-1921-11-04	Q504857	award	1952-01-01
pratolini-vasco-1913-10-19	Q558295	award	1955-01-01
pratolini-vasco-1913-10-19	Q558295	award	1961-01-01
defferre-gaston-1910-09-14	Q608815	award	1947-03-11
baldessari-john-1931-06-17	Q683378	award	1999-01-01
baldessari-john-1931-06-17	Q683378	award	1986-01-01
baldessari-john-1931-06-17	Q683378	award	2004-01-01
baldessari-john-1931-06-17	Q683378	award	2012-01-01
david-felicien-1810-04-13	Q951933	award	1862-01-01
crossfield-albert-1921-10-02	Q955842	award	1988-01-01
crossfield-albert-1921-10-02	Q955842	award	1983-01-01
uderzo-albert-1927-04-25	Q206685	award	2006-01-01
grenier-roger-1919-09-19	Q1237856	award	1959-01-01
grenier-roger-1919-09-19	Q1237856	award	1998-01-01
grenier-roger-1919-09-19	Q1237856	award	2008-01-01
wasserburg-gerald-1927-03-25	Q1388562	award	1986-01-01
wasserburg-gerald-1927-03-25	Q1388562	award	1985-01-01
wasserburg-gerald-1927-03-25	Q1388562	award	1978-01-01
wasserburg-gerald-1927-03-25	Q1388562	award	1970-01-01
wasserburg-gerald-1927-03-25	Q1388562	award	1985-01-01
dixon-frank-1920-03-09	Q1443483	award	1969-01-01
dixon-frank-1920-03-09	Q1443483	award	1975-01-01
dixon-frank-1920-03-09	Q1443483	award	1976-01-01
chevallier-andre-1896-11-24	Q16027660	award	1939-01-01
opel-john-1925-01-05	Q1701260	award	1983-01-01
delaby-raymond-1891-09-20	Q24324054	award	1949-01-01
delaby-raymond-1891-09-20	Q24324054	award	1955-01-01
delaby-raymond-1891-09-20	Q24324054	award	1928-01-01
garaud-marie-france-quintard-1934-03-06	Q2762267	award	2004-01-01
guepratte-paul-1856-08-30	Q2983883	award	1925-01-01
ancey-georges-1860-12-09	Q3102187	award	1905-01-20
guingouin-georges-1913-02-02	Q3102839	award	1945-10-19
guingouin-georges-1913-02-02	Q3102839	award	1996-05-13
guingouin-georges-1913-02-02	Q3102839	award	2005-03-25
cochet-gerard-1888-10-13	Q3123854	award	1954-01-01
vague-jean-1911-11-25	Q33001393	award	1997-01-01
bassi-michel-1935-07-09	Q3308945	award	1999-01-01
bassi-michel-1935-07-09	Q3308945	award	1986-01-01
legrain-pierre-1920-02-18	Q3385903	award	1995-07-13
puig-aubert-henri-1924-03-24	Q3410621	award	1951-01-01
galzain-michel-de-1918-04-19	Q47006420	award	1970-01-01
galzain-michel-de-1918-04-19	Q47006420	award	1985-01-01
galzain-michel-de-1918-04-19	Q47006420	award	1958-01-01
de-the-guy-blaudin-1930-05-05	Q98835181	award	1981-01-01
ganay-gustave-1892-03-28	Q1556708	award	1916-01-01
eylaud-jaan-max-1896-04-26	Q125206654	award	1957-01-01
lanfrey-pierre-1828-10-26	Q1588759	position	1871-10-09
lanfrey-pierre-1828-10-26	Q1588759	position	1875-12-15
lanfrey-pierre-1828-10-26	Q1588759	position	1871-02-12
opel-john-1925-01-05	Q1701260	position	1983-04-01
son-johannes-1859-12-24	Q1972641	position	1920-01-01
son-johannes-1859-12-24	Q1972641	position	1923-01-01
valery-paul-1871-10-30	Q200639	position	1924-01-01
valery-paul-1871-10-30	Q200639	position	1925-11-19
valery-paul-1871-10-30	Q200639	position	1941-01-01
schulze-delitzsch-hermann-1808-08-29	Q215961	position	1874-02-05
schulze-delitzsch-hermann-1808-08-29	Q215961	position	1871-03-09
vincent-hyacinthe-1862-12-22	Q2397866	position	1941-01-01
garaud-marie-france-quintard-1934-03-06	Q2762267	position	1998-01-01
garaud-marie-france-quintard-1934-03-06	Q2762267	position	1974-01-01
garaud-marie-france-quintard-1934-03-06	Q2762267	position	1999-07-20
garaud-marie-france-quintard-1934-03-06	Q2762267	position	2002-01-01
notebart-arthur-1914-07-12	Q2865270	position	1947-10-26
notebart-arthur-1914-07-12	Q2865270	position	1951-01-01
guepratte-paul-1856-08-30	Q2983883	position	1919-11-16
buloz-francois-1803-09-20	Q3084141	position	1831-01-01
buloz-francois-1803-09-20	Q3084141	position	1838-10-17
blin-georges-1917-12-18	Q3102312	position	1961-01-01
guingouin-georges-1913-02-02	Q3102839	position	1945-05-13
dassault-paul-bloch-1882-01-13	Q317763	position	1944-08-25
prelot-marcel-1898-10-30	Q3289314	position	1967-09-25
ricard-paul-1909-07-09	Q329401	position	1972-01-01
ricard-paul-1909-07-09	Q329401	position	1932-01-01
kerdrel-roger-1841-02-28	Q3438659	position	1909-08-29
kerdrel-roger-1841-02-28	Q3438659	position	1904-01-01
kerdrel-roger-1841-02-28	Q3438659	position	1889-01-01
kneip-richard-1933-01-07	Q375135	position	1971-01-05
kneip-richard-1933-01-07	Q375135	position	1978-05-26
himmler-heinrich-1900-10-07	Q43067	position	1944-01-01
himmler-heinrich-1900-10-07	Q43067	position	1934-08-23
himmler-heinrich-1900-10-07	Q43067	position	1942-06-04
himmler-heinrich-1900-10-07	Q43067	position	1933-01-01
himmler-heinrich-1900-10-07	Q43067	position	1943-08-24
poujade-pierre-1920-12-01	Q449523	position	1984-01-01
poujade-pierre-1920-12-01	Q449523	position	1953-01-01
poujade-pierre-1920-12-01	Q449523	position	1953-01-01
gleason-andrew-1921-11-04	Q504857	position	1981-01-01
grasset-raymond-1892-01-10	Q588264	position	1926-01-01
defferre-gaston-1910-09-14	Q608815	position	1981-06-22
defferre-gaston-1910-09-14	Q608815	position	1981-05-21
defferre-gaston-1910-09-14	Q608815	position	1953-05-09
defferre-gaston-1910-09-14	Q608815	position	1962-01-01
defferre-gaston-1910-09-14	Q608815	position	1983-03-22
bea-augustin-1881-05-28	Q61060	position	1960-06-06
bea-augustin-1881-05-28	Q61060	position	1962-04-05
bea-augustin-1881-05-28	Q61060	position	1959-12-14
bea-augustin-1881-05-28	Q61060	position	1962-04-19
ollenhauer-erich-1901-03-27	Q62185	position	1950-08-07
ollenhauer-erich-1901-03-27	Q62185	position	1949-09-07
ollenhauer-erich-1901-03-27	Q62185	position	1957-10-15
ollenhauer-erich-1901-03-27	Q62185	position	1953-10-06
ollenhauer-erich-1901-03-27	Q62185	position	1961-10-17
ollenhauer-erich-1901-03-27	Q62185	position	1952-09-27
hearnes-warren-1923-07-24	Q675557	position	1965-01-11
hearnes-warren-1923-07-24	Q675557	position	1951-01-01
daudet-leon-1867-11-16	Q92562	position	1919-11-16
rucart-marc-1893-07-24	Q950845	position	1936-06-01
rucart-marc-1893-07-24	Q950845	position	1947-01-13
rucart-marc-1893-07-24	Q950845	position	1928-06-01
rucart-marc-1893-07-24	Q950845	position	1932-06-01
foch-ferdinand-1851-10-02	Q192615	award	1918-11-29
foch-ferdinand-1851-10-02	Q192615	award	1921-01-01
foch-ferdinand-1851-10-02	Q192615	award	1921-01-01
foch-ferdinand-1851-10-02	Q192615	award	1923-04-15
foch-ferdinand-1851-10-02	Q192615	award	1923-04-15
foch-ferdinand-1851-10-02	Q192615	award	1921-01-01
blish-james-1921-05-23	Q248867	award	2002-01-01
benz-carl-1844-11-25	Q40224	award	2022-01-01
bocuse-paul-1926-02-11	Q8159	award	1987-02-11
bocuse-paul-1926-02-11	Q8159	award	1992-01-01
bocuse-paul-1926-02-11	Q8159	award	2015-05-15
bocuse-paul-1926-02-11	Q8159	award	1994-01-17
bocuse-paul-1926-02-11	Q8159	award	2003-12-06
bocuse-paul-1926-02-11	Q8159	award	1961-01-01
bocuse-paul-1926-02-11	Q8159	award	2016-04-29
bocuse-paul-1926-02-11	Q8159	award	1975-03-15
bocuse-paul-1926-02-11	Q8159	award	1975-02-25
bocuse-paul-1926-02-11	Q8159	award	2004-01-01
watson-james-1928-04-06	Q83333	award	2005-05-24
watson-james-1928-04-06	Q83333	award	1993-01-01
watson-james-1928-04-06	Q83333	award	2002-01-01
watson-james-1928-04-06	Q83333	award	1981-04-09
watson-james-1928-04-06	Q83333	award	1977-01-01
watson-james-1928-04-06	Q83333	award	1994-01-01
watson-james-1928-04-06	Q83333	award	1971-01-01
watson-james-1928-04-06	Q83333	award	1985-01-01
watson-james-1928-04-06	Q83333	award	1962-01-01
watson-james-1928-04-06	Q83333	award	2000-01-01
watson-james-1928-04-06	Q83333	award	1998-01-01
watson-james-1928-04-06	Q83333	award	1997-01-01
watson-james-1928-04-06	Q83333	award	1983-01-01
watson-james-1928-04-06	Q83333	award	2002-01-01
watson-james-1928-04-06	Q83333	award	1960-01-01
watson-james-1928-04-06	Q83333	award	2005-01-01
watson-james-1928-04-06	Q83333	award	1965-01-01
watson-james-1928-04-06	Q83333	award	2000-01-01
fermi-enrico-1901-09-29	Q8753	award	1950-01-01
fermi-enrico-1901-09-29	Q8753	award	1952-01-01
fermi-enrico-1901-09-29	Q8753	award	1950-04-27
fermi-enrico-1901-09-29	Q8753	award	1942-01-01
fermi-enrico-1901-09-29	Q8753	award	1926-01-01
fermi-enrico-1901-09-29	Q8753	award	1953-01-01
fermi-enrico-1901-09-29	Q8753	award	1976-01-01
fermi-enrico-1901-09-29	Q8753	award	1938-01-01
fermi-enrico-1901-09-29	Q8753	award	1947-01-01
fermi-enrico-1901-09-29	Q8753	award	1954-01-01
fermi-enrico-1901-09-29	Q8753	award	1953-01-01
fermi-enrico-1901-09-29	Q8753	award	1949-01-01
nin-anais-1903-02-21	Q220018	award	1971-01-01
faure-jacques-1906-09-07	Q110843277	award	2003-02-13
barbarroux-edmond-1882-07-05	Q21455654	award	1931-01-01
barbarroux-edmond-1882-07-05	Q21455654	award	1924-01-01
dargent-edouard-1824-10-15	Q3571485	award	1877-02-08
filhol-edouard-1814-10-07	Q3579833	award	1866-08-12
filhol-edouard-1814-10-07	Q3579833	award	1856-06-16
harris-franco-1950-03-07	Q1333547	award	1976-01-01
harris-franco-1950-03-07	Q1333547	award	1972-01-01
harris-franco-1950-03-07	Q1333547	award	2011-01-01
blish-james-1921-05-23	Q248867	award	2004-01-01
blish-james-1921-05-23	Q248867	award	2004-01-01
blish-james-1921-05-23	Q248867	award	1959-01-01
leclerc-edouard-1926-11-20	Q2511448	award	2009-01-01
leclerc-edouard-1926-11-20	Q2511448	award	1983-01-01
leclerc-edouard-1926-11-20	Q2511448	award	1965-01-01
albert-lambert-raphael-1865-12-31	Q2638365	award	1933-12-30
albert-lambert-raphael-1865-12-31	Q2638365	award	1895-01-01
albert-lambert-raphael-1865-12-31	Q2638365	award	1901-01-01
o-neal-ryan-1941-04-20	Q272923	award	1971-01-01
beaufrere-adolphe-1876-03-24	Q2824771	award	1911-01-01
cornevin-charles-1846-10-04	Q2958778	award	1885-12-29
thomas-ambroise-1811-08-05	Q297717	award	1894-01-01
thomas-ambroise-1811-08-05	Q297717	award	1832-01-01
young-withney-1921-07-31	Q3025297	award	1969-01-01
malegue-joseph-1876-12-08	Q3042797	award	1933-01-01
humeau-edmond-1907-08-18	Q3047865	award	1986-01-01
humeau-edmond-1907-08-18	Q3047865	award	1971-01-01
humeau-edmond-1907-08-18	Q3047865	award	1956-01-01
dereme-tristan-1889-02-13	Q3087923	award	1938-01-01
audisio-gabriel-1900-07-27	Q3093602	award	1925-01-01
audisio-gabriel-1900-07-27	Q3093602	award	1966-01-01
audisio-gabriel-1900-07-27	Q3093602	award	1945-01-01
audisio-gabriel-1900-07-27	Q3093602	award	1953-01-01
audisio-gabriel-1900-07-27	Q3093602	award	1975-01-01
audisio-gabriel-1900-07-27	Q3093602	award	1961-01-01
izard-georges-1903-06-17	Q3102929	award	1931-01-01
buser-pierre-1921-08-19	Q3384233	award	1975-01-01
buser-pierre-1921-08-19	Q3384233	award	2013-11-14
buser-pierre-1921-08-19	Q3384233	award	1985-01-01
meredith-burgess-1907-11-16	Q343633	award	1977-01-01
meredith-burgess-1907-11-16	Q343633	award	1978-01-01
meredith-burgess-1907-11-16	Q343633	award	1981-01-01
meredith-burgess-1907-11-16	Q343633	award	1962-01-01
meredith-burgess-1907-11-16	Q343633	award	1977-01-01
cerdan-marcel-1916-07-22	Q347201	award	1948-01-01
cerdan-marcel-1916-07-22	Q347201	award	1948-01-01
termier-pierre-1859-07-03	Q376282	award	1914-01-23
termier-pierre-1859-07-03	Q376282	award	1927-08-17
termier-pierre-1859-07-03	Q376282	award	1903-01-01
termier-pierre-1859-07-03	Q376282	award	1897-02-06
tresca-henri-1814-10-12	Q464882	award	1865-08-13
cordy-annie-cooreman-leonia-1928-06-16	Q465249	award	2014-01-01
cordy-annie-cooreman-leonia-1928-06-16	Q465249	award	1992-11-14
cordy-annie-cooreman-leonia-1928-06-16	Q465249	award	2004-09-08
cordy-annie-cooreman-leonia-1928-06-16	Q465249	award	1998-01-01
soisson-jean-pierre-1934-11-09	Q603262	award	2016-11-11
o-callaghan-mike-1929-09-10	Q744023	award	1973-01-01
cerdan-marcel-1916-07-22	Q347201	award	1991-01-01
guillain-robert-1908-09-04	Q3435289	award	1986-01-01
reverdy-pierre-1889-09-13	Q379931	award	1944-01-01
leenhardt-francis-1908-04-24	Q1441627	position	1958-12-09
leenhardt-francis-1908-04-24	Q1441627	position	1973-04-02
bagley-worth-1924-07-29	Q14584326	position	1974-06-01
paul-gabriel-1918-01-27	Q16798526	position	1951-07-05
paul-gabriel-1918-01-27	Q16798526	position	1946-06-02
paul-gabriel-1918-01-27	Q16798526	position	1945-10-21
paul-gabriel-1918-01-27	Q16798526	position	1946-11-28
paul-gabriel-1918-01-27	Q16798526	position	1956-01-19
foch-ferdinand-1851-10-02	Q192615	position	1918-11-21
foch-ferdinand-1851-10-02	Q192615	position	1919-01-01
dreyfous-ducas-daniel-1914-06-11	Q19358505	position	1958-12-09
ginesty-albert-1890-10-05	Q2401009	position	1935-01-01
ginesty-albert-1890-10-05	Q2401009	position	1939-06-24
ginesty-albert-1890-10-05	Q2401009	position	1944-06-09
albert-lambert-raphael-1865-12-31	Q2638365	position	1891-01-01
thomas-ambroise-1811-08-05	Q297717	position	1871-01-01
chausson-clement-1887-11-25	Q2980585	position	1947-01-01
chausson-clement-1887-11-25	Q2980585	position	1927-01-01
chausson-clement-1887-11-25	Q2980585	position	1945-10-21
izard-georges-1903-06-17	Q3102929	position	1936-04-26
izard-georges-1903-06-17	Q3102929	position	1971-02-11
eyser-jacques-eysermann-1912-08-29	Q3158860	position	1954-01-01
solinhac-jean-1914-03-24	Q3174659	position	1945-01-01
solinhac-jean-1914-03-24	Q3174659	position	1945-10-21
thiriet-jules-1906-03-30	Q3188934	position	1945-10-21
meredith-burgess-1907-11-16	Q343633	position	1937-01-01
secretain-roger-1902-08-25	Q3439453	position	1959-01-01
mourousi-yves-1942-07-20	Q3573871	position	1975-01-01
filhol-edouard-1814-10-07	Q3579833	position	1867-08-29
filhol-edouard-1814-10-07	Q3579833	position	1865-01-01
termier-pierre-1859-07-03	Q376282	position	1894-08-08
termier-pierre-1859-07-03	Q376282	position	1922-01-01
termier-pierre-1859-07-03	Q376282	position	1911-01-01
termier-pierre-1859-07-03	Q376282	position	1929-01-01
termier-pierre-1859-07-03	Q376282	position	1904-01-01
termier-pierre-1859-07-03	Q376282	position	1897-01-01
termier-pierre-1859-07-03	Q376282	position	1930-01-01
termier-pierre-1859-07-03	Q376282	position	1920-01-01
termier-pierre-1859-07-03	Q376282	position	1912-11-01
termier-pierre-1859-07-03	Q376282	position	1885-01-01
termier-pierre-1859-07-03	Q376282	position	1914-01-01
termier-pierre-1859-07-03	Q376282	position	1911-01-01
tresca-henri-1814-10-12	Q464882	position	1862-01-01
buffet-louis-joseph-1818-10-26	Q548687	position	1875-03-10
buffet-louis-joseph-1818-10-26	Q548687	position	1876-03-13
soisson-jean-pierre-1934-11-09	Q603262	position	1968-07-11
soisson-jean-pierre-1934-11-09	Q603262	position	1978-04-03
soisson-jean-pierre-1934-11-09	Q603262	position	1997-06-12
soisson-jean-pierre-1934-11-09	Q603262	position	1986-04-02
soisson-jean-pierre-1934-11-09	Q603262	position	1993-04-02
soisson-jean-pierre-1934-11-09	Q603262	position	1992-10-02
soisson-jean-pierre-1934-11-09	Q603262	position	2007-06-20
soisson-jean-pierre-1934-11-09	Q603262	position	1973-04-02
soisson-jean-pierre-1934-11-09	Q603262	position	1981-07-02
soisson-jean-pierre-1934-11-09	Q603262	position	1971-01-01
soisson-jean-pierre-1934-11-09	Q603262	position	1988-06-23
soisson-jean-pierre-1934-11-09	Q603262	position	2002-06-19
wolf-charles-1827-11-09	Q720089	position	1898-01-01
o-callaghan-mike-1929-09-10	Q744023	position	1971-01-04
eyser-jacques-eysermann-1912-08-29	Q3158860	position	1975-01-01
albert-lambert-raphael-1865-12-31	Q2638365	position	1930-01-01
pujo-bertrand-1878-08-21	Q2899656	position	1940-06-16
soisson-jean-pierre-1934-11-09	Q603262	position	1996-01-01
soisson-jean-pierre-1934-11-09	Q603262	position	1992-01-01
soisson-jean-pierre-1934-11-09	Q603262	position	1998-01-01
bahamontes-federico-1928-07-09	Q121976	award	2002-01-01
trintignant-maurice-1917-10-30	Q171438	award	2002-01-01
cox-allan-1926-12-17	Q179365	award	1969-01-01
cox-allan-1926-12-17	Q179365	award	1984-01-01
cox-allan-1926-12-17	Q179365	award	1970-01-01
cox-allan-1926-12-17	Q179365	award	1975-01-01
jospin-lionel-1937-07-12	Q187099	award	2000-01-01
jospin-lionel-1937-07-12	Q187099	award	1992-01-01
jospin-lionel-1937-07-12	Q187099	award	2000-01-01
jospin-lionel-1937-07-12	Q187099	award	1997-01-01
jospin-lionel-1937-07-12	Q187099	award	1997-01-01
jospin-lionel-1937-07-12	Q187099	award	2005-01-01
jospin-lionel-1937-07-12	Q187099	award	1998-01-01
jospin-lionel-1937-07-12	Q187099	award	2015-12-31
jospin-lionel-1937-07-12	Q187099	award	1999-01-01
capus-alfred-1857-11-25	Q198621	award	1905-01-01
pavese-cesare-1908-09-09	Q2022	award	1950-01-01
walter-fritz-1920-10-31	Q22717	award	2003-01-01
walter-fritz-1920-10-31	Q22717	award	1994-01-01
walter-fritz-1920-10-31	Q22717	award	2000-10-31
walter-fritz-1920-10-31	Q22717	award	1951-01-01
walter-fritz-1920-10-31	Q22717	award	1970-01-01
walter-fritz-1920-10-31	Q22717	award	1985-01-01
walter-fritz-1920-10-31	Q22717	award	1954-01-01
walter-fritz-1920-10-31	Q22717	award	1975-01-01
walter-fritz-1920-10-31	Q22717	award	1997-01-01
pernoud-regine-1909-06-17	Q272189	award	1977-01-01
pernoud-regine-1909-06-17	Q272189	award	1943-01-01
pernoud-regine-1909-06-17	Q272189	award	1997-01-01
pernoud-regine-1909-06-17	Q272189	award	1963-01-01
pernoud-regine-1909-06-17	Q272189	award	1981-01-01
stephan-edouard-1837-08-31	Q274349	award	1895-01-01
stephan-edouard-1837-08-31	Q274349	award	1868-01-01
presley-elvis-1935-01-08	Q303	award	1971-01-01
presley-elvis-1935-01-08	Q303	award	2018-01-01
presley-elvis-1935-01-08	Q303	award	2011-01-01
presley-elvis-1935-01-08	Q303	award	1986-01-01
truffaut-francois-1932-02-06	Q53002	award	1975-01-01
truffaut-francois-1932-02-06	Q53002	award	1981-01-01
truffaut-francois-1932-02-06	Q53002	award	1973-01-01
truffaut-francois-1932-02-06	Q53002	award	1974-01-01
truffaut-francois-1932-02-06	Q53002	award	1981-01-01
truffaut-francois-1932-02-06	Q53002	award	1981-01-01
truffaut-francois-1932-02-06	Q53002	award	1968-01-01
truffaut-francois-1932-02-06	Q53002	award	1970-01-01
truffaut-francois-1932-02-06	Q53002	award	1959-01-01
truffaut-francois-1932-02-06	Q53002	award	1973-01-01
truffaut-francois-1932-02-06	Q53002	award	1964-01-01
truffaut-francois-1932-02-06	Q53002	award	1973-01-01
truffaut-francois-1932-02-06	Q53002	award	1974-01-01
truffaut-francois-1932-02-06	Q53002	award	1981-01-01
truffaut-francois-1932-02-06	Q53002	award	1970-01-01
truffaut-francois-1932-02-06	Q53002	award	1959-01-01
truffaut-francois-1932-02-06	Q53002	award	1962-01-01
cheney-dorothy-1916-09-01	Q53371	award	1988-01-01
ruhmann-heinz-1902-03-07	Q60876	award	1957-01-01
ruhmann-heinz-1902-03-07	Q60876	award	1966-01-01
ruhmann-heinz-1902-03-07	Q60876	award	1940-01-01
ruhmann-heinz-1902-03-07	Q60876	award	1981-01-01
ruhmann-heinz-1902-03-07	Q60876	award	1972-01-01
frobe-gert-1913-02-25	Q76943	award	1961-01-01
frobe-gert-1913-02-25	Q76943	award	1982-01-01
frobe-gert-1913-02-25	Q76943	award	1973-01-01
frobe-gert-1913-02-25	Q76943	award	1976-01-01
walter-fritz-1920-10-31	Q22717	award	2018-01-01
jospin-lionel-1937-07-12	Q187099	award	1990-01-01
jospin-lionel-1937-07-12	Q187099	award	2000-01-01
jospin-lionel-1937-07-12	Q187099	award	2001-01-01
jospin-lionel-1937-07-12	Q187099	award	2000-01-01
jospin-lionel-1937-07-12	Q187099	award	2004-01-01
negre-ernest-1907-10-11	Q1356478	position	1972-01-01
laugier-paul-1812-12-22	Q1410755	position	1866-01-01
reynaud-paul-1878-10-15	Q161076	position	1948-07-26
reynaud-paul-1878-10-15	Q161076	position	1940-06-05
reynaud-paul-1878-10-15	Q161076	position	1940-03-20
reynaud-paul-1878-10-15	Q161076	position	1938-04-12
reynaud-paul-1878-10-15	Q161076	position	1949-08-13
foyer-jean-1921-04-27	Q1685524	position	1962-12-06
foyer-jean-1921-04-27	Q1685524	position	1968-07-11
foyer-jean-1921-04-27	Q1685524	position	1962-11-28
foyer-jean-1921-04-27	Q1685524	position	1966-01-08
foyer-jean-1921-04-27	Q1685524	position	1967-04-03
foyer-jean-1921-04-27	Q1685524	position	1978-04-03
foyer-jean-1921-04-27	Q1685524	position	1959-01-01
foyer-jean-1921-04-27	Q1685524	position	1962-04-14
foyer-jean-1921-04-27	Q1685524	position	1959-03-07
foyer-jean-1921-04-27	Q1685524	position	1973-04-02
foyer-jean-1921-04-27	Q1685524	position	1986-04-02
foyer-jean-1921-04-27	Q1685524	position	1981-07-02
trintignant-maurice-1917-10-30	Q171438	position	1958-01-01
gaborit-roger-1903-12-12	Q17350592	position	1956-04-16
jospin-lionel-1937-07-12	Q187099	position	1981-01-24
jospin-lionel-1937-07-12	Q187099	position	2014-12-18
jospin-lionel-1937-07-12	Q187099	position	1997-06-03
jospin-lionel-1937-07-12	Q187099	position	1995-10-14
jospin-lionel-1937-07-12	Q187099	position	1984-07-24
jospin-lionel-1937-07-12	Q187099	position	1988-05-12
blachette-georges-1900-09-27	Q18744644	position	1951-06-17
liquard-emile-1905-02-04	Q19358516	position	1960-04-25
capus-alfred-1857-11-25	Q198621	position	1914-02-12
capus-alfred-1857-11-25	Q198621	position	1906-01-01
capus-alfred-1857-11-25	Q198621	position	1903-01-01
mante-louise-1799-06-02	Q2379498	position	1823-01-01
arene-paul-1843-06-26	Q2633356	position	1884-01-01
arene-paul-1843-06-26	Q2633356	position	1883-01-01
pernoud-regine-1909-06-17	Q272189	position	1974-01-01
stephan-edouard-1837-08-31	Q274349	position	1881-01-01
stephan-edouard-1837-08-31	Q274349	position	1895-01-01
stephan-edouard-1837-08-31	Q274349	position	1866-01-01
boutroux-emile-1845-07-28	Q274969	position	1912-10-31
cazenave-albert-1902-03-07	Q2831024	position	1952-01-01
cazenave-albert-1902-03-07	Q2831024	position	1953-01-01
cazenave-albert-1902-03-07	Q2831024	position	1944-01-01
lalande-andre-1913-05-26	Q2848073	position	1967-01-01
lalande-andre-1913-05-26	Q2848073	position	1969-01-01
mounie-auguste-1873-01-04	Q2871327	position	1912-01-01
granet-felix-1849-07-29	Q3092454	position	1879-01-01
granet-felix-1849-07-29	Q3092454	position	1877-01-01
granet-felix-1849-07-29	Q3092454	position	1877-01-01
granet-felix-1849-07-29	Q3092454	position	1876-01-01
dupre-marie-1813-11-25	Q3292614	position	1875-01-01
dupre-marie-1813-11-25	Q3292614	position	1871-04-01
dupre-marie-1813-11-25	Q3292614	position	1865-01-04
deltombe-paul-1878-04-06	Q3371030	position	1931-01-01
legrand-pierre-1834-05-13	Q3385905	position	1882-01-01
legrand-pierre-1834-05-13	Q3385905	position	1870-09-01
jager-rene-1909-03-08	Q3426396	position	1959-01-01
jager-rene-1909-03-08	Q3426396	position	1978-01-23
jager-rene-1909-03-08	Q3426396	position	1981-01-26
holshouser-james-1934-10-08	Q361695	position	1963-01-01
holshouser-james-1934-10-08	Q361695	position	1973-01-05
escarpit-robert-1918-04-24	Q508217	position	1975-01-01
edwards-alphonse-1835-10-13	Q542059	position	1891-01-01
bouet-willaumez-louis-1808-04-24	Q563318	position	1843-01-01
bouet-willaumez-louis-1808-04-24	Q563318	position	1865-01-01
bouet-willaumez-louis-1808-04-24	Q563318	position	1860-01-01
cronin-joseph-1906-10-12	Q713081	position	1959-01-01
love-john-1916-11-29	Q884606	position	1963-01-08
legrand-pierre-1834-05-13	Q3385905	position	1870-01-01
jospin-lionel-1937-07-12	Q187099	position	1988-05-12
helluy-joseph-1911-04-15	Q135508621	position	1971-01-01
negre-ernest-1907-10-11	Q1356478	award	1981-01-01
laugier-paul-1812-12-22	Q1410755	award	1842-01-01
foyer-jean-1921-04-27	Q1685524	award	1994-07-13
sivadon-paul-1907-01-10	Q2372066	award	1980-01-01
arene-paul-1843-06-26	Q2633356	award	1884-01-01
cazenave-albert-1902-03-07	Q2831024	award	1958-06-23
stehlin-paul-1907-08-11	Q284314	award	1964-01-01
dauvergne-anatole-1812-09-28	Q2845572	award	1863-01-01
ceria-edmond-1884-01-26	Q3047780	award	1953-01-01
parmelin-helene-jungelson-1915-08-19	Q3144833	award	1951-01-01
paganon-joseph-1880-03-19	Q3185441	award	1920-01-01
peguy-charles-1873-01-07	Q334965	award	1920-01-01
peguy-charles-1873-01-07	Q334965	award	1915-01-01
peguy-charles-1873-01-07	Q334965	award	1911-01-01
levine-james-1943-06-23	Q336388	award	1979-01-01
levine-james-1943-06-23	Q336388	award	2002-01-01
poudonson-roger-1922-12-14	Q3439377	award	1993-12-31
duboc-emile-1852-07-08	Q3588467	award	1885-02-27
duboc-emile-1852-07-08	Q3588467	award	1899-01-01
holshouser-james-1934-10-08	Q361695	award	2006-01-01
bonnet-amedee-1809-03-20	Q482167	award	1847-04-25
escarpit-robert-1918-04-24	Q508217	award	1985-01-01
edwards-alphonse-1835-10-13	Q542059	award	1884-01-01
bouet-willaumez-louis-1808-04-24	Q563318	award	1868-12-30
gondinet-edmond-1828-03-07	Q719997	award	1869-08-14
figuier-louis-1819-02-15	Q2571091	award	1885-01-01
brewer-leo-1919-06-13	Q11168465	award	1949-01-01
brewer-leo-1919-06-13	Q11168465	award	1971-01-01
brewer-leo-1919-06-13	Q11168465	award	1967-01-01
brewer-leo-1919-06-13	Q11168465	award	1961-01-01
le-double-anatole-1848-08-14	Q19629383	award	1898-01-01
delpech-auguste-1818-08-03	Q20240982	award	1845-01-01
wertheimer-emile-1852-07-24	Q33192442	award	1910-01-01
wertheimer-emile-1852-07-24	Q33192442	award	1912-01-01
clark-eleanor-1913-07-06	Q5354244	award	1947-01-01
clark-eleanor-1913-07-06	Q5354244	award	1950-01-01
clark-eleanor-1913-07-06	Q5354244	award	1965-01-01
pettit-auguste-1869-03-10	Q55239121	award	1917-01-01
ebert-paul-1932-08-11	Q7150449	award	1991-01-01
ebert-paul-1932-08-11	Q7150449	award	1989-01-01
holland-terry-1942-04-02	Q7704531	award	2002-01-01
sabatier-paul-1854-11-05	Q104575	award	1908-01-01
sabatier-paul-1854-11-05	Q104575	award	1913-01-01
sabatier-paul-1854-11-05	Q104575	award	1922-01-01
sabatier-paul-1854-11-05	Q104575	award	1933-01-01
sabatier-paul-1854-11-05	Q104575	award	1918-02-28
sabatier-paul-1854-11-05	Q104575	award	1912-12-10
sabatier-paul-1854-11-05	Q104575	award	1926-01-01
sabatier-paul-1854-11-05	Q104575	award	1931-01-01
sabatier-paul-1854-11-05	Q104575	award	1915-01-01
sabatier-paul-1854-11-05	Q104575	award	1905-01-01
sabatier-paul-1854-11-05	Q104575	award	1897-01-01
chevalier-maurice-1888-09-12	Q106001	award	1968-01-01
chevalier-maurice-1888-09-12	Q106001	award	1958-01-01
chevalier-maurice-1888-09-12	Q106001	award	1997-01-01
chevalier-maurice-1888-09-12	Q106001	award	2002-01-01
chevalier-maurice-1888-09-12	Q106001	award	1958-01-01
bush-robert-1926-10-04	Q127707	award	2001-01-01
bush-robert-1926-10-04	Q127707	award	2001-01-01
heckel-erich-1883-07-31	Q156700	award	1957-01-01
heckel-erich-1883-07-31	Q156700	award	1956-01-01
rodin-auguste-1840-11-12	Q30755	award	1906-01-01
rodin-auguste-1840-11-12	Q30755	award	1910-05-16
rodin-auguste-1840-11-12	Q30755	award	1907-01-01
rodin-auguste-1840-11-12	Q30755	award	1892-01-19
rodin-auguste-1840-11-12	Q30755	award	1887-12-31
rodin-auguste-1840-11-12	Q30755	award	1903-05-20
rodin-auguste-1840-11-12	Q30755	award	1905-01-01
bean-alan-1932-03-15	Q310924	award	1973-01-01
bean-alan-1932-03-15	Q310924	award	1970-01-01
bean-alan-1932-03-15	Q310924	award	1983-01-01
bean-alan-1932-03-15	Q310924	award	2010-01-01
weil-andre-1906-05-06	Q323232	award	1932-01-01
weil-andre-1906-05-06	Q323232	award	1980-01-01
weil-andre-1906-05-06	Q323232	award	1994-01-01
weil-andre-1906-05-06	Q323232	award	1979-01-01
weil-andre-1906-05-06	Q323232	award	1980-01-01
weil-andre-1906-05-06	Q323232	award	1935-01-01
weil-andre-1906-05-06	Q323232	award	1944-01-01
weil-andre-1906-05-06	Q323232	award	1952-01-01
weil-andre-1906-05-06	Q323232	award	1966-01-01
cotton-aime-1869-10-09	Q405699	award	1918-01-01
fellini-federico-1920-01-20	Q7371	award	1957-01-01
fellini-federico-1920-01-20	Q7371	award	1991-01-01
fellini-federico-1920-01-20	Q7371	award	1989-01-01
fellini-federico-1920-01-20	Q7371	award	1990-01-01
fellini-federico-1920-01-20	Q7371	award	1953-01-01
brongniart-adolphe-1801-01-14	Q73990	award	1841-01-01
brongniart-adolphe-1801-01-14	Q73990	award	1852-11-25
scheffel-victor-1826-02-16	Q9082	award	1874-01-01
moro-aldo-1916-09-23	Q171834	award	1970-01-01
moinot-pierre-1920-03-29	Q1235443	position	1982-01-21
moinot-pierre-1920-03-29	Q1235443	position	1983-01-01
riegle-donald-1938-02-04	Q1240457	position	1967-01-03
riegle-donald-1938-02-04	Q1240457	position	1981-01-03
riegle-donald-1938-02-04	Q1240457	position	1971-01-03
riegle-donald-1938-02-04	Q1240457	position	1989-01-03
riegle-donald-1938-02-04	Q1240457	position	1983-01-03
riegle-donald-1938-02-04	Q1240457	position	1977-01-03
riegle-donald-1938-02-04	Q1240457	position	1969-01-03
riegle-donald-1938-02-04	Q1240457	position	1987-01-03
riegle-donald-1938-02-04	Q1240457	position	1975-01-03
riegle-donald-1938-02-04	Q1240457	position	1976-12-30
riegle-donald-1938-02-04	Q1240457	position	1991-01-03
riegle-donald-1938-02-04	Q1240457	position	1993-01-03
riegle-donald-1938-02-04	Q1240457	position	1973-01-03
riegle-donald-1938-02-04	Q1240457	position	1985-01-03
riegle-donald-1938-02-04	Q1240457	position	1979-01-03
papen-franz-1879-10-29	Q150552	position	1939-01-01
papen-franz-1879-10-29	Q150552	position	1934-07-27
papen-franz-1879-10-29	Q150552	position	1932-06-01
papen-franz-1879-10-29	Q150552	position	1932-07-20
papen-franz-1879-10-29	Q150552	position	1933-01-30
papen-franz-1879-10-29	Q150552	position	1932-06-01
papen-franz-1879-10-29	Q150552	position	1933-01-30
lecat-jean-philippe-1935-07-29	Q1685157	position	1978-04-03
lecat-jean-philippe-1935-07-29	Q1685157	position	1978-04-05
lecat-jean-philippe-1935-07-29	Q1685157	position	1973-04-02
lecat-jean-philippe-1935-07-29	Q1685157	position	1968-07-11
moro-aldo-1916-09-23	Q171834	position	1958-06-05
moro-aldo-1916-09-23	Q171834	position	1964-12-28
moro-aldo-1916-09-23	Q171834	position	1972-05-17
moro-aldo-1916-09-23	Q171834	position	1966-02-23
moro-aldo-1916-09-23	Q171834	position	1970-03-28
moro-aldo-1916-09-23	Q171834	position	1972-02-18
moro-aldo-1916-09-23	Q171834	position	1953-06-18
moro-aldo-1916-09-23	Q171834	position	1963-12-04
moro-aldo-1916-09-23	Q171834	position	1968-05-29
moro-aldo-1916-09-23	Q171834	position	1955-07-06
moro-aldo-1916-09-23	Q171834	position	1964-07-22
moro-aldo-1916-09-23	Q171834	position	1948-04-27
moro-aldo-1916-09-23	Q171834	position	1965-12-30
moro-aldo-1916-09-23	Q171834	position	1973-07-08
moro-aldo-1916-09-23	Q171834	position	1976-06-30
moro-aldo-1916-09-23	Q171834	position	1974-11-23
moro-aldo-1916-09-23	Q171834	position	1970-08-06
moro-aldo-1916-09-23	Q171834	position	1969-08-06
moro-aldo-1916-09-23	Q171834	position	1976-02-12
moro-aldo-1916-09-23	Q171834	position	1963-05-09
moro-aldo-1916-09-23	Q171834	position	1958-07-02
moro-aldo-1916-09-23	Q171834	position	1957-05-20
moro-aldo-1916-09-23	Q171834	position	1974-03-15
d-annunzio-gabriele-1863-03-12	Q193236	position	1897-04-05
roussin-albert-1821-08-02	Q2831516	position	1877-11-23
gravelle-andre-1925-09-30	Q2847883	position	1973-04-02
laurent-augustin-1896-09-09	Q2871604	position	1946-12-16
laurent-augustin-1896-09-09	Q2871604	position	1947-01-01
laurent-augustin-1896-09-09	Q2871604	position	1945-01-01
laurent-augustin-1896-09-09	Q2871604	position	1945-01-01
laurent-augustin-1896-09-09	Q2871604	position	1955-01-01
laurent-augustin-1896-09-09	Q2871604	position	1967-01-01
laurent-augustin-1896-09-09	Q2871604	position	1944-09-10
laurent-augustin-1896-09-09	Q2871604	position	1936-01-01
laurent-augustin-1896-09-09	Q2871604	position	1955-01-01
danielou-charles-1878-07-13	Q2958846	position	1910-05-08
guibaud-eugene-1909-09-05	Q3059906	position	1966-01-01
desson-guy-1909-04-07	Q3121735	position	1967-04-03
desson-guy-1909-04-07	Q3121735	position	1947-11-13
desson-guy-1909-04-07	Q3121735	position	1950-01-01
bouchardeau-huguette-briaut-1935-06-01	Q3142783	position	1986-04-02
bouchardeau-huguette-briaut-1935-06-01	Q3142783	position	1988-06-23
bouchardeau-huguette-briaut-1935-06-01	Q3142783	position	1995-01-01
cotton-aime-1869-10-09	Q405699	position	1938-01-01
cotton-aime-1869-10-09	Q405699	position	1931-01-01
grasse-pierre-1895-11-27	Q592781	position	1941-01-01
grasse-pierre-1895-11-27	Q592781	position	1939-01-01
grasse-pierre-1895-11-27	Q592781	position	1967-01-01
ziegler-ronald-1939-05-12	Q706406	position	1969-01-20
mohrt-pierre-1914-04-28	Q727302	position	1985-04-18
brongniart-adolphe-1801-01-14	Q73990	position	1854-01-01
brongniart-adolphe-1801-01-14	Q73990	position	1847-01-01
tharaud-jean-1877-05-09	Q984359	position	1946-02-14
moinot-pierre-1920-03-29	Q1235443	award	1979-01-01
moinot-pierre-1920-03-29	Q1235443	award	1952-01-01
moinot-pierre-1920-03-29	Q1235443	award	1954-01-01
moinot-pierre-1920-03-29	Q1235443	award	1937-01-01
moinot-pierre-1920-03-29	Q1235443	award	1964-01-01
wilson-olin-1909-01-13	Q1383897	award	1977-01-01
wilson-olin-1909-01-13	Q1383897	award	1984-01-01
melchert-jim-1930-12-02	Q1689162	award	1988-01-01
saalfeld-martha-1898-01-15	Q1793727	award	1959-01-01
saalfeld-martha-1898-01-15	Q1793727	award	1955-01-01
comerre-leon-1850-10-10	Q1798144	award	1885-12-29
comerre-leon-1850-10-10	Q1798144	award	1875-01-01
comerre-leon-1850-10-10	Q1798144	award	1903-04-05
jourdan-louis-jean-1872-03-07	Q2419898	award	1927-01-01
jourdan-louis-jean-1872-03-07	Q2419898	award	1906-01-01
danielou-charles-1878-07-13	Q2958846	award	1937-01-01
danielou-charles-1878-07-13	Q2958846	award	1926-01-01
bonheur-gaston-tesseyre-1913-11-27	Q3098925	award	1964-01-01
bonheur-gaston-tesseyre-1913-11-27	Q3098925	award	1971-01-01
prouteau-gilbert-1917-06-14	Q3105834	award	1980-01-01
bouchardeau-huguette-briaut-1935-06-01	Q3142783	award	2014-01-01
bouchardeau-huguette-briaut-1935-06-01	Q3142783	award	2001-01-01
larteguy-jean-osty-lucien-1920-09-05	Q3173023	award	1955-01-01
larteguy-jean-osty-lucien-1920-09-05	Q3173023	award	2012-01-01
bompard-maurice-1857-02-11	Q3300449	award	1898-08-27
bompard-maurice-1857-02-11	Q3300449	award	1914-06-12
wolf-pierre-rene-1899-02-19	Q3383494	award	1949-08-02
wolf-pierre-rene-1899-02-19	Q3383494	award	1956-12-15
nolhac-pierre-1859-12-15	Q3387652	award	1894-01-01
derwall-josef-1927-03-10	Q523392	award	1989-01-01
wormser-andre-1851-11-01	Q523464	award	1875-01-01
mays-willie-1931-05-06	Q561852	award	1954-01-01
mays-willie-1931-05-06	Q561852	award	2007-01-01
mays-willie-1931-05-06	Q561852	award	1954-01-01
mays-willie-1931-05-06	Q561852	award	2015-01-01
mays-willie-1931-05-06	Q561852	award	1965-01-01
grasse-pierre-1895-11-27	Q592781	award	1967-01-01
grasse-pierre-1895-11-27	Q592781	award	1935-01-01
mohrt-pierre-1914-04-28	Q727302	award	1962-01-01
mohrt-pierre-1914-04-28	Q727302	award	2001-01-01
mohrt-pierre-1914-04-28	Q727302	award	1993-12-31
mohrt-pierre-1914-04-28	Q727302	award	1983-01-01
mohrt-pierre-1914-04-28	Q727302	award	1980-01-01
bataille-henry-1872-04-04	Q733257	award	1905-01-01
tharaud-jean-1877-05-09	Q984359	award	1906-01-01
tharaud-jean-1877-05-09	Q984359	award	1919-01-01
fontaine-rene-1899-06-05	Q2144623	award	1945-06-05
lecat-jean-philippe-1935-07-29	Q1685157	award	1987-01-01
larteguy-jean-osty-lucien-1920-09-05	Q3173023	award	1996-01-01
grasse-pierre-1895-11-27	Q592781	award	1977-01-01
mohrt-pierre-1914-04-28	Q727302	award	1992-01-01
prouteau-gilbert-1917-06-14	Q3105834	award	1942-01-01
prouteau-gilbert-1917-06-14	Q3105834	award	2009-01-01
moinot-pierre-1920-03-29	Q1235443	award	2004-01-01
moinot-pierre-1920-03-29	Q1235443	award	1997-01-01
mohrt-pierre-1914-04-28	Q727302	award	1970-01-01
lecadre-adolphe-1803-05-15	Q105833783	award	1849-01-01
lecadre-adolphe-1803-05-15	Q105833783	award	1871-01-01
nolhac-pierre-1859-12-15	Q3387652	award	1918-01-01
nolhac-pierre-1859-12-15	Q3387652	award	1892-01-01
nolhac-pierre-1859-12-15	Q3387652	award	1903-01-01
blanchard-raphael-1857-02-28	Q3419406	award	1912-01-01
blanchard-raphael-1857-02-28	Q3419406	award	1895-01-01
harcourt-robert-1881-11-23	Q3436607	award	1936-01-01
harcourt-robert-1881-11-23	Q3436607	award	1952-01-01
harcourt-robert-1881-11-23	Q3436607	award	1961-07-12
harcourt-robert-1881-11-23	Q3436607	award	1935-07-12
harcourt-robert-1881-11-23	Q3436607	award	1923-01-01
harcourt-robert-1881-11-23	Q3436607	award	1949-11-08
harcourt-robert-1881-11-23	Q3436607	award	1929-01-01
lavrut-louise-1874-02-28	Q41317630	award	1901-01-01
moquin-tandon-christian-1804-05-07	Q55068622	award	1843-04-28
boyer-adolphine-1864-10-11	Q55672442	award	1920-01-01
boyer-adolphine-1864-10-11	Q55672442	award	1930-01-01
skeggs-leonard-1918-06-09	Q63970095	award	1972-01-01
six-robert-1907-06-25	Q7349824	award	1980-01-01
sadoul-paul-1918-05-01	Q96578840	award	1994-04-01
delaunay-albert-1910-10-17	Q55239089	award	1960-01-01
lecadre-adolphe-1803-05-15	Q105833783	position	1866-01-01
lecadre-adolphe-1803-05-15	Q105833783	position	1852-01-01
lecadre-adolphe-1803-05-15	Q105833783	position	1872-01-01
lecadre-adolphe-1803-05-15	Q105833783	position	1880-01-01
burlot-andre-1897-08-06	Q17350067	position	1958-12-09
behier-louis-1813-08-26	Q19944952	position	1837-01-01
medecin-jacques-1928-05-05	Q3159629	position	1973-01-01
medecin-jacques-1928-05-05	Q3159629	position	1966-02-11
medecin-jacques-1928-05-05	Q3159629	position	1967-04-01
berot-jean-louis-1947-07-28	Q3166672	position	1993-01-01
raffarin-jean-1914-03-23	Q3174208	position	1951-06-17
raffarin-jean-1914-03-23	Q3174208	position	1949-01-01
raffarin-jean-1914-03-23	Q3174208	position	1947-01-01
raffarin-jean-1914-03-23	Q3174208	position	1954-06-19
vallon-louis-1901-08-12	Q3263250	position	1962-12-06
vallon-louis-1901-08-12	Q3263250	position	1951-06-17
vallon-louis-1901-08-12	Q3263250	position	1968-07-11
nolhac-pierre-1859-12-15	Q3387652	position	1922-06-15
nolhac-pierre-1859-12-15	Q3387652	position	1919-01-01
nolhac-pierre-1859-12-15	Q3387652	position	1882-01-01
nolhac-pierre-1859-12-15	Q3387652	position	1892-01-01
blanchard-raphael-1857-02-28	Q3419406	position	1902-01-01
blanchard-raphael-1857-02-28	Q3419406	position	1879-01-01
harcourt-robert-1881-11-23	Q3436607	position	1946-02-14
rochet-waldeck-1905-04-05	Q3565308	position	1968-07-11
rochet-waldeck-1905-04-05	Q3565308	position	1946-11-28
rochet-waldeck-1905-04-05	Q3565308	position	1946-06-11
rochet-waldeck-1905-04-05	Q3565308	position	1958-12-09
rochet-waldeck-1905-04-05	Q3565308	position	1951-07-05
rochet-waldeck-1905-04-05	Q3565308	position	1956-01-19
rochet-waldeck-1905-04-05	Q3565308	position	1945-11-06
rochet-waldeck-1905-04-05	Q3565308	position	1964-01-01
rochet-waldeck-1905-04-05	Q3565308	position	1962-12-06
rochet-waldeck-1905-04-05	Q3565308	position	1936-06-01
rochet-waldeck-1905-04-05	Q3565308	position	1967-04-03
lisbonne-emile-1876-06-20	Q3588624	position	1934-01-30
lisbonne-emile-1876-06-20	Q3588624	position	1924-01-06
lisbonne-emile-1876-06-20	Q3588624	position	1933-10-21
moquin-tandon-christian-1804-05-07	Q55068622	position	1857-01-01
boyer-adolphine-1864-10-11	Q55672442	position	1888-01-01
pichot-pierre-1918-10-03	Q55937428	position	1971-01-01
pichot-pierre-1918-10-03	Q55937428	position	1977-01-01
brouardel-georges-1869-05-06	Q86719770	position	1945-01-01
brouardel-georges-1869-05-06	Q86719770	position	1947-01-01
harcourt-robert-1881-11-23	Q3436607	position	1952-01-01
bouchardeau-huguette-briaut-1935-06-01	Q3142783	position	1970-01-01
stauffenberg-claus-1907-11-15	Q21209	award	1940-05-31
stauffenberg-claus-1907-11-15	Q21209	award	1943-05-08
vaughan-sarah-1924-03-27	Q229513	award	2012-01-01
vaughan-sarah-1924-03-27	Q229513	award	1989-01-01
channing-carol-1921-01-31	Q237287	award	1971-01-01
channing-carol-1921-01-31	Q237287	award	1968-01-01
channing-carol-1921-01-31	Q237287	award	1968-01-01
channing-carol-1921-01-31	Q237287	award	1964-01-01
channing-carol-1921-01-31	Q237287	award	1949-01-01
buisson-ferdinand-1841-12-20	Q273607	award	1927-01-01
buisson-ferdinand-1841-12-20	Q273607	award	1892-01-01
buisson-ferdinand-1841-12-20	Q273607	award	1924-01-01
bosley-tom-1927-10-01	Q333755	award	1960-01-01
stuck-franz-1863-02-23	Q45006	award	1905-01-01
stuck-franz-1863-02-23	Q45006	award	1902-01-01
brissaud-andre-1920-04-14	Q517289	award	1968-01-01
worden-alfred-1932-02-07	Q539385	award	1971-01-01
worden-alfred-1932-02-07	Q539385	award	1971-01-01
worden-alfred-1932-02-07	Q539385	award	1983-01-01
laguerre-edmond-1834-04-09	Q560815	award	1877-01-01
frossard-charles-1807-04-26	Q573644	award	1859-06-25
dorpfeld-wilhelm-1853-12-26	Q60239	award	1911-01-01
dorpfeld-wilhelm-1853-12-26	Q60239	award	1933-12-26
langgasser-elisabeth-1899-02-23	Q68501	award	1950-01-01
butkus-dick-1942-12-09	Q715511	award	1963-01-01
joxe-louis-1901-09-16	Q822594	award	1959-07-13
einstein-albert-1879-03-14	Q937	award	1921-01-01
einstein-albert-1879-03-14	Q937	award	1923-01-01
einstein-albert-1879-03-14	Q937	award	1949-01-01
einstein-albert-1879-03-14	Q937	award	1935-01-01
einstein-albert-1879-03-14	Q937	award	1928-01-01
einstein-albert-1879-03-14	Q937	award	1921-01-01
einstein-albert-1879-03-14	Q937	award	2008-01-01
einstein-albert-1879-03-14	Q937	award	1929-01-01
einstein-albert-1879-03-14	Q937	award	1926-01-01
einstein-albert-1879-03-14	Q937	award	1921-05-05
einstein-albert-1879-03-14	Q937	award	1920-01-01
einstein-albert-1879-03-14	Q937	award	2009-01-01
einstein-albert-1879-03-14	Q937	award	1934-01-01
einstein-albert-1879-03-14	Q937	award	1931-01-01
einstein-albert-1879-03-14	Q937	award	1925-01-01
lichnowsky-mechthilde-1879-03-08	Q95272	award	1953-01-01
stauffenberg-claus-1907-11-15	Q21209	award	1936-10-02
stauffenberg-claus-1907-11-15	Q21209	award	1938-04-01
stauffenberg-claus-1907-11-15	Q21209	award	1943-04-20
laguerre-edmond-1834-04-09	Q560815	award	1882-01-01
laguerre-edmond-1834-04-09	Q560815	award	1870-01-01
einstein-albert-1879-03-14	Q937	award	1921-01-01
munch-charles-1891-09-26	Q503940	award	1939-01-01
munch-charles-1891-09-26	Q503940	award	1947-01-01
munch-charles-1891-09-26	Q503940	award	1952-01-01
munch-charles-1891-09-26	Q503940	award	1967-01-01
mouton-adrien-1902-02-12	Q16026167	position	1945-11-06
cagne-jean-1907-08-24	Q17350488	position	1951-06-17
delmotte-paul-1903-04-29	Q23005245	position	1947-01-01
delmotte-paul-1903-04-29	Q23005245	position	1945-01-01
delmotte-paul-1903-04-29	Q23005245	position	1951-06-17
zeiller-rene-1847-01-14	Q5400253	position	1904-01-01
zeiller-rene-1847-01-14	Q5400253	position	1912-01-01
lapersonne-felix-joseph-1853-09-29	Q5511657	position	1931-01-01
kilian-wilfrid-1862-06-15	Q5908934	position	1889-01-01
kilian-wilfrid-1862-06-15	Q5908934	position	1892-01-01
sebileau-pierre-1860-10-18	Q7192445	position	1922-01-01
deroulede-paul-1846-09-02	Q1094964	position	1898-05-08
deroulede-paul-1846-09-02	Q1094964	position	1889-09-22
toja-jacques-1929-09-01	Q1613544	position	1960-01-01
stauffenberg-claus-1907-11-15	Q21209	position	1938-07-01
stauffenberg-claus-1907-11-15	Q21209	position	1943-03-01
christophle-albert-charles-1830-07-13	Q2190717	position	1870-01-01
leber-walter-1918-09-12	Q2545721	position	1967-02-21
billeres-rene-1910-08-29	Q2676536	position	1958-12-09
billeres-rene-1910-08-29	Q2676536	position	1968-07-11
billeres-rene-1910-08-29	Q2676536	position	1967-04-03
billeres-rene-1910-08-29	Q2676536	position	1962-12-06
morand-paul-1888-03-13	Q272	position	1942-01-01
morand-paul-1888-03-13	Q272	position	1944-01-01
morand-paul-1888-03-13	Q272	position	1968-10-24
buisson-ferdinand-1841-12-20	Q273607	position	1914-01-01
buisson-ferdinand-1841-12-20	Q273607	position	1902-05-11
buisson-ferdinand-1841-12-20	Q273607	position	1902-01-01
couveley-adolphe-1802-11-16	Q2824751	position	1846-01-01
couvelaire-alexandre-1873-09-02	Q2833564	position	1914-01-01
joubert-auguste-1903-04-07	Q2871244	position	1964-01-01
dassonville-gaston-1893-03-16	Q3098965	position	1945-10-21
revers-georges-1891-07-30	Q3103399	position	1947-03-11
dorey-henri-1907-02-12	Q3130987	position	1958-12-09
jouvenel-henry-de-1876-04-02	Q3133192	position	1921-01-09
jouvenel-henry-de-1876-04-02	Q3133192	position	1925-01-01
jouvenel-henry-de-1876-04-02	Q3133192	position	1934-01-30
jouvenel-henry-de-1876-04-02	Q3133192	position	1924-03-29
jouvenel-henry-de-1876-04-02	Q3133192	position	1933-01-01
le-roy-ladurie-jacques-1902-03-28	Q3159326	position	1928-01-01
le-roy-ladurie-jacques-1902-03-28	Q3159326	position	1958-12-09
le-roy-ladurie-jacques-1902-03-28	Q3159326	position	1942-04-17
le-roy-ladurie-jacques-1902-03-28	Q3159326	position	1951-06-17
guillebon-jacques-de-1909-10-13	Q3160281	position	1966-01-01
guillebon-jacques-de-1909-10-13	Q3160281	position	1957-01-01
bassot-jean-1841-04-06	Q3170394	position	1904-01-01
touzet-du-vigier-jean-1888-10-10	Q3174837	position	1960-01-01
kahn-louis-1895-11-13	Q3262394	position	1950-01-01
kahn-louis-1895-11-13	Q3262394	position	1963-01-01
kahn-louis-1895-11-13	Q3262394	position	1959-01-01
descaves-lucien-1861-03-18	Q3265472	position	1945-01-01
lapie-pierre-1901-04-02	Q3383432	position	1949-08-13
alexandre-rene-1885-12-22	Q3425745	position	1920-01-01
alexandre-rene-1885-12-22	Q3425745	position	1935-01-01
francois-poncet-andre-1887-06-13	Q518576	position	1955-05-05
francois-poncet-andre-1887-06-13	Q518576	position	1957-01-01
francois-poncet-andre-1887-06-13	Q518576	position	1949-09-21
francois-poncet-andre-1887-06-13	Q518576	position	1952-05-15
zeiller-rene-1847-01-14	Q5400253	position	1911-10-01
zeiller-rene-1847-01-14	Q5400253	position	1899-01-01
zeiller-rene-1847-01-14	Q5400253	position	1878-01-01
zeiller-rene-1847-01-14	Q5400253	position	1893-01-01
zeiller-rene-1847-01-14	Q5400253	position	1884-07-16
zeiller-rene-1847-01-14	Q5400253	position	1909-01-01
zeiller-rene-1847-01-14	Q5400253	position	1903-08-01
laguerre-edmond-1834-04-09	Q560815	position	1881-01-01
joxe-louis-1901-09-16	Q822594	position	1977-10-01
joxe-louis-1901-09-16	Q822594	position	1935-01-01
joxe-louis-1901-09-16	Q822594	position	1968-07-11
joxe-louis-1901-09-16	Q822594	position	1952-01-01
joxe-louis-1901-09-16	Q822594	position	1967-04-03
joxe-louis-1901-09-16	Q822594	position	1955-01-01
joxe-louis-1901-09-16	Q822594	position	1967-04-05
joxe-louis-1901-09-16	Q822594	position	1977-11-04
joxe-louis-1901-09-16	Q822594	position	1973-04-02
evans-daniel-1925-10-16	Q880613	position	1987-01-03
evans-daniel-1925-10-16	Q880613	position	1957-01-14
evans-daniel-1925-10-16	Q880613	position	1965-01-11
evans-daniel-1925-10-16	Q880613	position	1983-09-08
evans-daniel-1925-10-16	Q880613	position	1985-01-03
einstein-albert-1879-03-14	Q937	position	1911-01-01
descaves-lucien-1861-03-18	Q3265472	position	1919-01-01
morand-paul-1888-03-13	Q272	position	1938-01-01
guillebon-jacques-de-1909-10-13	Q3160281	position	1966-01-01
jouvenel-henry-de-1876-04-02	Q3133192	position	1935-01-01
pirolley-rene-1931-10-17	Q20787677	award	1996-05-13
maissant-jean-1926-01-23	Q47208212	award	1996-07-12
lapersonne-felix-joseph-1853-09-29	Q5511657	award	1913-08-07
lapersonne-felix-joseph-1853-09-29	Q5511657	award	1921-04-20
lesage-adolphe-augustin-1862-05-22	Q55238868	award	1937-01-01
druelle-andre-1895-02-05	Q56881061	award	1943-01-01
francois-franck-charles-1849-05-07	Q5740019	award	1889-01-01
francois-franck-charles-1849-05-07	Q5740019	award	1891-04-08
kilian-wilfrid-1862-06-15	Q5908934	award	1909-10-08
kilian-wilfrid-1862-06-15	Q5908934	award	1923-10-01
kilian-wilfrid-1862-06-15	Q5908934	award	1893-01-01
deroulede-paul-1846-09-02	Q1094964	award	1873-01-01
deroulede-paul-1846-09-02	Q1094964	award	1894-01-01
gifford-frank-1930-08-16	Q1261570	award	1962-01-01
gifford-frank-1930-08-16	Q1261570	award	1951-01-01
gifford-frank-1930-08-16	Q1261570	award	2008-01-01
gifford-frank-1930-08-16	Q1261570	award	1956-01-01
buchard-georges-1893-12-21	Q1369056	award	1952-01-01
toja-jacques-1929-09-01	Q1613544	award	1994-12-03
couveley-adolphe-1802-11-16	Q2824751	award	1859-01-01
gilles-alain-1945-05-05	Q2829859	award	1995-07-13
peysson-anne-marie-1935-07-24	Q2850883	award	1994-05-14
le-mouel-eugene-louis-1859-03-24	Q3059977	award	1891-01-01
zuber-jean-1844-06-24	Q3132193	award	1906-01-01
zuber-jean-1844-06-24	Q3132193	award	1886-01-01
guillebon-jacques-de-1909-10-13	Q3160281	award	1941-07-14
bassot-jean-1841-04-06	Q3170394	award	1883-01-01
kahn-louis-1895-11-13	Q3262394	award	1950-01-01
alexandre-rene-1885-12-22	Q3425745	award	1917-09-01
veau-victor-emile-1871-12-08	Q3557624	award	1947-07-31
zeiller-rene-1847-01-14	Q5400253	award	1914-08-07
zeiller-rene-1847-01-14	Q5400253	award	1881-07-11
zeiller-rene-1847-01-14	Q5400253	award	1901-07-25
barbotin-william-1861-08-25	Q5478336	award	1903-04-01
lapersonne-felix-joseph-1853-09-29	Q5511657	award	1900-08-11
le-mouel-eugene-louis-1859-03-24	Q3059977	award	1894-01-01
jacquet-gustave-1846-05-25	Q1556716	award	1879-01-01
de-gasperi-alcide-1881-04-03	Q153832	award	1951-01-01
de-gasperi-alcide-1881-04-03	Q153832	award	1952-09-24
de-gasperi-alcide-1881-04-03	Q153832	award	1948-03-30
barthe-gratien-1828-06-07	Q200458	award	1854-01-01
aaron-henry-1934-02-05	Q215777	award	2003-01-01
aaron-henry-1934-02-05	Q215777	award	2001-01-08
aaron-henry-1934-02-05	Q215777	award	1957-01-01
aaron-henry-1934-02-05	Q215777	award	1975-01-01
aaron-henry-1934-02-05	Q215777	award	2002-01-01
abbema-louise-1853-10-30	Q237911	award	1900-01-01
aury-dominique-desclos-a-1907-09-23	Q253288	award	1960-01-01
aury-dominique-desclos-a-1907-09-23	Q253288	award	1955-01-01
aury-dominique-desclos-a-1907-09-23	Q253288	award	1956-01-01
ginzburg-natalia-1916-07-14	Q275985	award	1984-01-01
ginzburg-natalia-1916-07-14	Q275985	award	1963-01-01
ginzburg-natalia-1916-07-14	Q275985	award	1952-01-01
lewis-jerry-1926-03-16	Q294927	award	2009-02-22
lewis-jerry-1926-03-16	Q294927	award	2010-01-07
lewis-jerry-1926-03-16	Q294927	award	2013-12-13
lewis-jerry-1926-03-16	Q294927	award	2009-01-01
marconi-guglielmo-1874-04-25	Q36488	award	1909-01-01
marconi-guglielmo-1874-04-25	Q36488	award	1912-01-01
marconi-guglielmo-1874-04-25	Q36488	award	1975-01-01
marconi-guglielmo-1874-04-25	Q36488	award	1923-01-01
marconi-guglielmo-1874-04-25	Q36488	award	1914-01-01
marconi-guglielmo-1874-04-25	Q36488	award	1934-01-01
marconi-guglielmo-1874-04-25	Q36488	award	1899-01-01
marconi-guglielmo-1874-04-25	Q36488	award	1931-01-01
marconi-guglielmo-1874-04-25	Q36488	award	1920-01-01
marconi-guglielmo-1874-04-25	Q36488	award	1928-01-01
marconi-guglielmo-1874-04-25	Q36488	award	1918-01-01
marconi-guglielmo-1874-04-25	Q36488	award	2009-01-01
marconi-guglielmo-1874-04-25	Q36488	award	1901-01-01
hertz-heinrich-1857-02-22	Q41257	award	1889-01-01
hertz-heinrich-1857-02-22	Q41257	award	1888-01-01
hertz-heinrich-1857-02-22	Q41257	award	2001-01-01
hertz-heinrich-1857-02-22	Q41257	award	1890-01-01
hertz-heinrich-1857-02-22	Q41257	award	1887-01-01
eucken-rudolf-1846-01-05	Q47695	award	1908-01-01
treitschke-heinrich-1834-09-15	Q62400	award	1884-01-01
treitschke-heinrich-1834-09-15	Q62400	award	1887-01-01
schmid-carlo-1896-12-03	Q67511	award	1976-01-01
schmid-carlo-1896-12-03	Q67511	award	1967-01-01
schmid-carlo-1896-12-03	Q67511	award	1973-01-01
schmid-carlo-1896-12-03	Q67511	award	1958-01-01
schmid-carlo-1896-12-03	Q67511	award	1955-01-01
bosch-robert-1861-09-23	Q71032	award	1931-09-23
miller-oskar-1855-05-07	Q76456	award	1930-05-07
miller-oskar-1855-05-07	Q76456	award	1925-01-01
miller-oskar-1855-05-07	Q76456	award	1906-01-01
miller-oskar-1855-05-07	Q76456	award	1925-01-01
miller-oskar-1855-05-07	Q76456	award	1927-01-01
miller-oskar-1855-05-07	Q76456	award	1930-01-01
miller-oskar-1855-05-07	Q76456	award	1925-01-01
miller-oskar-1855-05-07	Q76456	award	1921-01-01
eyth-max-1836-05-06	Q78267	award	1905-01-01
eyth-max-1836-05-06	Q78267	award	1896-01-01
aaron-henry-1934-02-05	Q215777	award	1999-01-01
aaron-henry-1934-02-05	Q215777	award	2011-01-01
aaron-henry-1934-02-05	Q215777	award	2016-01-01
de-gasperi-alcide-1881-04-03	Q153832	award	1954-01-20
aaron-henry-1934-02-05	Q215777	award	1982-01-01
aury-dominique-desclos-a-1907-09-23	Q253288	award	1958-01-01
hertz-heinrich-1857-02-22	Q41257	award	1890-01-01
miller-oskar-1855-05-07	Q76456	award	1902-01-01
lubin-georges-1904-01-24	Q1508992	position	1963-01-01
lubin-georges-1904-01-24	Q1508992	position	1981-01-01
de-gasperi-alcide-1881-04-03	Q153832	position	1950-01-27
de-gasperi-alcide-1881-04-03	Q153832	position	1953-07-16
de-gasperi-alcide-1881-04-03	Q153832	position	1951-07-26
de-gasperi-alcide-1881-04-03	Q153832	position	1951-07-26
de-gasperi-alcide-1881-04-03	Q153832	position	1924-05-24
de-gasperi-alcide-1881-04-03	Q153832	position	1946-07-14
de-gasperi-alcide-1881-04-03	Q153832	position	1954-01-01
de-gasperi-alcide-1881-04-03	Q153832	position	1945-12-10
de-gasperi-alcide-1881-04-03	Q153832	position	1953-07-16
de-gasperi-alcide-1881-04-03	Q153832	position	1951-07-26
de-gasperi-alcide-1881-04-03	Q153832	position	1946-06-13
de-gasperi-alcide-1881-04-03	Q153832	position	1921-06-11
de-gasperi-alcide-1881-04-03	Q153832	position	1948-05-23
de-gasperi-alcide-1881-04-03	Q153832	position	1944-12-11
de-gasperi-alcide-1881-04-03	Q153832	position	1946-07-14
de-gasperi-alcide-1881-04-03	Q153832	position	1945-08-10
de-gasperi-alcide-1881-04-03	Q153832	position	1950-01-27
de-gasperi-alcide-1881-04-03	Q153832	position	1948-05-24
de-gasperi-alcide-1881-04-03	Q153832	position	1946-06-25
de-gasperi-alcide-1881-04-03	Q153832	position	1945-12-10
de-gasperi-alcide-1881-04-03	Q153832	position	1948-05-08
de-gasperi-alcide-1881-04-03	Q153832	position	1953-06-25
de-gasperi-alcide-1881-04-03	Q153832	position	1947-05-31
de-gasperi-alcide-1881-04-03	Q153832	position	1944-06-18
de-gasperi-alcide-1881-04-03	Q153832	position	1947-02-02
de-gasperi-alcide-1881-04-03	Q153832	position	1947-02-02
de-gasperi-alcide-1881-04-03	Q153832	position	1946-06-13
de-gasperi-alcide-1881-04-03	Q153832	position	1946-07-14
de-gasperi-alcide-1881-04-03	Q153832	position	1947-06-01
cranston-alan-1914-06-19	Q1994957	position	1977-01-03
cranston-alan-1914-06-19	Q1994957	position	1985-01-03
cranston-alan-1914-06-19	Q1994957	position	1975-01-03
cranston-alan-1914-06-19	Q1994957	position	1971-01-03
cranston-alan-1914-06-19	Q1994957	position	1991-01-03
cranston-alan-1914-06-19	Q1994957	position	1989-01-03
cranston-alan-1914-06-19	Q1994957	position	1981-01-03
cranston-alan-1914-06-19	Q1994957	position	1979-01-03
cranston-alan-1914-06-19	Q1994957	position	1983-01-03
cranston-alan-1914-06-19	Q1994957	position	1987-01-03
cranston-alan-1914-06-19	Q1994957	position	1973-01-03
cranston-alan-1914-06-19	Q1994957	position	1969-01-03
eagleburger-lawrence-1930-08-01	Q210308	position	1981-05-14
eagleburger-lawrence-1930-08-01	Q210308	position	1992-08-23
eagleburger-lawrence-1930-08-01	Q210308	position	1982-02-11
eagleburger-lawrence-1930-08-01	Q210308	position	1977-06-21
eagleburger-lawrence-1930-08-01	Q210308	position	1992-12-08
eagleburger-lawrence-1930-08-01	Q210308	position	1989-01-20
aury-dominique-desclos-a-1907-09-23	Q253288	position	1953-01-01
ginzburg-natalia-1916-07-14	Q275985	position	1987-06-25
ginzburg-natalia-1916-07-14	Q275985	position	1983-07-12
volcker-paul-1927-09-05	Q349785	position	1969-01-01
volcker-paul-1927-09-05	Q349785	position	1979-08-06
volcker-paul-1927-09-05	Q349785	position	1975-05-02
marconi-guglielmo-1874-04-25	Q36488	position	1914-12-30
fraunhofer-joseph-1787-03-06	Q43948	position	1824-01-01
chabaud-latour-francois-1804-01-25	Q44119	position	1874-07-20
chabaud-latour-francois-1804-01-25	Q44119	position	1871-02-08
chabaud-latour-francois-1804-01-25	Q44119	position	1874-01-01
chabaud-latour-francois-1804-01-25	Q44119	position	1874-01-01
chabaud-latour-francois-1804-01-25	Q44119	position	1877-11-15
faye-herve-1814-10-01	Q472118	position	1872-01-01
eucken-rudolf-1846-01-05	Q47695	position	1886-10-01
eucken-rudolf-1846-01-05	Q47695	position	1879-10-01
eucken-rudolf-1846-01-05	Q47695	position	1898-10-01
guitton-jean-1901-08-18	Q551761	position	1961-06-08
treitschke-heinrich-1834-09-15	Q62400	position	1886-01-01
treitschke-heinrich-1834-09-15	Q62400	position	1878-01-01
treitschke-heinrich-1834-09-15	Q62400	position	1871-01-01
schmid-carlo-1896-12-03	Q67511	position	1953-10-06
schmid-carlo-1896-12-03	Q67511	position	1949-09-07
schmid-carlo-1896-12-03	Q67511	position	1969-10-20
schmid-carlo-1896-12-03	Q67511	position	1970-01-22
schmid-carlo-1896-12-03	Q67511	position	1965-10-19
schmid-carlo-1896-12-03	Q67511	position	1972-05-15
schmid-carlo-1896-12-03	Q67511	position	1961-10-17
schmid-carlo-1896-12-03	Q67511	position	1950-08-07
schmid-carlo-1896-12-03	Q67511	position	1957-10-15
bougle-celestin-1870-06-01	Q710052	position	1935-01-01
bougle-celestin-1870-06-01	Q710052	position	1927-01-01
bougle-celestin-1870-06-01	Q710052	position	1927-01-01
chevalier-auguste-1873-06-23	Q766644	position	1953-01-01
carnot-marie-1839-01-27	Q905471	position	1901-01-01
carnot-marie-1839-01-27	Q905471	position	1902-01-01
carnot-marie-1839-01-27	Q905471	position	1901-01-01
carnot-marie-1839-01-27	Q905471	position	1890-01-01
carnot-marie-1839-01-27	Q905471	position	1897-01-01
aubert-louis-1877-02-19	Q962731	position	1958-01-01
lebon-albert-1908-06-01	Q108921990	award	1945-01-01
roy-herve-1912-10-08	Q44103161	award	1993-01-01
garrett-george-1929-06-11	Q5539634	award	1990-01-01
coste-pierre-1873-02-03	Q60485549	award	1933-01-01
gautier-armand-1837-09-23	Q15406933	position	1911-01-01
cranston-alan-1914-06-19	Q1994957	position	1959-01-01
chichery-albert-1888-10-12	Q2831044	position	1940-06-05
chichery-albert-1888-10-12	Q2831044	position	1940-06-16
cornu-andre-1892-06-27	Q2847553	position	1953-01-10
cornu-andre-1892-06-27	Q2847553	position	1924-01-01
cornu-andre-1892-06-27	Q2847553	position	1951-08-11
cornu-andre-1892-06-27	Q2847553	position	1919-01-01
cornu-andre-1892-06-27	Q2847553	position	1945-01-01
cornu-andre-1892-06-27	Q2847553	position	1953-05-03
cornu-andre-1892-06-27	Q2847553	position	1953-07-02
cornu-andre-1892-06-27	Q2847553	position	1932-06-01
cornu-andre-1892-06-27	Q2847553	position	1952-03-14
cornu-andre-1892-06-27	Q2847553	position	1946-01-01
cornu-andre-1892-06-27	Q2847553	position	1923-01-01
cornu-andre-1892-06-27	Q2847553	position	1948-11-07
lallemand-charles-1857-03-07	Q2959552	position	1926-01-01
lallemand-charles-1857-03-07	Q2959552	position	1925-01-01
got-edmond-1822-10-01	Q3047850	position	1850-01-01
got-edmond-1822-10-01	Q3047850	position	1873-01-01
jeanneney-jules-1864-07-06	Q3188688	position	1906-06-01
jeanneney-jules-1864-07-06	Q3188688	position	1902-06-01
jeanneney-jules-1864-07-06	Q3188688	position	1896-01-01
jeanneney-jules-1864-07-06	Q3188688	position	1909-01-03
siegfried-jules-1837-02-12	Q3188910	position	1878-09-04
siegfried-jules-1837-02-12	Q3188910	position	1902-05-11
siegfried-jules-1837-02-12	Q3188910	position	1885-10-04
siegfried-jules-1837-02-12	Q3188910	position	1897-10-21
siegfried-jules-1837-02-12	Q3188910	position	1892-12-06
siegfried-jules-1837-02-12	Q3188910	position	1897-08-08
troost-louis-1825-10-17	Q3262363	position	1905-01-01
mougeot-leon-1857-11-10	Q3271218	position	1906-06-01
mougeot-leon-1857-11-10	Q3271218	position	1888-01-01
mougeot-leon-1857-11-10	Q3271218	position	1898-06-01
mougeot-leon-1857-11-10	Q3271218	position	1893-10-15
mougeot-leon-1857-11-10	Q3271218	position	1908-08-02
mougeot-leon-1857-11-10	Q3271218	position	1906-01-01
mougeot-leon-1857-11-10	Q3271218	position	1898-01-01
mougeot-leon-1857-11-10	Q3271218	position	1902-06-01
barbier-pierre-1912-01-02	Q3383859	position	1959-03-01
barbier-pierre-1912-01-02	Q3383859	position	1958-01-01
barbier-pierre-1912-01-02	Q3383859	position	1965-09-26
barbier-pierre-1912-01-02	Q3383859	position	1956-01-01
barbier-pierre-1912-01-02	Q3383859	position	1953-03-01
barbier-pierre-1912-01-02	Q3383859	position	1959-01-01
busnel-robert-1914-09-14	Q3384916	position	1966-01-01
casagrande-eugenio-1892-09-03	Q3734306	position	1924-05-24
bosio-antonio-1885-03-01	Q48804507	position	1933-11-23
cornu-andre-1892-06-27	Q2847553	position	1921-01-01
busnel-robert-1914-09-14	Q3384916	position	1984-01-01
lubin-georges-1904-01-24	Q1508992	award	1970-01-01
vuillermoz-louis-1869-02-13	Q1871397	award	1900-01-01
lalanne-maxime-1827-11-27	Q2059329	award	1875-01-01
bardon-andre-1901-01-10	Q2847200	award	1956-08-14
lallemand-charles-1857-03-07	Q2959552	award	1924-01-01
lallemand-charles-1857-03-07	Q2959552	award	1905-01-01
lallemand-charles-1857-03-07	Q2959552	award	1889-01-01
got-edmond-1822-10-01	Q3047850	award	1881-08-04
aubarede-gabriel-d-1898-09-28	Q3094002	award	1989-01-01
aubarede-gabriel-d-1898-09-28	Q3094002	award	1959-01-01
bouligand-georges-1889-10-13	Q3102352	award	1948-01-01
siegfried-jules-1837-02-12	Q3188910	award	1919-01-01
barety-leon-1883-10-18	Q3270710	award	1930-01-01
sablon-jean-1906-03-25	Q330824	award	1937-01-01
protais-alexandre-1825-10-17	Q3370449	award	1967-08-12
protais-alexandre-1825-10-17	Q3370449	award	1877-04-10
vernier-pierre-rayer-1931-05-25	Q338617	award	2016-05-13
sartin-pierette-1911-11-10	Q3387903	award	1973-01-01
sartin-pierette-1911-11-10	Q3387903	award	1965-01-01
sartin-pierette-1911-11-10	Q3387903	award	1960-01-01
sartin-pierette-1911-11-10	Q3387903	award	1980-01-01
volcker-paul-1927-09-05	Q349785	award	2013-01-01
volcker-paul-1927-09-05	Q349785	award	1986-05-09
volcker-paul-1927-09-05	Q349785	award	2021-01-01
volcker-paul-1927-09-05	Q349785	award	2008-05-11
volcker-paul-1927-09-05	Q349785	award	1987-01-01
volcker-paul-1927-09-05	Q349785	award	2012-01-01
faye-herve-1814-10-01	Q472118	award	1843-01-01
guitton-jean-1901-08-18	Q551761	award	1949-01-01
guitton-jean-1901-08-18	Q551761	award	1970-01-01
guitton-jean-1901-08-18	Q551761	award	1941-01-01
guitton-jean-1901-08-18	Q551761	award	1954-01-01
guitton-jean-1901-08-18	Q551761	award	1934-01-01
guitton-jean-1901-08-18	Q551761	award	1942-01-01
guitton-jean-1901-08-18	Q551761	award	1989-01-01
devos-raymond-1922-11-09	Q686316	award	1986-01-01
devos-raymond-1922-11-09	Q686316	award	1989-01-01
devos-raymond-1922-11-09	Q686316	award	2000-01-01
devos-raymond-1922-11-09	Q686316	award	1994-01-01
devos-raymond-1922-11-09	Q686316	award	1987-01-01
devos-raymond-1922-11-09	Q686316	award	1975-01-01
devos-raymond-1922-11-09	Q686316	award	1995-01-01
devos-raymond-1922-11-09	Q686316	award	2000-01-01
bougle-celestin-1870-06-01	Q710052	award	1920-09-30
bougle-celestin-1870-06-01	Q710052	award	1938-12-15
bougle-celestin-1870-06-01	Q710052	award	1926-08-22
andre-georges-1889-02-08	Q499288	award	1949-01-01
busnel-robert-1914-09-14	Q3384916	award	1988-01-01
montehus-brunschwig-1872-07-09	Q352008	award	1947-01-01
lubin-georges-1904-01-24	Q1508992	award	1987-01-01
cole-nat-king-1919-03-17	Q137042	award	1990-01-01
cole-nat-king-1919-03-17	Q137042	award	2007-01-01
cole-nat-king-1919-03-17	Q137042	award	2000-01-01
renan-ernest-1823-02-28	Q157155	award	1847-01-01
renan-ernest-1823-02-28	Q157155	award	1888-01-01
liebermann-max-1847-07-20	Q158062	award	1925-01-01
liebermann-max-1847-07-20	Q158062	award	1927-07-20
gardner-ava-1922-12-24	Q164487	award	1964-01-01
mitterrand-francois-1916-10-26	Q2038	award	1983-11-10
mitterrand-francois-1916-10-26	Q2038	award	1943-08-16
mitterrand-francois-1916-10-26	Q2038	award	1982-01-01
mitterrand-francois-1916-10-26	Q2038	award	1947-03-31
mitterrand-francois-1916-10-26	Q2038	award	1992-01-01
mitterrand-francois-1916-10-26	Q2038	award	1982-07-05
mitterrand-francois-1916-10-26	Q2038	award	1992-01-01
mitterrand-francois-1916-10-26	Q2038	award	1988-11-01
mitterrand-francois-1916-10-26	Q2038	award	1981-01-01
mitterrand-francois-1916-10-26	Q2038	award	1982-01-01
mitterrand-francois-1916-10-26	Q2038	award	1982-01-01
foreman-george-1949-01-10	Q213919	award	1984-01-01
foreman-george-1949-01-10	Q213919	award	1994-01-01
foreman-george-1949-01-10	Q213919	award	1994-01-01
kelly-grace-1929-11-12	Q3925	award	1954-01-01
kelly-grace-1929-11-12	Q3925	award	1955-03-30
kelly-grace-1929-11-12	Q3925	award	1954-01-01
kelly-grace-1929-11-12	Q3925	award	1953-01-01
kelly-grace-1929-11-12	Q3925	award	1950-01-01
buhler-karl-1879-05-27	Q58851	award	1959-01-01
buhler-karl-1879-05-27	Q58851	award	1961-01-01
kaschnitz-von-weinberg-marie-luise-1901-01-31	Q62365	award	1973-01-01
kaschnitz-von-weinberg-marie-luise-1901-01-31	Q62365	award	1964-01-01
kaschnitz-von-weinberg-marie-luise-1901-01-31	Q62365	award	1966-01-01
kaschnitz-von-weinberg-marie-luise-1901-01-31	Q62365	award	1971-01-01
kaschnitz-von-weinberg-marie-luise-1901-01-31	Q62365	award	1957-01-01
kaschnitz-von-weinberg-marie-luise-1901-01-31	Q62365	award	1955-01-01
krauss-werner-1884-06-23	Q63051	award	1938-01-01
krauss-werner-1884-06-23	Q63051	award	1934-01-01
mitterrand-francois-1916-10-26	Q2038	award	1984-01-01
foreman-george-1949-01-10	Q213919	award	2003-01-01
mitterrand-francois-1916-10-26	Q2038	award	1984-01-01
foreman-george-1949-01-10	Q213919	award	1994-01-01
foreman-george-1949-01-10	Q213919	award	1973-01-01
foreman-george-1949-01-10	Q213919	award	1976-01-01
foreman-george-1949-01-10	Q213919	award	1973-01-01
foreman-george-1949-01-10	Q213919	award	1994-01-01
foreman-george-1949-01-10	Q213919	award	1970-01-01
kaschnitz-von-weinberg-marie-luise-1901-01-31	Q62365	award	1970-01-01
mitterrand-francois-1916-10-26	Q2038	award	1984-01-01
marcellin-raymond-1914-08-19	Q1347314	position	1981-07-02
marcellin-raymond-1914-08-19	Q1347314	position	1951-07-05
marcellin-raymond-1914-08-19	Q1347314	position	1962-12-06
marcellin-raymond-1914-08-19	Q1347314	position	1965-01-01
marcellin-raymond-1914-08-19	Q1347314	position	1956-01-19
marcellin-raymond-1914-08-19	Q1347314	position	1974-01-01
marcellin-raymond-1914-08-19	Q1347314	position	1974-03-02
marcellin-raymond-1914-08-19	Q1347314	position	1969-06-20
marcellin-raymond-1914-08-19	Q1347314	position	1968-07-10
marcellin-raymond-1914-08-19	Q1347314	position	1973-04-02
marcellin-raymond-1914-08-19	Q1347314	position	1958-12-09
marcellin-raymond-1914-08-19	Q1347314	position	1974-01-01
marcellin-raymond-1914-08-19	Q1347314	position	1953-01-01
marcellin-raymond-1914-08-19	Q1347314	position	1967-04-03
marcellin-raymond-1914-08-19	Q1347314	position	1986-04-02
marcellin-raymond-1914-08-19	Q1347314	position	1964-01-01
marcellin-raymond-1914-08-19	Q1347314	position	1988-06-23
marcellin-raymond-1914-08-19	Q1347314	position	1973-04-02
marcellin-raymond-1914-08-19	Q1347314	position	1968-07-11
marcellin-raymond-1914-08-19	Q1347314	position	1972-07-05
marcellin-raymond-1914-08-19	Q1347314	position	1946-11-28
marcellin-raymond-1914-08-19	Q1347314	position	1993-04-02
renan-ernest-1823-02-28	Q157155	position	1884-01-01
renan-ernest-1823-02-28	Q157155	position	1878-06-13
renan-ernest-1823-02-28	Q157155	position	1883-01-01
mitterrand-francois-1916-10-26	Q2038	position	1956-02-01
mitterrand-francois-1916-10-26	Q2038	position	1973-04-02
mitterrand-francois-1916-10-26	Q2038	position	1953-06-28
mitterrand-francois-1916-10-26	Q2038	position	1951-07-05
mitterrand-francois-1916-10-26	Q2038	position	1968-07-11
mitterrand-francois-1916-10-26	Q2038	position	1981-05-21
mitterrand-francois-1916-10-26	Q2038	position	1951-03-10
mitterrand-francois-1916-10-26	Q2038	position	1962-12-06
mitterrand-francois-1916-10-26	Q2038	position	1947-01-22
mitterrand-francois-1916-10-26	Q2038	position	1954-06-19
mitterrand-francois-1916-10-26	Q2038	position	1959-07-08
mitterrand-francois-1916-10-26	Q2038	position	1950-07-12
mitterrand-francois-1916-10-26	Q2038	position	1946-11-28
mitterrand-francois-1916-10-26	Q2038	position	1959-01-01
mitterrand-francois-1916-10-26	Q2038	position	1967-04-03
mitterrand-francois-1916-10-26	Q2038	position	1981-05-21
mitterrand-francois-1916-10-26	Q2038	position	1978-04-03
mitterrand-francois-1916-10-26	Q2038	position	1971-06-16
mitterrand-francois-1916-10-26	Q2038	position	1964-01-01
mitterrand-francois-1916-10-26	Q2038	position	1956-01-19
mitterrand-francois-1916-10-26	Q2038	position	1947-11-24
farrere-claude-1876-04-27	Q2341186	position	1935-03-28
abelin-pierre-1909-05-16	Q2381218	position	1968-05-06
abelin-pierre-1909-05-16	Q2381218	position	1967-04-03
abelin-pierre-1909-05-16	Q2381218	position	1973-04-02
abelin-pierre-1909-05-16	Q2381218	position	1969-05-12
abelin-pierre-1909-05-16	Q2381218	position	1975-10-20
abelin-pierre-1909-05-16	Q2381218	position	1968-07-11
abelin-pierre-1909-05-16	Q2381218	position	1967-09-25
abelin-pierre-1909-05-16	Q2381218	position	1962-12-06
ducrocq-albert-1921-07-09	Q2831133	position	1946-02-18
ducrocq-albert-1921-07-09	Q2831133	position	1986-01-01
diethelm-andre-1896-07-03	Q2847654	position	1948-01-01
javal-louis-1839-05-05	Q286028	position	1871-01-01
javal-louis-1839-05-05	Q286028	position	1885-01-18
la-jaille-charles-1836-01-07	Q2960758	position	1897-01-01
la-jaille-charles-1836-01-07	Q2960758	position	1892-01-01
la-jaille-charles-1836-01-07	Q2960758	position	1896-01-01
la-jaille-charles-1836-01-07	Q2960758	position	1901-06-09
brocard-jean-1920-10-04	Q2979307	position	1968-07-11
brocard-jean-1920-10-04	Q2979307	position	1986-04-02
brocard-jean-1920-10-04	Q2979307	position	1981-07-02
brocard-jean-1920-10-04	Q2979307	position	1988-06-23
brocard-jean-1920-10-04	Q2979307	position	1973-04-02
kelly-grace-1929-11-12	Q3925	position	1956-01-01
feval-paul-1816-09-29	Q472568	position	1876-01-01
feval-paul-1816-09-29	Q472568	position	1865-01-01
arsonval-arsene-1851-06-08	Q547276	position	1917-01-01
darquier-de-pellepoix-louis-1897-12-19	Q560658	position	1942-01-01
fabre-lucien-1889-02-14	Q692757	position	1919-01-01
aicard-jean-1848-02-04	Q726967	position	1894-01-01
aicard-jean-1848-02-04	Q726967	position	1909-04-01
griffuelhes-victor-1874-03-14	Q929238	position	1901-01-01
boisdeffre-raoul-1839-02-06	Q1887774	position	1893-09-29
arsonval-arsene-1851-06-08	Q547276	position	1928-01-01
gauducheau-rene-maurice-auguste-1881-12-25	Q109811343	position	1924-01-01
labat-jean-1851-04-27	Q119397722	position	1906-01-01
jehanno-mathurin-1874-09-29	Q135394658	position	1930-01-01
huard-pierre-1901-10-16	Q17304952	position	1960-01-01
huard-pierre-1901-10-16	Q17304952	position	1964-01-01
brocard-jean-1920-10-04	Q2979307	position	1978-04-03
dominati-jacques-1927-03-11	Q3158751	position	1983-03-13
dominati-jacques-1927-03-11	Q3158751	position	1982-01-17
dominati-jacques-1927-03-11	Q3158751	position	1968-07-11
dominati-jacques-1927-03-11	Q3158751	position	1967-04-03
dominati-jacques-1927-03-11	Q3158751	position	1973-04-02
dominati-jacques-1927-03-11	Q3158751	position	1986-04-02
dominati-jacques-1927-03-11	Q3158751	position	1978-04-03
dominati-jacques-1927-03-11	Q3158751	position	1995-09-24
dominati-jacques-1927-03-11	Q3158751	position	1988-06-23
lucotte-marcel-1922-01-16	Q3289176	position	1971-01-01
lucotte-marcel-1922-01-16	Q3289176	position	1972-01-01
lucotte-marcel-1922-01-16	Q3289176	position	1978-01-01
lucotte-marcel-1922-01-16	Q3289176	position	1985-01-01
lucotte-marcel-1922-01-16	Q3289176	position	1969-01-01
massot-marcel-1899-04-07	Q3289210	position	1962-12-06
massot-marcel-1899-04-07	Q3289210	position	1967-04-03
massot-marcel-1899-04-07	Q3289210	position	1973-04-02
massot-marcel-1899-04-07	Q3289210	position	1968-07-11
sappey-constant-1810-08-10	Q3292738	position	1887-01-01
lesourd-paul-1897-12-19	Q35155361	position	1937-01-01
le-gorgeu-victor-1881-05-05	Q3557509	position	1929-05-05
sappey-constant-1810-08-10	Q3292738	position	1851-01-01
eynac-laurent-1886-10-04	Q3219208	position	1928-09-14
eynac-laurent-1886-10-04	Q3219208	position	1940-03-21
eynac-laurent-1886-10-04	Q3219208	position	1921-01-16
eynac-laurent-1886-10-04	Q3219208	position	1933-10-26
eynac-laurent-1886-10-04	Q3219208	position	1935-06-01
eynac-laurent-1886-10-04	Q3219208	position	1932-12-18
marcellin-raymond-1914-08-19	Q1347314	award	1967-01-01
bertin-jean-1917-09-05	Q1685376	award	1966-01-01
boisdeffre-raoul-1839-02-06	Q1887774	award	1896-07-10
farrere-claude-1876-04-27	Q2341186	award	1905-01-01
stephens-helen-1918-02-03	Q242150	award	1993-01-01
stephens-helen-1918-02-03	Q242150	award	1936-01-01
stephens-helen-1918-02-03	Q242150	award	1975-01-01
auriol-1917-11-05	Q270187	award	1992-07-13
auriol-1917-11-05	Q270187	award	1956-10-31
auriol-1917-11-05	Q270187	award	1969-01-01
auriol-1917-11-05	Q270187	award	1951-02-03
ducrocq-albert-1921-07-09	Q2831133	award	1976-01-01
carven-carmen-tommaso-1909-08-31	Q2939637	award	2009-04-10
carven-carmen-tommaso-1909-08-31	Q2939637	award	2000-08-13
rabut-charles-1852-02-16	Q2960069	award	1909-01-19
rabut-charles-1852-02-16	Q2960069	award	1915-01-01
rabut-charles-1852-02-16	Q2960069	award	1898-07-25
lanoue-felix-1812-10-14	Q3092335	award	1864-01-01
bernanos-georges-1888-02-20	Q315072	award	1950-01-01
bernanos-georges-1888-02-20	Q315072	award	1936-01-01
bernanos-georges-1888-02-20	Q315072	award	1929-01-01
widmark-richard-1914-12-26	Q320036	award	1948-01-01
eynac-laurent-1886-10-04	Q3219208	award	1922-01-01
hannum-alex-1923-07-19	Q387141	award	1964-01-01
piloty-karl-1826-10-01	Q505758	award	1866-01-01
fleury-andre-1903-07-25	Q518512	award	1993-12-21
arsonval-arsene-1851-06-08	Q547276	award	1931-01-01
arsonval-arsene-1851-06-08	Q547276	award	1934-01-01
poiseuille-jean-1797-04-22	Q550943	award	1843-01-01
fabre-lucien-1889-02-14	Q692757	award	1952-01-01
fabre-lucien-1889-02-14	Q692757	award	1915-01-01
fabre-lucien-1889-02-14	Q692757	award	1923-01-01
aicard-jean-1848-02-04	Q726967	award	1883-01-01
aicard-jean-1848-02-04	Q726967	award	1901-01-01
aicard-jean-1848-02-04	Q726967	award	1882-01-01
rose-peter-1941-04-14	Q739866	award	1973-01-01
rose-peter-1941-04-14	Q739866	award	2004-01-01
boisdeffre-raoul-1839-02-06	Q1887774	award	1893-07-05
boisdeffre-raoul-1839-02-06	Q1887774	award	1886-06-24
boisdeffre-raoul-1839-02-06	Q1887774	award	1870-06-02
boisdeffre-raoul-1839-02-06	Q1887774	award	1874-01-01
boisdeffre-raoul-1839-02-06	Q1887774	award	1876-01-01
boisdeffre-raoul-1839-02-06	Q1887774	award	1876-01-01
boisdeffre-raoul-1839-02-06	Q1887774	award	1879-01-01
boisdeffre-raoul-1839-02-06	Q1887774	award	1896-01-01
boisdeffre-raoul-1839-02-06	Q1887774	award	1881-01-01
boisdeffre-raoul-1839-02-06	Q1887774	award	1874-01-01
fabre-lucien-1889-02-14	Q692757	award	1948-01-01
arsonval-arsene-1851-06-08	Q547276	award	1900-01-01
feval-paul-1816-09-29	Q472568	award	1869-01-01
huard-pierre-1901-10-16	Q17304952	award	1967-01-01
huard-pierre-1901-10-16	Q17304952	award	1981-01-01
sappey-constant-1810-08-10	Q3292738	award	1880-01-01
hillemacher-lucien-1860-06-10	Q32985098	award	1880-01-01
hartoy-maurice-de-hanot-d-1892-03-17	Q3301543	award	1964-01-01
hartoy-maurice-de-hanot-d-1892-03-17	Q3301543	award	1954-01-01
hartoy-maurice-de-hanot-d-1892-03-17	Q3301543	award	1961-01-01
hartoy-maurice-de-hanot-d-1892-03-17	Q3301543	award	1946-01-01
chapatte-robert-1921-10-14	Q3434778	award	1994-07-13
gaillard-robert-1909-04-08	Q3435178	award	1942-01-01
del-duca-simone-nirouet-1912-07-18	Q3484560	award	1971-01-01
belot-gustave-1859-08-07	Q5621275	award	1929-08-09
hartoy-maurice-de-hanot-d-1892-03-17	Q3301543	award	1961-01-01
gaillard-robert-1909-04-08	Q3435178	award	1972-01-01
gaillard-robert-1909-04-08	Q3435178	award	1942-01-01
gaillard-robert-1909-04-08	Q3435178	award	1954-01-01
vallier-emmanuel-1849-12-25	Q113989313	award	1886-01-01
vallier-emmanuel-1849-12-25	Q113989313	award	1903-01-01
bodmershof-imma-von-1895-08-10	Q113271	award	1958-01-01
bodmershof-imma-von-1895-08-10	Q113271	award	1969-01-01
le-chatelier-henry-1850-10-08	Q121926	award	1908-01-01
le-chatelier-henry-1850-10-08	Q121926	award	1916-01-01
le-chatelier-henry-1850-10-08	Q121926	award	1927-01-01
le-chatelier-henry-1850-10-08	Q121926	award	1887-01-01
le-chatelier-henry-1850-10-08	Q121926	award	1934-01-01
le-chatelier-henry-1850-10-08	Q121926	award	1913-06-26
le-chatelier-henry-1850-10-08	Q121926	award	1921-01-01
le-chatelier-henry-1850-10-08	Q121926	award	1919-01-01
genet-jean-1910-12-19	Q184622	award	1983-01-01
leigh-janet-1927-07-06	Q205314	award	1960-01-01
pompidou-georges-1911-07-05	Q2185	award	1927-01-01
montgomery-elisabeth-1933-04-15	Q233843	award	1995-01-01
montgomery-elisabeth-1933-04-15	Q233843	award	2008-01-04
montgomery-elisabeth-1933-04-15	Q233843	award	1954-01-01
souvestre-emile-1806-04-15	Q286475	award	1854-08-24
claudel-paul-1868-08-06	Q295830	award	1913-01-01
claudel-paul-1868-08-06	Q295830	award	1928-01-01
indy-paul-1851-03-27	Q313584	award	1931-01-10
clark-jim-1936-03-04	Q3137	award	1964-06-13
couture-thomas-1815-12-21	Q326434	award	1848-11-11
couture-thomas-1815-12-21	Q326434	award	1837-01-01
cheruel-pierre-1809-01-17	Q332586	award	1863-08-14
cheruel-pierre-1809-01-17	Q332586	award	1845-07-27
cheruel-pierre-1809-01-17	Q332586	award	1859-01-01
unseld-westley-1946-03-14	Q456776	award	1969-01-01
unseld-westley-1946-03-14	Q456776	award	1975-01-01
unseld-westley-1946-03-14	Q456776	award	1969-01-01
unseld-westley-1946-03-14	Q456776	award	1969-01-01
unseld-westley-1946-03-14	Q456776	award	1978-01-01
unseld-westley-1946-03-14	Q456776	award	1969-01-01
le-bel-achille-1847-01-21	Q519172	award	1881-01-01
le-bel-achille-1847-01-21	Q519172	award	1911-11-09
le-bel-achille-1847-01-21	Q519172	award	1893-01-01
hamburger-jean-1909-07-15	Q536286	award	1979-01-01
hamburger-jean-1909-07-15	Q536286	award	1989-01-01
noether-emmy-1882-03-23	Q7099	award	1932-01-01
drell-sidney-1926-09-13	Q779433	award	2008-01-01
drell-sidney-1926-09-13	Q779433	award	2000-01-01
drell-sidney-1926-09-13	Q779433	award	1978-01-01
drell-sidney-1926-09-13	Q779433	award	2005-01-01
drell-sidney-1926-09-13	Q779433	award	2011-01-01
drell-sidney-1926-09-13	Q779433	award	1998-01-01
drell-sidney-1926-09-13	Q779433	award	1972-01-01
courbet-gustave-1819-06-10	Q34618	award	2025-01-01
genet-jean-1910-12-19	Q184622	award	1947-01-01
hamburger-jean-1909-07-15	Q536286	award	1985-01-01
loi-duilio-1929-04-19	Q328126	award	2005-01-01
vian-boris-1920-03-10	Q7833	award	1953-05-11
ferrandon-jean-1909-07-15	Q110935128	position	1968-01-01
camus-de-la-g-emile-1833-03-02	Q111371189	position	1890-01-01
metz-victor-de-1902-04-28	Q15971772	position	1945-01-01
baragnon-numa-1835-11-24	Q3383853	position	1873-11-26
baragnon-numa-1835-11-24	Q3383853	position	1874-05-23
baragnon-numa-1835-11-24	Q3383853	position	1871-02-08
guilbaud-rene-1890-10-08	Q3426310	position	1927-01-01
regaudie-rene-1908-04-14	Q3426802	position	1962-12-06
regaudie-rene-1908-04-14	Q3426802	position	1958-12-09
regaudie-rene-1908-04-14	Q3426802	position	1967-04-03
regaudie-rene-1908-04-14	Q3426802	position	1968-07-11
boscary-monsservin-roland-1904-05-12	Q3439968	position	1958-12-09
boscary-monsservin-roland-1904-05-12	Q3439968	position	1957-11-06
boscary-monsservin-roland-1904-05-12	Q3439968	position	1967-04-03
boscary-monsservin-roland-1904-05-12	Q3439968	position	1968-07-11
boscary-monsservin-roland-1904-05-12	Q3439968	position	1971-01-01
boscary-monsservin-roland-1904-05-12	Q3439968	position	1951-06-17
boscary-monsservin-roland-1904-05-12	Q3439968	position	1958-05-14
boscary-monsservin-roland-1904-05-12	Q3439968	position	1962-12-06
boscary-monsservin-roland-1904-05-12	Q3439968	position	1953-01-01
boscary-monsservin-roland-1904-05-12	Q3439968	position	1956-01-02
boscary-monsservin-roland-1904-05-12	Q3439968	position	1965-01-01
kidd-isaac-1919-08-14	Q6076108	position	1975-05-30
thomas-raymond-1906-11-27	Q75306256	position	1959-01-01
rouvillois-henri-1875-12-26	Q23891153	position	1952-01-01
thomas-raymond-1906-11-27	Q75306256	position	1954-01-01
shapiro-irving-1916-07-15	Q16015289	award	1979-01-01
williams-robley-1908-10-13	Q4163158	award	1954-01-01
pagnoul-aime-1822-05-19	Q62070916	award	1838-01-01
pagnoul-aime-1822-05-19	Q62070916	award	1867-01-01
pagnoul-aime-1822-05-19	Q62070916	award	1895-07-09
boisfleury-joseph-1871-03-27	Q62622675	award	1915-01-01
boisfleury-joseph-1871-03-27	Q62622675	award	1920-01-01
pallut-pierre-1918-06-30	Q97016498	award	1949-01-01
oulmont-charles-1883-11-01	Q1065691	award	1958-01-01
oulmont-charles-1883-11-01	Q1065691	award	1956-01-01
oulmont-charles-1883-11-01	Q1065691	award	1951-01-01
oulmont-charles-1883-11-01	Q1065691	award	1912-01-01
oulmont-charles-1883-11-01	Q1065691	award	1953-01-01
oulmont-charles-1883-11-01	Q1065691	award	1966-01-01
oulmont-charles-1883-11-01	Q1065691	award	1938-01-01
oulmont-charles-1883-11-01	Q1065691	award	1964-01-01
baker-howard-1925-11-15	Q1337643	award	2001-01-01
baker-howard-1925-11-15	Q1337643	award	1984-01-01
baker-howard-1925-11-15	Q1337643	award	2004-01-01
baker-howard-1925-11-15	Q1337643	award	2008-01-01
mathiez-albert-1874-01-10	Q1343174	award	1925-01-01
jourdain-roger-joseph-1845-12-11	Q1707904	award	1890-02-07
senderens-jean-1856-01-27	Q2255683	award	1905-01-01
heriat-philippe-payelle-1898-09-15	Q2659138	award	1939-01-01
heriat-philippe-payelle-1898-09-15	Q2659138	award	1947-01-01
heriat-philippe-payelle-1898-09-15	Q2659138	award	1931-01-01
cesbron-gilbert-1913-01-13	Q2714618	award	1962-01-01
cesbron-gilbert-1913-01-13	Q2714618	award	1952-01-01
cesbron-gilbert-1913-01-13	Q2714618	award	1978-01-01
cesbron-gilbert-1913-01-13	Q2714618	award	1949-01-01
loucheur-louis-1872-08-12	Q2788498	award	1912-01-01
bazaine-hayter-georges-1843-12-04	Q3102172	award	1911-01-01
debu-bridel-jacques-1902-08-22	Q3158657	award	1935-01-01
capdeville-jean-1912-11-08	Q3171111	award	1945-01-01
capdeville-jean-1912-11-08	Q3171111	award	1948-05-30
jolinon-joseph-1885-12-09	Q3185144	award	1948-01-01
jolinon-joseph-1885-12-09	Q3185144	award	1950-01-01
pize-louis-1892-05-18	Q3262928	award	1972-01-01
pize-louis-1892-05-18	Q3262928	award	1926-01-01
marinier-paul-1866-08-10	Q3371780	award	1948-03-20
guilbaud-rene-1890-10-08	Q3426310	award	1920-01-01
guilbaud-rene-1890-10-08	Q3426310	award	1928-10-23
guilbaud-rene-1890-10-08	Q3426310	award	1927-07-02
drell-sidney-1926-09-13	Q779433	award	2000-01-01
drell-sidney-1926-09-13	Q779433	award	1980-01-01
rogers-bernard-1921-07-16	Q822756	award	1943-01-01
rogers-bernard-1921-07-16	Q822756	award	1947-01-01
hamy-maurice-1861-10-31	Q845549	award	1895-01-01
robida-albert-1848-05-14	Q946733	award	1900-12-14
janin-jules-1804-02-16	Q956459	award	1836-01-01
samson-joseph-1888-03-21	Q3185614	award	1952-01-01
heriat-philippe-payelle-1898-09-15	Q2659138	award	1967-01-01
malgaigne-francois-1806-02-14	Q867071	award	1854-01-01
malgaigne-francois-1806-02-14	Q867071	award	1841-01-01
le-chatelier-henry-1850-10-08	Q121926	position	1903-01-01
bertrand-gabriel-1867-05-17	Q131987	position	1943-01-01
baker-howard-1925-11-15	Q1337643	position	1973-01-03
baker-howard-1925-11-15	Q1337643	position	1969-01-03
baker-howard-1925-11-15	Q1337643	position	1977-01-03
baker-howard-1925-11-15	Q1337643	position	1981-01-03
baker-howard-1925-11-15	Q1337643	position	1979-01-03
baker-howard-1925-11-15	Q1337643	position	2001-07-05
baker-howard-1925-11-15	Q1337643	position	1967-01-03
baker-howard-1925-11-15	Q1337643	position	1983-01-03
baker-howard-1925-11-15	Q1337643	position	1995-12-28
baker-howard-1925-11-15	Q1337643	position	1987-02-27
baker-howard-1925-11-15	Q1337643	position	1975-01-03
baker-howard-1925-11-15	Q1337643	position	1971-01-03
mathiez-albert-1874-01-10	Q1343174	position	1908-01-01
mathiez-albert-1874-01-10	Q1343174	position	1908-01-01
jourdain-roger-joseph-1845-12-11	Q1707904	position	1900-01-01
jourdain-roger-joseph-1845-12-11	Q1707904	position	1900-01-01
pompidou-georges-1911-07-05	Q2185	position	1967-04-03
pompidou-georges-1911-07-05	Q2185	position	1969-06-20
pompidou-georges-1911-07-05	Q2185	position	1968-07-11
pompidou-georges-1911-07-05	Q2185	position	1962-04-14
pompidou-georges-1911-07-05	Q2185	position	1969-06-20
picard-alfred-1844-12-21	Q2645477	position	1912-01-01
cesbron-gilbert-1913-01-13	Q2714618	position	1973-01-01
loucheur-louis-1872-08-12	Q2788498	position	1928-01-01
loucheur-louis-1872-08-12	Q2788498	position	1922-01-01
loucheur-louis-1872-08-12	Q2788498	position	1919-12-08
loucheur-louis-1872-08-12	Q2788498	position	1924-06-01
biard-andre-1918-07-23	Q2847292	position	1981-06-04
gros-brigitte-servan-schr-1925-06-12	Q2925431	position	1963-01-01
claudel-paul-1868-08-06	Q295830	position	1948-01-01
claudel-paul-1868-08-06	Q295830	position	1921-01-01
claudel-paul-1868-08-06	Q295830	position	1926-01-01
claudel-paul-1868-08-06	Q295830	position	1933-01-01
claudel-paul-1868-08-06	Q295830	position	1946-04-04
debu-bridel-jacques-1902-08-22	Q3158657	position	1948-11-07
langlet-jean-baptiste-nicaise-1841-09-07	Q3164202	position	1889-10-06
langlet-jean-baptiste-nicaise-1841-09-07	Q3164202	position	1908-01-01
capdeville-jean-1912-11-08	Q3171111	position	1945-10-21
samson-joseph-1888-03-21	Q3185614	position	1930-01-01
cheruel-pierre-1809-01-17	Q332586	position	1858-01-01
cheruel-pierre-1809-01-17	Q332586	position	1870-01-01
cheruel-pierre-1809-01-17	Q332586	position	1866-01-01
baragnon-numa-1835-11-24	Q3383853	position	1874-01-01
baragnon-numa-1835-11-24	Q3383853	position	1878-01-01
le-bel-achille-1847-01-21	Q519172	position	1922-01-01
hamburger-jean-1909-07-15	Q536286	position	1991-01-01
hamburger-jean-1909-07-15	Q536286	position	1985-04-18
sudreau-pierre-1919-05-13	Q771097	position	1968-07-11
sudreau-pierre-1919-05-13	Q771097	position	1973-04-02
sudreau-pierre-1919-05-13	Q771097	position	1963-01-01
sudreau-pierre-1919-05-13	Q771097	position	1951-01-01
sudreau-pierre-1919-05-13	Q771097	position	1967-04-03
sudreau-pierre-1919-05-13	Q771097	position	1978-04-03
sudreau-pierre-1919-05-13	Q771097	position	1958-06-09
sudreau-pierre-1919-05-13	Q771097	position	1976-01-01
sudreau-pierre-1919-05-13	Q771097	position	1962-04-15
sudreau-pierre-1919-05-13	Q771097	position	1971-01-01
sudreau-pierre-1919-05-13	Q771097	position	1968-01-01
rogers-bernard-1921-07-16	Q822756	position	1976-10-01
rogers-bernard-1921-07-16	Q822756	position	1979-07-01
hamy-maurice-1861-10-31	Q845549	position	1921-01-01
hamy-maurice-1861-10-31	Q845549	position	1928-01-01
mazeau-charles-1825-09-01	Q928664	position	1890-03-02
mazeau-charles-1825-09-01	Q928664	position	1869-11-01
mazeau-charles-1825-09-01	Q928664	position	1876-01-30
mazeau-charles-1825-09-01	Q928664	position	1871-02-12
niox-gustave-1840-08-02	Q945147	position	1912-02-28
niox-gustave-1840-08-02	Q945147	position	1912-02-28
janin-jules-1804-02-16	Q956459	position	1870-04-07
buat-edmond-1868-09-17	Q3047773	position	1920-01-25
loucheur-louis-1872-08-12	Q2788498	position	1925-11-28
loucheur-louis-1872-08-12	Q2788498	position	1928-06-01
loucheur-louis-1872-08-12	Q2788498	position	1924-03-29
loucheur-louis-1872-08-12	Q2788498	position	1926-07-19
loucheur-louis-1872-08-12	Q2788498	position	1930-12-13
loucheur-louis-1872-08-12	Q2788498	position	1921-01-16
delon-alain-1935-11-08	Q106529	award	1991-02-21
delon-alain-1935-11-08	Q106529	award	2019-01-01
delon-alain-1935-11-08	Q106529	award	2005-03-25
delon-alain-1935-11-08	Q106529	award	2023-09-04
delon-alain-1935-11-08	Q106529	award	1985-01-01
delon-alain-1935-11-08	Q106529	award	1995-01-01
delon-alain-1935-11-08	Q106529	award	1995-05-10
delon-alain-1935-11-08	Q106529	award	1995-01-01
delon-alain-1935-11-08	Q106529	award	2003-01-01
delon-alain-1935-11-08	Q106529	award	1985-01-01
gilson-etienne-1884-06-13	Q289739	award	1952-01-01
gilson-etienne-1884-06-13	Q289739	award	1952-01-01
gilson-etienne-1884-06-13	Q289739	award	1950-01-01
gilson-etienne-1884-06-13	Q289739	award	1927-01-01
leroux-gaston-1868-05-06	Q298827	award	1902-01-26
becquerel-alexandre-1820-03-24	Q315048	award	1888-05-31
descrieres-georges-berge-d-1930-04-15	Q328335	award	2011-05-13
brando-marlon-1924-04-03	Q34012	award	1973-03-27
brando-marlon-1924-04-03	Q34012	award	1979-01-01
brando-marlon-1924-04-03	Q34012	award	1996-01-01
brando-marlon-1924-04-03	Q34012	award	1973-01-01
brando-marlon-1924-04-03	Q34012	award	1955-03-30
brando-marlon-1924-04-03	Q34012	award	1955-01-01
brando-marlon-1924-04-03	Q34012	award	1946-01-01
darrieus-georges-1888-09-24	Q350868	award	1944-01-01
darrieus-georges-1888-09-24	Q350868	award	1934-01-01
caquot-albert-1881-07-01	Q364292	award	1951-01-01
caquot-albert-1881-07-01	Q364292	award	1962-01-01
caquot-albert-1881-07-01	Q364292	award	1924-01-01
caquot-albert-1881-07-01	Q364292	award	1937-01-01
duverger-maurice-1917-06-05	Q380297	award	1988-01-01
stolz-robert-1880-08-25	Q45095	award	1970-01-01
stolz-robert-1880-08-25	Q45095	award	1993-01-01
stolz-robert-1880-08-25	Q45095	award	1970-01-01
staudinger-hermann-1881-03-23	Q48956	award	1959-01-01
staudinger-hermann-1881-03-23	Q48956	award	1930-01-01
staudinger-hermann-1881-03-23	Q48956	award	1930-01-01
staudinger-hermann-1881-03-23	Q48956	award	1953-01-01
bantz-hellmuth-1921-09-14	Q67848	award	1982-01-01
bantz-hellmuth-1921-09-14	Q67848	award	1986-01-01
bantz-hellmuth-1921-09-14	Q67848	award	1998-01-01
becquerel-alexandre-1820-03-24	Q315048	award	1868-01-01
staudinger-hermann-1881-03-23	Q48956	award	1953-01-01
heidegger-martin-1889-09-26	Q48301	award	1960-01-01
tissandier-maurice-1917-11-23	Q16663836	award	1994-04-01
cherasse-andre-1906-01-23	Q17621305	award	1946-04-24
parisot-jacques-1882-06-15	Q19629756	award	1954-01-01
mollard-emile-1895-08-23	Q65153527	award	1961-01-01
clare-michel-1927-02-21	Q19414361	award	2007-01-01
moussarie-pierre-1910-06-21	Q104032310	award	1966-01-01
clare-michel-1927-02-21	Q19414361	award	1991-01-01
doob-joseph-1910-02-27	Q1384876	position	1963-01-01
doob-joseph-1910-02-27	Q1384876	position	1950-01-01
tissandier-maurice-1917-11-23	Q16663836	position	1978-04-03
tissandier-maurice-1917-11-23	Q16663836	position	1968-07-11
tissandier-maurice-1917-11-23	Q16663836	position	1973-04-02
krol-john-1910-10-26	Q1700656	position	1971-01-01
krol-john-1910-10-26	Q1700656	position	1953-07-11
krol-john-1910-10-26	Q1700656	position	1967-06-26
krol-john-1910-10-26	Q1700656	position	1953-07-11
krol-john-1910-10-26	Q1700656	position	1961-02-11
cherasse-andre-1906-01-23	Q17621305	position	1962-12-06
arbaud-joseph-1874-10-06	Q2087071	position	1918-01-01
arbaud-joseph-1874-10-06	Q2087071	position	1935-01-01
croizat-amboise-1901-01-28	Q2842375	position	1945-11-21
croizat-amboise-1901-01-28	Q2842375	position	1945-10-21
croizat-amboise-1901-01-28	Q2842375	position	1936-05-03
fanton-andre-1928-03-31	Q2847739	position	1993-04-02
fanton-andre-1928-03-31	Q2847739	position	1973-04-02
fanton-andre-1928-03-31	Q2847739	position	1968-07-11
fanton-andre-1928-03-31	Q2847739	position	1984-07-24
fanton-andre-1928-03-31	Q2847739	position	1967-04-03
fanton-andre-1928-03-31	Q2847739	position	1980-06-26
fanton-andre-1928-03-31	Q2847739	position	1986-04-02
fanton-andre-1928-03-31	Q2847739	position	1958-12-09
fanton-andre-1928-03-31	Q2847739	position	1962-12-06
gilson-etienne-1884-06-13	Q289739	position	1962-01-01
gilson-etienne-1884-06-13	Q289739	position	1946-10-24
gilson-etienne-1884-06-13	Q289739	position	1947-01-01
debierre-marie-1853-10-31	Q2958854	position	1896-05-17
debierre-marie-1853-10-31	Q2958854	position	1911-01-01
debierre-marie-1853-10-31	Q2958854	position	1920-01-01
debierre-marie-1853-10-31	Q2958854	position	1911-03-19
burg-constant-1924-06-28	Q2994845	position	1969-01-01
larrey-felix-1808-09-18	Q3092464	position	1877-10-14
larrey-felix-1808-09-18	Q3092464	position	1878-01-01
larrey-felix-1808-09-18	Q3092464	position	1863-01-01
loustaunau-lacau-georges-1894-04-17	Q3103122	position	1951-01-01
francois-germaine-1908-11-11	Q3104182	position	1945-10-21
becquerel-alexandre-1820-03-24	Q315048	position	1880-01-01
becquerel-alexandre-1820-03-24	Q315048	position	1864-01-01
jacquinot-louis-1898-09-16	Q3262301	position	1958-06-01
jacquinot-louis-1898-09-16	Q3262301	position	1932-05-01
jacquinot-louis-1898-09-16	Q3262301	position	1944-08-26
descrieres-georges-berge-d-1930-04-15	Q328335	position	1958-01-01
mauron-marie-1896-04-05	Q3292688	position	1969-01-01
palmade-maurice-1886-10-04	Q3301240	position	1924-06-01
palmade-maurice-1886-10-04	Q3301240	position	1938-03-27
dumayet-pierre-1923-02-24	Q3384856	position	1986-01-01
baulieu-etienne-1926-12-12	Q3592029	position	2003-01-01
caquot-albert-1881-07-01	Q364292	position	1938-01-01
caquot-albert-1881-07-01	Q364292	position	1951-01-01
caquot-albert-1881-07-01	Q364292	position	1952-01-01
duverger-maurice-1917-06-05	Q380297	position	1948-01-01
duverger-maurice-1917-06-05	Q380297	position	1989-07-25
saint-martin-paul-1817-09-24	Q47805466	position	1873-01-01
guehenno-jean-1890-03-25	Q518748	position	1962-01-25
scali-john-1918-04-27	Q6095801	position	1973-02-20
descrieres-georges-berge-d-1930-04-15	Q328335	position	1979-01-01
doob-joseph-1910-02-27	Q1384876	award	1940-01-01
doob-joseph-1910-02-27	Q1384876	award	1984-01-01
doob-joseph-1910-02-27	Q1384876	award	1979-01-01
garnier-francis-1839-07-25	Q1441510	award	1872-01-21
garnier-francis-1839-07-25	Q1441510	award	1869-01-01
garnier-francis-1839-07-25	Q1441510	award	1870-01-01
alkan-napoleon-1826-02-02	Q1589056	award	1850-01-01
alkan-napoleon-1826-02-02	Q1589056	award	1895-07-16
arbaud-joseph-1874-10-06	Q2087071	award	1906-01-01
fouillee-alfred-1838-10-18	Q2606914	award	1895-04-19
fouillee-alfred-1838-10-18	Q2606914	award	1871-01-01
fouillee-alfred-1838-10-18	Q2606914	award	1870-08-07
fernet-charles-1838-02-08	Q2959052	award	1884-01-01
michel-ernest-1833-07-30	Q3057087	award	1880-01-01
bellonte-maurice-1896-10-25	Q3091070	award	1984-01-01
loustaunau-lacau-georges-1894-04-17	Q3103122	award	1952-01-01
loustaunau-lacau-georges-1894-04-17	Q3103122	award	1917-04-22
mauron-marie-1896-04-05	Q3292688	award	1952-01-01
mauron-marie-1896-04-05	Q3292688	award	1950-01-01
mauron-marie-1896-04-05	Q3292688	award	1971-01-01
mauron-marie-1896-04-05	Q3292688	award	1953-01-01
palmade-maurice-1886-10-04	Q3301240	award	1934-12-27
dumayet-pierre-1923-02-24	Q3384856	award	1993-06-24
wery-emile-1868-09-03	Q3588314	award	1906-01-01
baulieu-etienne-1926-12-12	Q3592029	award	2015-01-01
baulieu-etienne-1926-12-12	Q3592029	award	2016-01-01
baulieu-etienne-1926-12-12	Q3592029	award	2022-12-29
baulieu-etienne-1926-12-12	Q3592029	award	2015-11-20
baulieu-etienne-1926-12-12	Q3592029	award	1989-01-01
duverger-maurice-1917-06-05	Q380297	award	1994-12-31
calve-emma-1858-08-15	Q452065	award	1931-01-01
frenaud-andre-1907-07-26	Q518672	award	1973-01-01
frenaud-andre-1907-07-26	Q518672	award	1989-01-01
guehenno-jean-1890-03-25	Q518748	award	1953-01-01
guehenno-jean-1890-03-25	Q518748	award	1954-01-01
guehenno-jean-1890-03-25	Q518748	award	1973-01-01
thomas-michael-1944-12-21	Q520493	award	1996-05-10
manessier-alfred-1911-12-05	Q664268	award	1955-01-01
manessier-alfred-1911-12-05	Q664268	award	1981-01-07
patou-andre-1910-07-05	Q7126963	award	1945-06-12
gaubert-philippe-1879-07-04	Q959431	award	1921-01-01
arbaud-joseph-1874-10-06	Q2087071	award	1939-01-01
mauron-marie-1896-04-05	Q3292688	award	1970-01-01
terzieff-laurent-terziev-1935-06-27	Q523545	award	2009-01-01
bellonte-maurice-1896-10-25	Q3091070	award	1980-01-01
marceau-marcel-mangel-1923-03-22	Q157191	award	1990-01-01
marceau-marcel-mangel-1923-03-22	Q157191	award	1963-01-01
rambaud-alfred-1842-07-02	Q163159	award	1871-01-01
rambaud-alfred-1842-07-02	Q163159	award	1878-01-01
rambaud-alfred-1842-07-02	Q163159	award	1893-01-01
cartan-henri-1904-07-08	Q164405	award	1976-01-01
cartan-henri-1904-07-08	Q164405	award	1959-01-01
cartan-henri-1904-07-08	Q164405	award	1932-01-01
cartan-henri-1904-07-08	Q164405	award	1996-05-13
cartan-henri-1904-07-08	Q164405	award	1984-01-01
cartan-henri-1904-07-08	Q164405	award	1980-01-01
cartan-henri-1904-07-08	Q164405	award	1971-04-22
cartan-henri-1904-07-08	Q164405	award	1989-01-01
debat-ponsan-edouard-1847-04-25	Q274285	award	1881-01-18
fallieres-armand-1841-11-06	Q296673	award	1908-01-01
fallieres-armand-1841-11-06	Q296673	award	1907-01-01
fallieres-armand-1841-11-06	Q296673	award	1906-04-27
fallieres-armand-1841-11-06	Q296673	award	1905-06-19
fabre-jean-1823-12-21	Q313348	award	1903-01-01
fabre-jean-1823-12-21	Q313348	award	1910-08-01
fabre-jean-1823-12-21	Q313348	award	1868-04-18
fabre-jean-1823-12-21	Q313348	award	1910-01-01
teitgen-pierre-henri-1908-05-29	Q319011	award	1950-04-10
camus-albert-1913-11-07	Q34670	award	1946-01-01
camus-albert-1913-11-07	Q34670	award	1957-01-01
van-cliburn-1934-07-12	Q366355	award	1962-01-01
van-cliburn-1934-07-12	Q366355	award	2003-01-01
van-cliburn-1934-07-12	Q366355	award	2004-01-01
bradbury-ray-1920-08-22	Q40640	award	2004-11-17
bradbury-ray-1920-08-22	Q40640	award	2007-01-01
bradbury-ray-1920-08-22	Q40640	award	1996-01-01
bradbury-ray-1920-08-22	Q40640	award	2019-01-01
bradbury-ray-1920-08-22	Q40640	award	1977-01-01
bradbury-ray-1920-08-22	Q40640	award	1999-01-01
bradbury-ray-1920-08-22	Q40640	award	1974-01-01
bradbury-ray-1920-08-22	Q40640	award	1989-01-01
bradbury-ray-1920-08-22	Q40640	award	1994-01-01
bradbury-ray-1920-08-22	Q40640	award	1974-01-01
bradbury-ray-1920-08-22	Q40640	award	2004-01-01
bradbury-ray-1920-08-22	Q40640	award	2007-01-01
bradbury-ray-1920-08-22	Q40640	award	2002-01-01
bradbury-ray-1920-08-22	Q40640	award	2001-01-01
bradbury-ray-1920-08-22	Q40640	award	1994-01-01
bradbury-ray-1920-08-22	Q40640	award	1984-01-01
bradbury-ray-1920-08-22	Q40640	award	2007-01-01
bradbury-ray-1920-08-22	Q40640	award	1988-01-01
bradbury-ray-1920-08-22	Q40640	award	2002-01-01
bradbury-ray-1920-08-22	Q40640	award	2002-01-01
oriola-christian-1928-10-03	Q443142	award	1947-01-01
oriola-christian-1928-10-03	Q443142	award	1971-01-01
day-laraine-1920-10-13	Q466063	award	1960-02-08
gide-andre-1869-11-22	Q47484	award	1949-01-01
gide-andre-1869-11-22	Q47484	award	1950-01-01
gide-andre-1869-11-22	Q47484	award	1947-01-01
rahner-karl-1904-03-05	Q57317	award	1964-01-01
rahner-karl-1904-03-05	Q57317	award	1982-01-01
rahner-karl-1904-03-05	Q57317	award	1970-01-01
rahner-karl-1904-03-05	Q57317	award	1965-01-01
rahner-karl-1904-03-05	Q57317	award	1973-01-01
rahner-karl-1904-03-05	Q57317	award	1983-01-01
oriola-christian-1928-10-03	Q443142	award	1977-01-01
rambaud-alfred-1842-07-02	Q163159	award	1894-01-01
nisard-desire-1806-03-20	Q1270734	position	1842-07-26
nisard-desire-1806-03-20	Q1270734	position	1857-01-01
nisard-desire-1806-03-20	Q1270734	position	1867-11-18
nisard-desire-1806-03-20	Q1270734	position	1850-11-28
nisard-desire-1806-03-20	Q1270734	position	1846-08-17
jonquieres-ernest-1820-07-03	Q1356387	position	1879-10-01
rambaud-alfred-1842-07-02	Q163159	position	1896-04-29
rambaud-alfred-1842-07-02	Q163159	position	1896-04-29
rambaud-alfred-1842-07-02	Q163159	position	1895-11-17
bourgeois-joseph-1857-02-21	Q1711802	position	1932-01-01
maire-edmond-1931-01-24	Q2411194	position	1971-01-01
leroy-beaulieu-anatole-1842-02-12	Q2845596	position	1901-01-01
leroy-beaulieu-anatole-1842-02-12	Q2845596	position	1906-01-01
colin-andre-1910-01-19	Q2847545	position	1974-01-01
colin-andre-1910-01-19	Q2847545	position	1951-07-05
colin-andre-1910-01-19	Q2847545	position	1964-01-01
colin-andre-1910-01-19	Q2847545	position	1945-10-21
colin-andre-1910-01-19	Q2847545	position	1946-06-02
colin-andre-1910-01-19	Q2847545	position	1959-01-01
colin-andre-1910-01-19	Q2847545	position	1946-11-28
colin-andre-1910-01-19	Q2847545	position	1956-01-02
colin-andre-1910-01-19	Q2847545	position	1951-01-01
colin-andre-1910-01-19	Q2847545	position	1959-07-08
perrier-antoine-1836-04-15	Q2856600	position	1884-01-01
mesnager-augustin-1862-06-11	Q2871623	position	1923-01-01
mesnager-augustin-1862-06-11	Q2871623	position	1887-01-01
schneider-camille-1900-11-29	Q2935068	position	1972-01-01
demole-charles-1828-03-22	Q2958875	position	1885-04-06
demole-charles-1828-03-22	Q2958875	position	1886-01-07
fallieres-armand-1841-11-06	Q296673	position	1883-01-29
fallieres-armand-1841-11-06	Q296673	position	1906-02-18
fallieres-armand-1841-11-06	Q296673	position	1906-02-18
prevost-ernest-1872-01-02	Q3057141	position	1939-01-01
david-fernand-1869-10-18	Q3069115	position	1913-01-21
david-fernand-1869-10-18	Q3069115	position	1914-04-26
david-fernand-1869-10-18	Q3069115	position	1920-01-11
david-fernand-1869-10-18	Q3069115	position	1910-04-24
david-fernand-1869-10-18	Q3069115	position	1917-09-12
david-fernand-1869-10-18	Q3069115	position	1902-04-27
david-fernand-1869-10-18	Q3069115	position	1906-05-06
david-fernand-1869-10-18	Q3069115	position	1914-08-26
david-fernand-1869-10-18	Q3069115	position	1914-06-13
david-fernand-1869-10-18	Q3069115	position	1912-01-14
david-fernand-1869-10-18	Q3069115	position	1917-03-20
david-fernand-1869-10-18	Q3069115	position	1913-02-18
david-fernand-1869-10-18	Q3069115	position	1926-01-01
david-fernand-1869-10-18	Q3069115	position	1901-01-01
david-fernand-1869-10-18	Q3069115	position	1927-01-09
david-fernand-1869-10-18	Q3069115	position	1925-11-01
david-fernand-1869-10-18	Q3069115	position	1913-12-09
david-fernand-1869-10-18	Q3069115	position	1898-05-08
david-fernand-1869-10-18	Q3069115	position	1930-03-02
moore-fred-1920-04-08	Q3086906	position	2011-01-01
moore-fred-1920-04-08	Q3086906	position	1958-12-09
rieunier-adrien-henri-1833-03-06	Q3131916	position	1889-06-01
rieunier-adrien-henri-1833-03-06	Q3131916	position	1890-06-01
rieunier-adrien-henri-1833-03-06	Q3131916	position	1898-05-08
fabre-jean-1823-12-21	Q313348	position	1909-01-01
teitgen-pierre-henri-1908-05-29	Q319011	position	1946-06-24
teitgen-pierre-henri-1908-05-29	Q319011	position	1945-11-21
teitgen-pierre-henri-1908-05-29	Q319011	position	1945-05-30
teitgen-pierre-henri-1908-05-29	Q319011	position	1949-08-13
teitgen-pierre-henri-1908-05-29	Q319011	position	1946-01-26
seigner-louis-1903-06-23	Q430212	position	1960-01-01
seigner-louis-1903-06-23	Q430212	position	1943-01-01
halphen-georges-1844-10-30	Q476562	position	1882-01-01
rabaud-henri-1873-11-10	Q503861	position	1920-10-01
zay-jean-1904-08-06	Q713487	position	1936-06-04
zay-jean-1904-08-06	Q713487	position	1932-05-08
bureau-louis-1830-05-20	Q723391	position	1870-01-01
judge-thomas-1934-10-12	Q880589	position	1969-01-01
judge-thomas-1934-10-12	Q880589	position	1973-01-01
leroy-beaulieu-anatole-1842-02-12	Q2845596	position	1883-01-01
sourdille-gabriel-1901-10-03	Q102213799	position	1949-01-01
dubecq-xavier-1895-08-14	Q127868954	position	1952-01-01
jeannel-francois-1850-02-01	Q19629753	position	1909-01-01
rieunier-adrien-henri-1833-03-06	Q3131916	position	1893-01-12
bastiat-jean-pierre-1949-04-11	Q3168982	position	1990-01-01
medecin-jean-1890-12-02	Q3173654	position	1951-01-01
medecin-jean-1890-12-02	Q3173654	position	1947-10-25
medecin-jean-1890-12-02	Q3173654	position	1928-12-16
bertrand-william-1881-11-09	Q3568432	position	1939-01-10
bertrand-william-1881-11-09	Q3568432	position	1914-05-10
bertrand-william-1881-11-09	Q3568432	position	1934-01-09
bertrand-william-1881-11-09	Q3568432	position	1938-01-18
gavarni-paul-1804-01-13	Q1074290	award	1852-01-01
nallet-jean-claude-1947-03-15	Q1386078	award	1970-01-01
frison-roche-roger-1906-02-10	Q1393305	award	1971-01-01
frison-roche-roger-1906-02-10	Q1393305	award	1992-01-01
crevecoeur-joseph-1819-01-12	Q1706806	award	1847-01-01
bourgeois-joseph-1857-02-21	Q1711802	award	1921-01-01
waitz-robert-1900-05-20	Q2159109	award	1946-04-25
waitz-robert-1900-05-20	Q2159109	award	1939-01-01
clariond-aime-1894-05-10	Q2828049	award	1954-01-01
clariond-aime-1894-05-10	Q2828049	award	1916-01-01
leroy-beaulieu-anatole-1842-02-12	Q2845596	award	1896-01-01
mesnager-augustin-1862-06-11	Q2871623	award	1905-01-01
prevost-ernest-1872-01-02	Q3057141	award	1943-01-01
prevost-ernest-1872-01-02	Q3057141	award	1924-01-01
prevost-ernest-1872-01-02	Q3057141	award	1935-01-01
prevost-ernest-1872-01-02	Q3057141	award	1922-01-01
faure-gabriel-1877-05-15	Q3093739	award	1941-01-01
faure-gabriel-1877-05-15	Q3093739	award	1911-01-01
faure-gabriel-1877-05-15	Q3093739	award	1918-01-01
faure-gabriel-1877-05-15	Q3093739	award	1908-01-01
faure-gabriel-1877-05-15	Q3093739	award	1930-01-01
petit-henri-1900-02-23	Q3131768	award	1965-01-01
petit-henri-1900-02-23	Q3131768	award	1965-01-01
petit-henri-1900-02-23	Q3131768	award	1972-01-01
halphen-georges-1844-10-30	Q476562	award	1888-01-01
halphen-georges-1844-10-30	Q476562	award	1883-01-01
halphen-georges-1844-10-30	Q476562	award	1880-01-01
rabaud-henri-1873-11-10	Q503861	award	1894-01-01
tardieu-jean-1903-11-01	Q561201	award	1972-01-01
tardieu-jean-1903-11-01	Q561201	award	1993-01-01
tardieu-jean-1903-11-01	Q561201	award	1986-01-01
tardieu-jean-1903-11-01	Q561201	award	1994-04-01
tardieu-jean-1903-11-01	Q561201	award	1986-01-01
roy-jules-1907-10-22	Q699393	award	1958-01-01
roy-jules-1907-10-22	Q699393	award	1940-01-01
roy-jules-1907-10-22	Q699393	award	1990-01-01
forestier-jacques-1890-07-27	Q721331	award	1917-01-01
forestier-jacques-1890-07-27	Q721331	award	1916-01-01
pean-jules-1830-11-29	Q781439	award	1892-01-01
pean-jules-1830-11-29	Q781439	award	1874-01-01
revelle-roger-1909-03-07	Q942808	award	1963-01-01
revelle-roger-1909-03-07	Q942808	award	1968-01-01
revelle-roger-1909-03-07	Q942808	award	1962-01-01
revelle-roger-1909-03-07	Q942808	award	1984-01-01
revelle-roger-1909-03-07	Q942808	award	1986-01-01
revelle-roger-1909-03-07	Q942808	award	1990-01-01
revelle-roger-1909-03-07	Q942808	award	1983-05-06
graham-otto-1921-12-06	Q960594	award	1943-01-01
bouchardat-appolinaire-1806-07-23	Q618902	award	1866-01-01
halphen-georges-1844-10-30	Q476562	award	1891-01-01
frison-roche-roger-1906-02-10	Q1393305	award	1971-01-01
frison-roche-roger-1906-02-10	Q1393305	award	1943-01-01
halphen-georges-1844-10-30	Q476562	award	1870-01-01
charles-ezzard-1921-07-07	Q471727	award	1990-01-01
schneider-camille-1900-11-29	Q2935068	award	1961-03-11
charles-ezzard-1921-07-07	Q471727	award	1949-01-01
charles-ezzard-1921-07-07	Q471727	award	1950-01-01
charles-ezzard-1921-07-07	Q471727	award	1949-01-01
roy-jules-1907-10-22	Q699393	award	1991-01-01
douris-roger-1882-03-18	Q104710906	award	1930-01-01
douris-roger-1882-03-18	Q104710906	award	1932-07-05
lazerges-jean-1817-07-05	Q3136076	award	1867-06-29
pourtal-de-ladeveze-jean-1898-11-28	Q3174103	award	1955-01-01
pourtal-de-ladeveze-jean-1898-11-28	Q3174103	award	1944-01-01
pourtal-de-ladeveze-jean-1898-11-28	Q3174103	award	1947-01-01
pourtal-de-ladeveze-jean-1898-11-28	Q3174103	award	1939-01-01
pourtal-de-ladeveze-jean-1898-11-28	Q3174103	award	1960-01-01
pourtal-de-ladeveze-jean-1898-11-28	Q3174103	award	1969-01-01
pourtal-de-ladeveze-jean-1898-11-28	Q3174103	award	1962-01-01
pourtal-de-ladeveze-jean-1898-11-28	Q3174103	award	1942-01-01
pourtal-de-ladeveze-jean-1898-11-28	Q3174103	award	1973-01-01
pourtal-de-ladeveze-jean-1898-11-28	Q3174103	award	1949-01-01
pourtal-de-ladeveze-jean-1898-11-28	Q3174103	award	1952-01-01
schutzenberger-paul-1829-12-23	Q3372188	award	1872-01-01
lenoir-charles-1860-10-22	Q4258652	award	1903-01-01
froment-delormel-jacques-1820-06-17	Q45299750	award	1863-01-24
hutchison-clyde-1913-05-05	Q5136857	award	1972-01-01
hutchison-clyde-1913-05-05	Q5136857	award	1955-01-01
bariety-maurice-jacques-clement-1897-09-16	Q60827628	award	1940-01-01
bariety-maurice-jacques-clement-1897-09-16	Q60827628	award	1961-01-01
bariety-maurice-jacques-clement-1897-09-16	Q60827628	award	1936-01-01
stoltz-joseph-1803-12-14	Q6191300	award	1865-08-12
stoltz-joseph-1803-12-14	Q6191300	award	1877-08-09
buttin-gerard-1931-10-21	Q96002570	award	1960-01-01
pourtal-de-ladeveze-jean-1898-11-28	Q3174103	award	1936-01-01
belmondo-jean-paul-1933-04-09	Q106255	award	2016-01-01
belmondo-jean-paul-1933-04-09	Q106255	award	2016-01-01
belmondo-jean-paul-1933-04-09	Q106255	award	2011-01-01
belmondo-jean-paul-1933-04-09	Q106255	award	1980-01-01
belmondo-jean-paul-1933-04-09	Q106255	award	2012-01-01
belmondo-jean-paul-1933-04-09	Q106255	award	2007-04-06
belmondo-jean-paul-1933-04-09	Q106255	award	2019-07-13
belmondo-jean-paul-1933-04-09	Q106255	award	1989-01-01
belmondo-jean-paul-1933-04-09	Q106255	award	2012-06-19
belmondo-jean-paul-1933-04-09	Q106255	award	1991-05-06
belmondo-jean-paul-1933-04-09	Q106255	award	1987-01-01
belmondo-jean-paul-1933-04-09	Q106255	award	1994-05-14
belmondo-jean-paul-1933-04-09	Q106255	award	2006-07-14
belmondo-jean-paul-1933-04-09	Q106255	award	1972-01-01
belmondo-jean-paul-1933-04-09	Q106255	award	2017-05-02
piaget-jean-1896-08-09	Q123190	award	1972-01-01
piaget-jean-1896-08-09	Q123190	award	1947-01-01
piaget-jean-1896-08-09	Q123190	award	1963-01-01
piaget-jean-1896-08-09	Q123190	award	1976-01-01
piaget-jean-1896-08-09	Q123190	award	1971-01-01
piaget-jean-1896-08-09	Q123190	award	1979-01-01
piaget-jean-1896-08-09	Q123190	award	1969-01-01
deyrolle-jean-jacques-1911-08-20	Q127270	award	1946-01-01
rommel-erwin-1891-11-15	Q14060	award	1915-03-22
rommel-erwin-1891-11-15	Q14060	award	1914-09-30
bourget-paul-1852-09-02	Q198644	award	1895-07-16
bourget-paul-1852-09-02	Q198644	award	1923-08-07
bourget-paul-1852-09-02	Q198644	award	1952-01-01
bourget-paul-1852-09-02	Q198644	award	1935-07-25
bourget-paul-1852-09-02	Q198644	award	1931-08-11
bourget-paul-1852-09-02	Q198644	award	1885-07-11
morante-elsa-1912-08-18	Q275979	award	1984-01-01
morante-elsa-1912-08-18	Q275979	award	1948-01-01
morante-elsa-1912-08-18	Q275979	award	1957-01-01
de-saint-exupery-antoine-1900-06-29	Q2908	award	1930-01-01
de-saint-exupery-antoine-1900-06-29	Q2908	award	1948-01-01
de-saint-exupery-antoine-1900-06-29	Q2908	award	1931-01-01
de-saint-exupery-antoine-1900-06-29	Q2908	award	1939-01-01
de-saint-exupery-antoine-1900-06-29	Q2908	award	1939-01-01
de-saint-exupery-antoine-1900-06-29	Q2908	award	1948-01-01
de-saint-exupery-antoine-1900-06-29	Q2908	award	1939-01-01
de-saint-exupery-antoine-1900-06-29	Q2908	award	1940-01-01
de-saint-exupery-antoine-1900-06-29	Q2908	award	1939-01-01
de-saint-exupery-antoine-1900-06-29	Q2908	award	2019-01-01
gracq-julien-1910-07-27	Q298051	award	1951-01-01
gracq-julien-1910-07-27	Q298051	award	2006-01-01
casimir-perier-jean-paul-1847-11-08	Q315656	award	1894-02-12
tal-coat-pierre-1905-12-12	Q320605	award	1976-07-05
weill-kurt-1900-03-02	Q55004	award	1970-01-01
weill-kurt-1900-03-02	Q55004	award	1947-04-06
caracciola-rudolf-1901-01-30	Q57365	award	1998-01-01
bultmann-rudolf-1884-08-20	Q76327	award	1954-01-01
bultmann-rudolf-1884-08-20	Q76327	award	1957-01-01
belmondo-jean-paul-1933-04-09	Q106255	award	2018-02-05
belmondo-jean-paul-1933-04-09	Q106255	award	2021-09-09
bourget-paul-1852-09-02	Q198644	award	1885-01-01
belmondo-jean-paul-1933-04-09	Q106255	position	1963-11-05
fouchet-christian-1911-11-17	Q1079532	position	1967-04-05
rochereau-henri-1908-03-25	Q1371253	position	1959-05-28
rochereau-henri-1908-03-25	Q1371253	position	1962-01-10
fredet-maurice-1899-02-09	Q16798465	position	1946-11-10
fredet-maurice-1899-02-09	Q16798465	position	1951-06-17
cour-pierre-1916-04-05	Q1894812	position	1974-07-05
bourget-paul-1852-09-02	Q198644	position	1926-01-01
bourget-paul-1852-09-02	Q198644	position	1894-05-31
simon-william-1927-11-27	Q2006144	position	1974-05-09
vallin-emile-1833-11-27	Q20971392	position	1888-01-01
oehlert-daniel-1849-11-01	Q3014886	position	1872-01-08
oehlert-daniel-1849-11-01	Q3014886	position	1871-11-06
oehlert-daniel-1849-11-01	Q3014886	position	1891-01-01
oehlert-daniel-1849-11-01	Q3014886	position	1910-01-01
oehlert-daniel-1849-11-01	Q3014886	position	1911-01-01
giacobbi-francois-1919-07-19	Q3084722	position	1984-01-01
casimir-perier-jean-paul-1847-11-08	Q315656	position	1893-12-03
casimir-perier-jean-paul-1847-11-08	Q315656	position	1894-06-27
casimir-perier-jean-paul-1847-11-08	Q315656	position	1894-06-27
lafferre-louis-1861-05-10	Q3262422	position	1903-01-01
lafferre-louis-1861-05-10	Q3262422	position	1920-01-01
lafferre-louis-1861-05-10	Q3262422	position	1898-01-01
mangin-louis-1852-09-08	Q3262606	position	1919-01-01
mangin-louis-1852-09-08	Q3262606	position	1929-01-01
guena-yves-1922-07-06	Q342878	position	1962-12-06
guena-yves-1922-07-06	Q342878	position	1960-01-01
guena-yves-1922-07-06	Q342878	position	1968-07-11
guena-yves-1922-07-06	Q342878	position	1973-04-02
guena-yves-1922-07-06	Q342878	position	1997-01-01
guena-yves-1922-07-06	Q342878	position	1978-04-03
guena-yves-1922-07-06	Q342878	position	1986-04-02
guena-yves-1922-07-06	Q342878	position	1971-03-21
guena-yves-1922-07-06	Q342878	position	1974-10-06
guena-yves-1922-07-06	Q342878	position	1967-04-03
cazot-theodore-1821-02-11	Q647707	position	1871-02-12
cazot-theodore-1821-02-11	Q647707	position	1880-01-01
cazot-theodore-1821-02-11	Q647707	position	1875-12-16
cazot-theodore-1821-02-11	Q647707	position	1871-01-01
cazot-theodore-1821-02-11	Q647707	position	1883-04-12
piatte-jean-1900-02-20	Q65588583	position	1956-03-01
bordeneuve-jacques-1908-08-28	Q662517	position	1956-02-01
bordeneuve-jacques-1908-08-28	Q662517	position	1958-05-14
durafour-michel-1920-04-11	Q691457	position	1978-03-19
durafour-michel-1920-04-11	Q691457	position	1992-01-24
durafour-michel-1920-04-11	Q691457	position	1973-04-02
durafour-michel-1920-04-11	Q691457	position	1968-07-11
durafour-michel-1920-04-11	Q691457	position	1967-04-03
durafour-michel-1920-04-11	Q691457	position	1964-12-21
monory-rene-1923-06-06	Q697358	position	1992-10-02
monory-rene-1923-06-06	Q697358	position	1978-04-03
gregh-fernand-1873-10-14	Q945624	position	1949-01-01
gregh-fernand-1873-10-14	Q945624	position	1953-01-29
lafferre-louis-1861-05-10	Q3262422	position	1907-01-01
paysan-catherine-roulette-1926-08-04	Q1051027	award	1967-01-01
paysan-catherine-roulette-1926-08-04	Q1051027	award	1967-01-01
busson-charles-1822-07-15	Q1063864	award	1866-01-01
busson-charles-1822-07-15	Q1063864	award	1887-01-01
fleisher-leon-1928-07-23	Q1356487	award	2006-01-01
whitworth-kathy-1939-09-27	Q2266429	award	1965-01-01
whitworth-kathy-1939-09-27	Q2266429	award	1966-01-01
laude-jean-1922-05-11	Q2977381	award	1999-01-01
laude-jean-1922-05-11	Q2977381	award	1975-01-01
oehlert-daniel-1849-11-01	Q3014886	award	1882-04-15
oehlert-daniel-1849-11-01	Q3014886	award	1895-04-19
oehlert-daniel-1849-11-01	Q3014886	award	1912-04-02
oehlert-daniel-1849-11-01	Q3014886	award	1881-01-01
viala-eugene-1859-09-08	Q3060211	award	1909-01-01
delarue-mardrus-lucie-1874-11-03	Q3087508	award	1936-01-01
guth-paul-1910-03-05	Q3088192	award	1964-01-01
guth-paul-1910-03-05	Q3088192	award	1956-01-01
guth-paul-1910-03-05	Q3088192	award	1984-01-01
guth-paul-1910-03-05	Q3088192	award	1978-01-01
lufbery-rauol-1885-03-14	Q3088654	award	1998-01-01
lagorce-guy-1937-01-12	Q3121901	award	1980-01-01
lagorce-guy-1937-01-12	Q3121901	award	1980-01-01
lagorce-guy-1937-01-12	Q3121901	award	1984-01-01
adorni-vittorio-1937-11-14	Q529098	award	2020-01-01
adorni-vittorio-1937-11-14	Q529098	award	2015-04-18
levy-jean-pierre-1911-05-28	Q879017	award	1943-03-24
levy-jean-pierre-1911-05-28	Q879017	award	1947-03-31
maillard-louis-1878-02-04	Q901889	award	1916-01-01
leighton-robert-1919-09-10	Q934337	award	1986-01-01
leighton-robert-1919-09-10	Q934337	award	1972-01-01
leighton-robert-1919-09-10	Q934337	award	1986-01-01
gregh-fernand-1873-10-14	Q945624	award	1890-01-01
gregh-fernand-1873-10-14	Q945624	award	1897-01-01
gevers-marie-1883-12-30	Q973291	award	1934-01-01
guth-paul-1910-03-05	Q3088192	award	1963-01-01
gregh-fernand-1873-10-14	Q945624	award	1905-01-01
durafour-michel-1920-04-11	Q691457	award	1963-01-01
paysan-catherine-roulette-1926-08-04	Q1051027	award	2000-01-01
lagorce-guy-1937-01-12	Q3121901	award	1976-01-01
guth-paul-1910-03-05	Q3088192	award	1980-01-01
lagorce-guy-1937-01-12	Q3121901	award	1973-01-01
simon-william-1927-11-27	Q2006144	award	1985-01-01
adorni-vittorio-1937-11-14	Q529098	award	2000-01-01
gregh-fernand-1873-10-14	Q945624	award	1947-01-01
gregh-fernand-1873-10-14	Q945624	award	1925-01-01
gregh-fernand-1873-10-14	Q945624	award	1913-01-01
gregh-fernand-1873-10-14	Q945624	award	1935-01-01
paysan-catherine-roulette-1926-08-04	Q1051027	award	1977-01-01
vallin-emile-1833-11-27	Q20971392	award	1854-01-01
toutee-georges-1855-02-26	Q22669306	award	1906-07-12
bromberger-serge-1912-08-29	Q26769583	award	1949-01-01
smith-alfred-1854-07-30	Q3299110	award	1926-01-01
bremond-d-ars-yvonne-1894-08-02	Q3574235	award	1961-01-01
bremond-d-ars-yvonne-1894-08-02	Q3574235	award	1952-01-01
bremond-d-ars-yvonne-1894-08-02	Q3574235	award	1959-01-01
bremond-d-ars-yvonne-1894-08-02	Q3574235	award	1956-01-01
bremond-d-ars-yvonne-1894-08-02	Q3574235	award	1971-01-01
bremond-d-ars-yvonne-1894-08-02	Q3574235	award	1968-01-01
barjou-henri-jules-1875-04-29	Q43127123	award	1928-01-01
bordeaux-joseph-1866-08-03	Q55672137	award	1951-01-15
lassaigne-jean-1800-09-22	Q6171051	award	1844-04-24
ledoux-charles-1892-10-27	Q5080144	award	2014-01-01
walther-charles-1855-02-23	Q110223240	award	1903-01-01
walther-charles-1855-02-23	Q110223240	award	1908-01-01
walther-charles-1855-02-23	Q110223240	award	1919-01-01
walther-charles-1855-02-23	Q110223240	award	1935-01-01
jobert-michel-1921-09-11	Q12960	position	1969-01-01
jobert-michel-1921-09-11	Q12960	position	1973-03-15
jobert-michel-1921-09-11	Q12960	position	1974-02-27
coty-rene-1882-03-20	Q158768	position	1954-01-16
coty-rene-1882-03-20	Q158768	position	1954-01-16
coty-rene-1882-03-20	Q158768	position	1948-11-07
coty-rene-1882-03-20	Q158768	position	1947-11-24
coty-rene-1882-03-20	Q158768	position	1945-10-21
coty-rene-1882-03-20	Q158768	position	1949-08-13
kastenmeier-robert-1924-01-24	Q2157813	position	1973-01-03
kastenmeier-robert-1924-01-24	Q2157813	position	1965-01-03
kastenmeier-robert-1924-01-24	Q2157813	position	1959-01-01
kastenmeier-robert-1924-01-24	Q2157813	position	1959-01-03
kastenmeier-robert-1924-01-24	Q2157813	position	1977-01-03
kastenmeier-robert-1924-01-24	Q2157813	position	1971-01-03
kastenmeier-robert-1924-01-24	Q2157813	position	1969-01-03
kastenmeier-robert-1924-01-24	Q2157813	position	1987-01-03
kastenmeier-robert-1924-01-24	Q2157813	position	1981-01-03
kastenmeier-robert-1924-01-24	Q2157813	position	1989-01-03
kastenmeier-robert-1924-01-24	Q2157813	position	1967-01-03
kastenmeier-robert-1924-01-24	Q2157813	position	1985-01-03
kastenmeier-robert-1924-01-24	Q2157813	position	1979-01-03
kastenmeier-robert-1924-01-24	Q2157813	position	1963-01-03
kastenmeier-robert-1924-01-24	Q2157813	position	1961-01-03
kastenmeier-robert-1924-01-24	Q2157813	position	1975-01-03
kastenmeier-robert-1924-01-24	Q2157813	position	1983-01-03
martin-leopold-1889-03-30	Q2215593	position	1940-08-10
martin-leopold-1889-03-30	Q2215593	position	1951-01-01
martin-leopold-1889-03-30	Q2215593	position	1940-08-10
prigent-robert-1910-11-24	Q2482445	position	1946-12-16
saunier-seite-alice-1925-04-26	Q2836659	position	1978-01-10
saunier-seite-alice-1925-04-26	Q2836659	position	1973-01-01
saunier-seite-alice-1925-04-26	Q2836659	position	1970-01-01
saunier-seite-alice-1925-04-26	Q2836659	position	1990-01-01
livon-charles-1850-05-19	Q2958239	position	1892-01-01
livon-charles-1850-05-19	Q2958239	position	1892-01-01
livon-charles-1850-05-19	Q2958239	position	1895-03-20
mesureur-gustave-1847-04-02	Q3121269	position	1895-11-01
mesureur-gustave-1847-04-02	Q3121269	position	1903-01-01
mesureur-gustave-1847-04-02	Q3121269	position	1887-01-01
mesureur-gustave-1847-04-02	Q3121269	position	1902-01-01
mesureur-gustave-1847-04-02	Q3121269	position	1912-01-01
mesureur-gustave-1847-04-02	Q3121269	position	1901-01-01
carrere-jean-1930-04-05	Q3171139	position	1983-03-01
legaret-jean-1913-08-29	Q3173146	position	1958-12-09
legaret-jean-1913-08-29	Q3173146	position	1968-09-22
legaret-jean-1913-08-29	Q3173146	position	1959-04-21
legaret-jean-1913-08-29	Q3173146	position	1969-01-27
freycinet-charles-de-1828-11-14	Q317957	position	1882-01-30
freycinet-charles-de-1828-11-14	Q317957	position	1915-10-29
freycinet-charles-de-1828-11-14	Q317957	position	1882-01-30
freycinet-charles-de-1828-11-14	Q317957	position	1870-01-01
freycinet-charles-de-1828-11-14	Q317957	position	1886-01-07
freycinet-charles-de-1828-11-14	Q317957	position	1879-12-28
freycinet-charles-de-1828-11-14	Q317957	position	1890-12-11
freycinet-charles-de-1828-11-14	Q317957	position	1886-01-07
freycinet-charles-de-1828-11-14	Q317957	position	1879-12-28
freycinet-charles-de-1828-11-14	Q317957	position	1877-12-13
freycinet-charles-de-1828-11-14	Q317957	position	1890-03-17
freycinet-charles-de-1828-11-14	Q317957	position	1876-01-30
freycinet-charles-de-1828-11-14	Q317957	position	1890-03-17
devinat-paul-1890-01-02	Q3371065	position	1956-04-16
dupuy-charles-1851-11-05	Q356032	position	1893-04-04
dupuy-charles-1851-11-05	Q356032	position	1894-05-30
dupuy-charles-1851-11-05	Q356032	position	1898-11-01
dupuy-charles-1851-11-05	Q356032	position	1894-06-25
copeau-jacques-1879-02-04	Q369758	position	1940-05-15
rochefort-henri-de-1831-01-30	Q642060	position	1869-01-01
rochefort-henri-de-1831-01-30	Q642060	position	1885-01-01
scowcroft-brent-1925-03-19	Q656511	position	1989-01-20
scowcroft-brent-1925-03-19	Q656511	position	1975-11-03
ducrot-auguste-1817-02-24	Q698422	position	1871-02-08
huyghe-rene-1906-05-03	Q733197	position	1960-06-02
balzac-honore-1799-05-20	Q9711	position	1839-01-01
abbe-ernst-1840-01-23	Q76359	position	1877-01-01
jacquemin-andre-1904-09-03	Q2847983	position	1955-01-01
jacquemin-andre-1904-09-03	Q2847983	position	1989-01-01
viansson-ponte-pierre-1920-08-02	Q3387278	position	1969-01-01
viansson-ponte-pierre-1920-08-02	Q3387278	position	1953-01-01
goddard-james-1923-04-24	Q41798595	position	1966-01-17
petchot-bacque-louis-1907-03-09	Q76505336	position	1971-01-01
petchot-bacque-louis-1907-03-09	Q76505336	position	1963-01-01
morel-andre-1933-07-07	Q117289459	position	1983-01-01
morel-andre-1933-07-07	Q117289459	award	2005-01-01
morel-andre-1933-07-07	Q117289459	award	1971-01-01
morin-jean-antoine-georges-1903-07-25	Q127516626	award	1958-01-01
morin-jean-antoine-georges-1903-07-25	Q127516626	award	1963-01-01
morin-jean-antoine-georges-1903-07-25	Q127516626	award	1960-01-01
morin-jean-antoine-georges-1903-07-25	Q127516626	award	1947-01-01
morin-jean-antoine-georges-1903-07-25	Q127516626	award	1937-01-01
duval-pierre-1874-06-24	Q24002696	award	1920-02-12
cuau-yves-1934-09-10	Q27074372	award	1968-01-01
chadel-jules-1870-06-10	Q27925670	award	1927-09-07
sergent-emile-1867-07-11	Q42593536	award	1924-01-01
petchot-bacque-louis-1907-03-09	Q76505336	award	1984-04-12
ansermet-ernest-1883-11-11	Q123603	award	1955-01-01
jobert-michel-1921-09-11	Q12960	award	1974-01-01
jobert-michel-1921-09-11	Q12960	award	1973-01-01
jobert-michel-1921-09-11	Q12960	award	1989-01-01
strauss-richard-1864-06-11	Q13894	award	1936-01-01
strauss-richard-1864-06-11	Q13894	award	1910-01-01
strauss-richard-1864-06-11	Q13894	award	1924-01-01
strauss-richard-1864-06-11	Q13894	award	1934-06-11
strauss-richard-1864-06-11	Q13894	award	1936-01-01
coty-rene-1882-03-20	Q158768	award	1955-01-01
coty-rene-1882-03-20	Q158768	award	1954-11-19
coty-rene-1882-03-20	Q158768	award	1954-01-16
freycinet-charles-de-1828-11-14	Q317957	award	1870-01-01
copeau-jacques-1879-02-04	Q369758	award	1935-01-01
copeau-jacques-1879-02-04	Q369758	award	1924-01-01
hilbert-david-1862-01-23	Q41585	award	1942-01-01
hilbert-david-1862-01-23	Q41585	award	1907-01-01
hilbert-david-1862-01-23	Q41585	award	1903-01-01
hilbert-david-1862-01-23	Q41585	award	1903-01-01
hilbert-david-1862-01-23	Q41585	award	1928-06-21
hilbert-david-1862-01-23	Q41585	award	1906-01-01
hilbert-david-1862-01-23	Q41585	award	1910-01-01
franc-nohain-legrand-1872-10-25	Q447103	award	1932-01-01
franc-nohain-legrand-1872-10-25	Q447103	award	1929-01-01
feuillere-edwige-1907-10-29	Q449091	award	1992-12-31
feuillere-edwige-1907-10-29	Q449091	award	1989-11-06
roussel-raymond-1877-01-20	Q462662	award	1928-01-01
strohl-andre-1887-03-20	Q522956	award	1950-01-01
suares-andre-1868-06-12	Q522970	award	1947-01-01
suares-andre-1868-06-12	Q522970	award	1935-01-01
simonin-albert-1905-04-18	Q533171	award	1953-01-01
rictus-jehan-1867-09-21	Q630464	award	1933-07-13
scowcroft-brent-1925-03-19	Q656511	award	1991-01-01
scowcroft-brent-1925-03-19	Q656511	award	2013-01-01
wilson-georges-1921-10-16	Q677496	award	2001-01-01
wilson-georges-1921-10-16	Q677496	award	1983-02-21
ducrot-auguste-1817-02-24	Q698422	award	1870-08-20
proust-marcel-1871-07-10	Q7199	award	1919-01-01
proust-marcel-1871-07-10	Q7199	award	1950-01-01
proust-marcel-1871-07-10	Q7199	award	1920-01-01
huyghe-rene-1906-05-03	Q733197	award	1953-01-01
abbe-ernst-1840-01-23	Q76359	award	1903-01-01
robling-johann-august-1806-06-12	Q77237	award	2004-01-01
de-maupassant-guy-1850-08-05	Q9327	award	1893-01-01
malden-karl-1912-03-22	Q94992	award	1952-03-20
malden-karl-1912-03-22	Q94992	award	1985-01-01
balzac-honore-1799-05-20	Q9711	award	1952-01-01
balzac-honore-1799-05-20	Q9711	award	1845-01-01
coty-rene-1882-03-20	Q158768	award	1954-12-02
coty-rene-1882-03-20	Q158768	award	1957-01-01
freycinet-charles-de-1828-11-14	Q317957	award	1865-01-01
abbe-ernst-1840-01-23	Q76359	award	1882-01-01
suares-andre-1868-06-12	Q522970	award	1903-01-01
lapicque-charles-1898-10-06	Q1065281	award	2000-08-07
robert-cesar-1801-11-17	Q20723717	award	1860-01-01
joets-jules-1884-09-01	Q21465378	award	1913-01-01
saunier-seite-alice-1925-04-26	Q2836659	award	1994-04-01
saunier-seite-alice-1925-04-26	Q2836659	award	1973-01-01
saunier-seite-alice-1925-04-26	Q2836659	award	1964-01-01
saunier-seite-alice-1925-04-26	Q2836659	award	1965-01-01
saunier-seite-alice-1925-04-26	Q2836659	award	1997-11-10
saunier-seite-alice-1925-04-26	Q2836659	award	1995-11-14
livon-charles-1850-05-19	Q2958239	award	1896-01-01
guernier-charles-1870-04-26	Q2959267	award	1924-09-27
beaujouan-guy-1925-06-23	Q3121538	award	1974-01-01
beaujouan-guy-1925-06-23	Q3121538	award	1973-01-01
hillairet-jacques-coussillan-1886-07-31	Q3159106	award	1954-01-01
hillairet-jacques-coussillan-1886-07-31	Q3159106	award	1964-01-01
hillairet-jacques-coussillan-1886-07-31	Q3159106	award	1957-01-01
verane-leon-1886-12-21	Q3271400	award	1951-01-01
verane-leon-1886-12-21	Q3271400	award	1930-01-01
johannet-rene-1884-03-17	Q3426411	award	1920-01-01
johannet-rene-1884-03-17	Q3426411	award	1951-01-01
johannet-rene-1884-03-17	Q3426411	award	1936-01-01
legrand-dusaulle-henri-1830-04-16	Q5715587	award	1881-01-01
huyghe-rene-1906-05-03	Q733197	award	1966-01-01
huyghe-rene-1906-05-03	Q733197	award	1956-01-01
guilloux-louis-1899-01-15	Q862935	award	1949-01-01
guilloux-louis-1899-01-15	Q862935	award	1973-01-01
guilloux-louis-1899-01-15	Q862935	award	1942-01-01
guilloux-louis-1899-01-15	Q862935	award	1967-01-01
guilloux-louis-1899-01-15	Q862935	award	1978-01-01
hillairet-jacques-coussillan-1886-07-31	Q3159106	award	1957-01-01
guilloux-louis-1899-01-15	Q862935	award	1977-01-01
beaujouan-guy-1925-06-23	Q3121538	award	1947-01-01
beaujouan-guy-1925-06-23	Q3121538	award	2005-01-01
viansson-ponte-pierre-1920-08-02	Q3387278	award	1971-01-01
doumer-paul-1857-03-22	Q12680	award	1932-01-01
ohm-georg-simon-1789-03-16	Q1585	award	1850-01-01
ohm-georg-simon-1789-03-16	Q1585	award	1842-05-05
ohm-georg-simon-1789-03-16	Q1585	award	1853-01-01
ohm-georg-simon-1789-03-16	Q1585	award	1841-01-01
bastie-maryse-1898-02-27	Q18410	award	1947-01-01
bastie-maryse-1898-02-27	Q18410	award	1937-01-01
bastie-maryse-1898-02-27	Q18410	award	1937-01-01
bastie-maryse-1898-02-27	Q18410	award	1947-03-31
bastie-maryse-1898-02-27	Q18410	award	1931-01-01
gabin-jean-moncorge-1904-05-17	Q23842	award	1951-01-01
gabin-jean-moncorge-1904-05-17	Q23842	award	1954-01-01
gabin-jean-moncorge-1904-05-17	Q23842	award	1976-01-01
ratzinger-joseph-1927-04-16	Q2494	award	2015-01-01
ratzinger-joseph-1927-04-16	Q2494	award	1994-01-01
ratzinger-joseph-1927-04-16	Q2494	award	2005-06-16
ratzinger-joseph-1927-04-16	Q2494	award	2000-01-01
ratzinger-joseph-1927-04-16	Q2494	award	1986-01-01
ratzinger-joseph-1927-04-16	Q2494	award	2006-01-01
ratzinger-joseph-1927-04-16	Q2494	award	1989-01-01
ratzinger-joseph-1927-04-16	Q2494	award	1988-01-01
ratzinger-joseph-1927-04-16	Q2494	award	2010-01-01
ratzinger-joseph-1927-04-16	Q2494	award	2009-12-16
ratzinger-joseph-1927-04-16	Q2494	award	1985-01-01
ratzinger-joseph-1927-04-16	Q2494	award	1995-01-01
ratzinger-joseph-1927-04-16	Q2494	award	1998-01-01
ratzinger-joseph-1927-04-16	Q2494	award	2008-08-12
ratzinger-joseph-1927-04-16	Q2494	award	1977-01-01
ratzinger-joseph-1927-04-16	Q2494	award	2005-01-01
ratzinger-joseph-1927-04-16	Q2494	award	2015-01-01
ratzinger-joseph-1927-04-16	Q2494	award	2011-11-09
ratzinger-joseph-1927-04-16	Q2494	award	2018-01-01
ratzinger-joseph-1927-04-16	Q2494	award	1987-01-01
ratzinger-joseph-1927-04-16	Q2494	award	1988-01-01
maurras-charles-1868-04-20	Q3048	award	1943-01-01
clay-cassius-1942-01-17	Q36107	award	2001-01-01
clay-cassius-1942-01-17	Q36107	award	2005-01-01
clay-cassius-1942-01-17	Q36107	award	2002-01-11
clay-cassius-1942-01-17	Q36107	award	1974-01-01
clay-cassius-1942-01-17	Q36107	award	2005-01-01
noailles-anna-1876-11-15	Q6050	award	1902-01-01
noailles-anna-1876-11-15	Q6050	award	1921-01-01
gabin-jean-moncorge-1904-05-17	Q23842	award	1987-01-01
clay-cassius-1942-01-17	Q36107	award	1990-01-01
clay-cassius-1942-01-17	Q36107	award	1984-01-01
clay-cassius-1942-01-17	Q36107	award	1975-01-01
clay-cassius-1942-01-17	Q36107	award	1974-01-01
clay-cassius-1942-01-17	Q36107	award	1965-01-01
clay-cassius-1942-01-17	Q36107	award	1974-01-01
clay-cassius-1942-01-17	Q36107	award	1975-01-01
ohm-georg-simon-1789-03-16	Q1585	award	1851-01-01
doumer-paul-1857-03-22	Q12680	award	1905-01-01
perrin-jean-1870-09-30	Q134085	award	1914-01-01
perrin-jean-1870-09-30	Q134085	award	1907-01-01
perrin-jean-1870-09-30	Q134085	award	1913-01-01
perrin-jean-1870-09-30	Q134085	award	1938-01-01
perrin-jean-1870-09-30	Q134085	award	1918-02-28
perrin-jean-1870-09-30	Q134085	award	1926-01-01
perrin-jean-1870-09-30	Q134085	award	1926-01-01
perrin-jean-1870-09-30	Q134085	award	1911-01-01
perrin-jean-1870-09-30	Q134085	award	1926-01-01
roth-philip-1933-03-19	Q187019	award	2011-01-01
roth-philip-1933-03-19	Q187019	award	1987-01-01
roth-philip-1933-03-19	Q187019	award	2004-01-01
roth-philip-1933-03-19	Q187019	award	1991-01-01
roth-philip-1933-03-19	Q187019	award	2001-05-28
roth-philip-1933-03-19	Q187019	award	2013-01-01
roth-philip-1933-03-19	Q187019	award	2007-01-01
roth-philip-1933-03-19	Q187019	award	1995-01-01
roth-philip-1933-03-19	Q187019	award	2005-01-01
roth-philip-1933-03-19	Q187019	award	2001-01-01
roth-philip-1933-03-19	Q187019	award	1994-01-01
roth-philip-1933-03-19	Q187019	award	1960-01-01
roth-philip-1933-03-19	Q187019	award	2002-01-01
roth-philip-1933-03-19	Q187019	award	2010-01-01
roth-philip-1933-03-19	Q187019	award	1998-01-01
roth-philip-1933-03-19	Q187019	award	2012-01-01
roth-philip-1933-03-19	Q187019	award	2001-01-01
roth-philip-1933-03-19	Q187019	award	2006-01-01
roth-philip-1933-03-19	Q187019	award	2010-01-01
roth-philip-1933-03-19	Q187019	award	2001-01-01
roth-philip-1933-03-19	Q187019	award	2012-01-01
roth-philip-1933-03-19	Q187019	award	2002-01-01
schwartz-laurent-1915-03-05	Q212081	award	1934-01-01
schwartz-laurent-1915-03-05	Q212081	award	1946-01-01
schwartz-laurent-1915-03-05	Q212081	award	1964-01-01
schwartz-laurent-1915-03-05	Q212081	award	1964-01-01
schwartz-laurent-1915-03-05	Q212081	award	1945-01-01
schwartz-laurent-1915-03-05	Q212081	award	1997-01-01
schwartz-laurent-1915-03-05	Q212081	award	1950-01-01
fizeau-armand-1819-09-23	Q216814	award	1866-01-01
fizeau-armand-1819-09-23	Q216814	award	1875-04-08
bonheur-rosa-1822-03-16	Q241732	award	1885-01-01
bonheur-rosa-1822-03-16	Q241732	award	1894-04-03
bonheur-rosa-1822-03-16	Q241732	award	1880-01-01
bonheur-rosa-1822-03-16	Q241732	award	1894-01-01
bonheur-rosa-1822-03-16	Q241732	award	1880-01-01
bonheur-rosa-1822-03-16	Q241732	award	1890-01-01
bonheur-rosa-1822-03-16	Q241732	award	1865-06-08
bonheur-rosa-1822-03-16	Q241732	award	1865-01-01
zimmermann-bernd-alois-1918-03-20	Q312582	award	1969-01-01
kneipp-sebastian-1821-05-17	Q45075	award	1892-05-01
budge-john-1915-06-13	Q53343	award	1937-01-01
budge-john-1915-06-13	Q53343	award	1938-01-01
linde-carl-1842-06-11	Q61864	award	1897-01-01
linde-carl-1842-06-11	Q61864	award	1916-01-01
linde-carl-1842-06-11	Q61864	award	1914-01-01
linde-carl-1842-06-11	Q61864	award	1922-01-01
linde-carl-1842-06-11	Q61864	award	1907-01-01
linde-carl-1842-06-11	Q61864	award	1897-01-01
jame-lucien-1891-10-20	Q80884	award	1946-01-01
jame-lucien-1891-10-20	Q80884	award	1945-01-01
jame-lucien-1891-10-20	Q80884	award	1935-01-01
jame-lucien-1891-10-20	Q80884	award	1933-01-01
jame-lucien-1891-10-20	Q80884	award	1967-01-01
jame-lucien-1891-10-20	Q80884	award	1951-01-01
jame-lucien-1891-10-20	Q80884	award	1927-01-01
jame-lucien-1891-10-20	Q80884	award	1950-01-01
jame-lucien-1891-10-20	Q80884	award	1932-01-01
jame-lucien-1891-10-20	Q80884	award	1950-01-01
jame-lucien-1891-10-20	Q80884	award	1970-01-01
perrin-jean-1870-09-30	Q134085	award	1946-01-01
fizeau-armand-1819-09-23	Q216814	award	1849-01-01
patterson-floyd-1935-01-04	Q314051	award	1991-01-01
patterson-floyd-1935-01-04	Q314051	award	1995-01-01
patterson-floyd-1935-01-04	Q314051	award	1956-01-01
patterson-floyd-1935-01-04	Q314051	award	1960-01-01
clay-cassius-1942-01-17	Q36107	award	1966-01-01
clay-cassius-1942-01-17	Q36107	award	1963-01-01
clay-cassius-1942-01-17	Q36107	award	1978-01-01
clay-cassius-1942-01-17	Q36107	award	1972-01-01
linde-carl-1842-06-11	Q61864	award	1900-01-01
botrel-theodore-1868-09-14	Q2773178	award	1913-01-01
lunel-armand-1892-06-09	Q2861926	award	1926-01-01
lunel-armand-1892-06-09	Q2861926	award	1947-01-01
lunel-armand-1892-06-09	Q2861926	award	1963-01-01
bard-henri-1892-04-29	Q326990	award	1938-01-01
beaufre-andre-1902-01-25	Q353924	award	1926-01-01
beaufre-andre-1902-01-25	Q353924	award	1972-01-01
beaufre-andre-1902-01-25	Q353924	award	1944-01-01
beaufre-andre-1902-01-25	Q353924	award	1958-01-01
beaufre-andre-1902-01-25	Q353924	award	1948-01-01
koenig-pierre-1898-10-10	Q433116	award	1918-09-26
koenig-pierre-1898-10-10	Q433116	award	1947-03-11
koenig-pierre-1898-10-10	Q433116	award	1942-06-25
lyot-bernard-1897-02-27	Q433773	award	1947-01-01
lyot-bernard-1897-02-27	Q433773	award	1932-01-01
lyot-bernard-1897-02-27	Q433773	award	1942-01-01
lyot-bernard-1897-02-27	Q433773	award	1931-01-01
lyot-bernard-1897-02-27	Q433773	award	1930-01-01
lyot-bernard-1897-02-27	Q433773	award	1951-01-01
lyot-bernard-1897-02-27	Q433773	award	1938-01-01
lyot-bernard-1897-02-27	Q433773	award	1939-01-01
charles-roux-edmonde-1920-04-17	Q455509	award	1977-01-01
charles-roux-edmonde-1920-04-17	Q455509	award	1966-01-01
charles-roux-edmonde-1920-04-17	Q455509	award	2010-01-01
charles-roux-edmonde-1920-04-17	Q455509	award	2013-01-01
hazard-paul-1878-08-30	Q462281	award	1945-01-01
hazard-paul-1878-08-30	Q462281	award	1928-01-01
hazard-paul-1878-08-30	Q462281	award	1928-02-19
hazard-paul-1878-08-30	Q462281	award	1912-01-01
hazard-paul-1878-08-30	Q462281	award	1919-01-01
hazard-paul-1878-08-30	Q462281	award	1897-01-01
hazard-paul-1878-08-30	Q462281	award	1911-01-01
lachenal-louis-1921-07-17	Q494583	award	1950-01-01
lachenal-louis-1921-07-17	Q494583	award	1955-01-01
lachenal-louis-1921-07-17	Q494583	award	1950-07-26
guenon-rene-1886-11-15	Q496850	award	1904-01-01
ford-henry-1917-09-04	Q516858	award	1969-01-01
marie-pierre-1853-09-09	Q609441	award	1913-08-09
marie-pierre-1853-09-09	Q609441	award	1921-02-14
marie-pierre-1853-09-09	Q609441	award	1900-08-13
peterson-russel-1916-10-03	Q881892	award	1978-01-01
peterson-russel-1916-10-03	Q881892	award	1977-01-01
peterson-russel-1916-10-03	Q881892	award	1974-01-01
fremy-edmond-1814-02-22	Q901574	award	1844-01-01
fremy-edmond-1814-02-22	Q901574	award	1862-01-01
fremy-edmond-1814-02-22	Q901574	award	1878-10-20
mascart-eleuthere-1837-02-20	Q931278	award	1892-05-19
mascart-eleuthere-1837-02-20	Q931278	award	1900-01-01
beaufre-andre-1902-01-25	Q353924	award	1973-01-01
patterson-floyd-1935-01-04	Q314051	award	1960-01-01
patterson-floyd-1935-01-04	Q314051	award	1956-01-01
mascart-eleuthere-1837-02-20	Q931278	award	1900-01-01
charles-roux-edmonde-1920-04-17	Q455509	award	1992-05-16
doumer-paul-1857-03-22	Q12680	position	1931-06-13
doumer-paul-1857-03-22	Q12680	position	1904-01-01
doumer-paul-1857-03-22	Q12680	position	1931-06-13
perrin-jean-1870-09-30	Q134085	position	1936-01-01
perrin-jean-1870-09-30	Q134085	position	1929-01-01
gallieni-joseph-1849-04-24	Q17577	position	1896-01-01
gallieni-joseph-1849-04-24	Q17577	position	1915-10-29
gallieni-joseph-1849-04-24	Q17577	position	1914-08-26
gallieni-joseph-1849-04-24	Q17577	position	1906-06-24
ornano-michel-d-1924-07-12	Q1940443	position	1988-06-23
ornano-michel-d-1924-07-12	Q1940443	position	1974-01-01
ornano-michel-d-1924-07-12	Q1940443	position	1983-01-01
ornano-michel-d-1924-07-12	Q1940443	position	1979-01-01
ornano-michel-d-1924-07-12	Q1940443	position	1967-04-03
ornano-michel-d-1924-07-12	Q1940443	position	1973-04-02
ornano-michel-d-1924-07-12	Q1940443	position	1986-04-02
ornano-michel-d-1924-07-12	Q1940443	position	1981-07-02
ornano-michel-d-1924-07-12	Q1940443	position	1962-01-01
ornano-michel-d-1924-07-12	Q1940443	position	1976-01-01
ornano-michel-d-1924-07-12	Q1940443	position	1968-07-11
ornano-michel-d-1924-07-12	Q1940443	position	1977-03-30
ornano-michel-d-1924-07-12	Q1940443	position	1978-04-03
ornano-michel-d-1924-07-12	Q1940443	position	1981-03-04
schwartz-laurent-1915-03-05	Q212081	position	1960-01-01
fizeau-armand-1819-09-23	Q216814	position	1878-01-01
ratzinger-joseph-1927-04-16	Q2494	position	1993-04-05
ratzinger-joseph-1927-04-16	Q2494	position	1977-03-24
ratzinger-joseph-1927-04-16	Q2494	position	2013-02-28
ratzinger-joseph-1927-04-16	Q2494	position	1981-11-25
ratzinger-joseph-1927-04-16	Q2494	position	2002-11-27
ratzinger-joseph-1927-04-16	Q2494	position	2002-11-30
ratzinger-joseph-1927-04-16	Q2494	position	1977-06-27
ratzinger-joseph-1927-04-16	Q2494	position	2005-04-19
ratzinger-joseph-1927-04-16	Q2494	position	1977-06-27
maurras-charles-1868-04-20	Q3048	position	1941-01-01
maurras-charles-1868-04-20	Q3048	position	1938-06-09
closon-louis-1910-06-18	Q3081263	position	1944-01-01
closon-louis-1910-06-18	Q3081263	position	1946-01-01
clancier-georges-1914-05-03	Q3102084	position	1976-01-01
buot-henri-1908-07-15	Q3130375	position	1958-12-09
buot-henri-1908-07-15	Q3130375	position	1962-12-06
buot-henri-1908-07-15	Q3130375	position	1967-04-03
buot-henri-1908-07-15	Q3130375	position	1968-07-11
madaule-jacques-1898-10-11	Q3159455	position	1984-01-01
madaule-jacques-1898-10-11	Q3159455	position	1949-01-01
madaule-jacques-1898-10-11	Q3159455	position	1949-01-01
durbet-marius-1904-02-28	Q3293796	position	1958-12-09
durbet-marius-1904-02-28	Q3293796	position	1962-12-06
cazenave-michel-1942-06-09	Q3309217	position	1966-01-01
bothereau-robert-1901-02-22	Q3434617	position	1948-01-01
moniez-romain-1852-02-17	Q3440700	position	1883-01-01
moniez-romain-1852-02-17	Q3440700	position	1898-11-01
moniez-romain-1852-02-17	Q3440700	position	1905-03-24
moniez-romain-1852-02-17	Q3440700	position	1897-01-01
moniez-romain-1852-02-17	Q3440700	position	1898-01-01
koenig-pierre-1898-10-10	Q433116	position	1956-01-19
koenig-pierre-1898-10-10	Q433116	position	1944-01-01
koenig-pierre-1898-10-10	Q433116	position	1951-07-05
koenig-pierre-1898-10-10	Q433116	position	1951-11-26
charles-roux-edmonde-1920-04-17	Q455509	position	2002-01-01
hazard-paul-1878-08-30	Q462281	position	1940-01-11
ford-henry-1917-09-04	Q516858	position	1960-01-01
ford-henry-1917-09-04	Q516858	position	1960-01-01
ford-henry-1917-09-04	Q516858	position	1945-01-01
ford-henry-1917-09-04	Q516858	position	1945-01-01
sandeau-jules-1811-02-19	Q609039	position	1858-02-11
jame-lucien-1891-10-20	Q80884	position	1948-01-01
peterson-russel-1916-10-03	Q881892	position	1969-01-21
peterson-russel-1916-10-03	Q881892	position	1973-01-01
fremy-edmond-1814-02-22	Q901574	position	1879-01-01
fremy-edmond-1814-02-22	Q901574	position	1875-01-01
thomas-guy-1924-01-01	Q918630	position	1978-01-01
thomas-guy-1924-01-01	Q918630	position	1997-01-01
mascart-eleuthere-1837-02-20	Q931278	position	1894-01-01
madaule-jacques-1898-10-11	Q3159455	position	1923-01-01
bernou-andre-edouard-maurice-1889-12-14	Q112388198	position	1944-01-01
briot-louis-1905-02-15	Q15973987	position	1951-06-17
briot-louis-1905-02-15	Q15973987	position	1967-04-03
briot-louis-1905-02-15	Q15973987	position	1968-07-11
briot-louis-1905-02-15	Q15973987	position	1962-12-06
briot-louis-1905-02-15	Q15973987	position	1958-12-09
evrard-just-1898-05-31	Q16798459	position	1945-10-21
evrard-just-1898-05-31	Q16798459	position	1958-11-30
moitessier-albert-1833-01-11	Q32860012	position	1879-01-01
moniez-romain-1852-02-17	Q3440700	position	1908-01-01
moniez-romain-1852-02-17	Q3440700	position	1881-02-16
spillmann-louis-1875-08-20	Q71965589	position	1923-01-01
tremblay-emmanuel-1920-03-29	Q72573300	position	2003-01-01
leclercq-lucien-louis-1856-09-18	Q105412715	award	1904-01-01
bornecque-jacques-henry-1910-12-15	Q30118258	award	1949-01-01
bornecque-jacques-henry-1910-12-15	Q30118258	award	1958-01-01
bornecque-jacques-henry-1910-12-15	Q30118258	award	1977-01-01
bornecque-jacques-henry-1910-12-15	Q30118258	award	1958-01-01
clancier-georges-1914-05-03	Q3102084	award	1957-01-01
clancier-georges-1914-05-03	Q3102084	award	1971-01-01
clancier-georges-1914-05-03	Q3102084	award	1996-01-01
clancier-georges-1914-05-03	Q3102084	award	1970-01-01
madaule-jacques-1898-10-11	Q3159455	award	1944-01-01
madaule-jacques-1898-10-11	Q3159455	award	1973-01-01
bernard-jean-1908-12-17	Q3170716	award	1973-01-01
bernard-jean-1908-12-17	Q3170716	award	1960-01-01
boyer-lucien-1876-01-20	Q3265397	award	1920-01-01
boyer-lucien-1876-01-20	Q3265397	award	1933-01-01
vaucaire-maurice-1863-07-02	Q3301489	award	1913-07-05
moniez-romain-1852-02-17	Q3440700	award	1903-07-28
spillmann-louis-1875-08-20	Q71965589	award	1918-01-01
spillmann-louis-1875-08-20	Q71965589	award	1929-01-01
spillmann-louis-1875-08-20	Q71965589	award	1938-01-01
clancier-georges-1914-05-03	Q3102084	award	1992-01-01
clancier-georges-1914-05-03	Q3102084	award	1958-01-01
dunant-henri-1828-05-08	Q12091	award	1865-03-31
dunant-henri-1828-05-08	Q12091	award	1864-01-12
dunant-henri-1828-05-08	Q12091	award	1865-02-15
dunant-henri-1828-05-08	Q12091	award	1865-03-04
dunant-henri-1828-05-08	Q12091	award	1865-01-25
dunant-henri-1828-05-08	Q12091	award	1864-05-04
dunant-henri-1828-05-08	Q12091	award	1860-01-16
dunant-henri-1828-05-08	Q12091	award	1864-06-02
dunant-henri-1828-05-08	Q12091	award	1901-01-01
dunant-henri-1828-05-08	Q12091	award	1860-01-01
dunant-henri-1828-05-08	Q12091	award	1864-04-29
dunant-henri-1828-05-08	Q12091	award	1866-04-19
adorno-theodor-we-1903-09-11	Q152388	award	1963-01-01
lebrun-albert-1871-08-29	Q158749	award	1933-01-01
lebrun-albert-1871-08-29	Q158749	award	1932-01-01
liouville-joseph-1809-03-24	Q214549	award	1879-01-01
liouville-joseph-1809-03-24	Q214549	award	1861-01-01
liouville-joseph-1809-03-24	Q214549	award	1850-11-21
jacob-francois-1920-06-17	Q218311	award	1993-01-01
jacob-francois-1920-06-17	Q218311	award	1977-01-01
jacob-francois-1920-06-17	Q218311	award	1962-01-01
jacob-francois-1920-06-17	Q218311	award	1965-01-01
jacob-francois-1920-06-17	Q218311	award	1973-05-03
jacob-francois-1920-06-17	Q218311	award	1982-01-01
jacob-francois-1920-06-17	Q218311	award	1974-12-05
jacob-francois-1920-06-17	Q218311	award	1962-01-01
dufourcq-norbert-1904-09-21	Q221775	award	1936-01-01
dufourcq-norbert-1904-09-21	Q221775	award	1983-01-01
feinstein-dianne-1933-06-22	Q230733	award	2002-01-01
eliot-thomas-stearns-1888-09-26	Q37767	award	1959-01-01
eliot-thomas-stearns-1888-09-26	Q37767	award	1948-01-01
eliot-thomas-stearns-1888-09-26	Q37767	award	1950-04-09
eliot-thomas-stearns-1888-09-26	Q37767	award	1964-01-01
eliot-thomas-stearns-1888-09-26	Q37767	award	1981-01-01
eliot-thomas-stearns-1888-09-26	Q37767	award	1983-06-05
eliot-thomas-stearns-1888-09-26	Q37767	award	1952-01-01
eliot-thomas-stearns-1888-09-26	Q37767	award	1983-06-05
eliot-thomas-stearns-1888-09-26	Q37767	award	1948-01-01
eliot-thomas-stearns-1888-09-26	Q37767	award	1951-01-01
france-anatole-1844-04-16	Q42443	award	1889-01-01
france-anatole-1844-04-16	Q42443	award	1895-07-16
france-anatole-1844-04-16	Q42443	award	1950-01-01
france-anatole-1844-04-16	Q42443	award	1884-12-31
france-anatole-1844-04-16	Q42443	award	1882-01-01
france-anatole-1844-04-16	Q42443	award	1921-01-01
le-corbusier-1887-10-06	Q4724	award	1953-01-01
le-corbusier-1887-10-06	Q4724	award	1957-01-01
le-corbusier-1887-10-06	Q4724	award	1961-01-01
le-corbusier-1887-10-06	Q4724	award	1963-01-01
audry-colette-1906-07-06	Q52249	award	1962-01-01
betz-pauline-1919-08-06	Q53331	award	1995-01-01
betz-pauline-1919-08-06	Q53331	award	1990-01-01
lollobrigida-gina-1927-07-04	Q56009	award	2018-02-01
lollobrigida-gina-1927-07-04	Q56009	award	1992-01-01
lollobrigida-gina-1927-07-04	Q56009	award	1987-04-27
lollobrigida-gina-1927-07-04	Q56009	award	1961-01-01
lollobrigida-gina-1927-07-04	Q56009	award	1985-01-01
messter-oskar-1866-11-21	Q70366	award	1941-01-01
lollobrigida-gina-1927-07-04	Q56009	award	1953-01-01
pupat-jean-1901-09-23	Q17497031	position	1951-11-26
la-noe-bidard-de-r-1887-12-23	Q17638330	position	1951-06-17
la-noe-bidard-de-r-1887-12-23	Q17638330	position	1952-01-01
bourdelles-pierre-1908-04-23	Q19606828	position	1967-04-03
bourdelles-pierre-1908-04-23	Q19606828	position	1962-12-06
bourdelles-pierre-1908-04-23	Q19606828	position	1974-01-01
bourdelles-pierre-1908-04-23	Q19606828	position	1949-01-01
bourdelles-pierre-1908-04-23	Q19606828	position	1935-01-01
bourdelles-pierre-1908-04-23	Q19606828	position	1958-12-09
bourdelles-pierre-1908-04-23	Q19606828	position	1973-04-02
bourdelles-pierre-1908-04-23	Q19606828	position	1968-07-11
savonne-andre-1930-09-18	Q29261529	position	1971-01-01
savonne-andre-1930-09-18	Q29261529	position	1990-01-01
dior-lucien-1867-07-04	Q3265475	position	1906-05-06
dior-lucien-1867-07-04	Q3265475	position	1921-01-16
touchard-pierre-1903-08-15	Q3382751	position	1968-01-01
touchard-pierre-1903-08-15	Q3382751	position	1947-01-01
metayer-pierre-1905-08-26	Q3386407	position	1967-04-03
douzou-pierre-1926-08-25	Q52115746	position	1989-01-01
boquien-yves-1904-05-30	Q54942455	position	1958-01-01
boquien-yves-1904-05-30	Q54942455	position	1947-10-01
pricolo-francesco-1891-01-30	Q1441197	position	1939-11-10
pricolo-francesco-1891-01-30	Q1441197	position	1939-03-23
lebrun-albert-1871-08-29	Q158749	position	1932-05-10
lebrun-albert-1871-08-29	Q158749	position	1913-12-22
lebrun-albert-1871-08-29	Q158749	position	1910-06-01
lebrun-albert-1871-08-29	Q158749	position	1913-01-12
lebrun-albert-1871-08-29	Q158749	position	1932-05-10
lebrun-albert-1871-08-29	Q158749	position	1911-06-27
lebrun-albert-1871-08-29	Q158749	position	1931-06-11
lebrun-albert-1871-08-29	Q158749	position	1898-06-01
lebrun-albert-1871-08-29	Q158749	position	1914-06-01
lebrun-albert-1871-08-29	Q158749	position	1920-01-11
lebrun-albert-1871-08-29	Q158749	position	1912-01-14
lebrun-albert-1871-08-29	Q158749	position	1902-06-01
lebrun-albert-1871-08-29	Q158749	position	1906-06-01
lebrun-albert-1871-08-29	Q158749	position	1919-12-08
gresley-henry-1819-02-09	Q1605837	position	1879-05-27
helbronner-paul-1871-04-24	Q2060081	position	1929-01-01
liouville-joseph-1809-03-24	Q214549	position	1848-01-01
liouville-joseph-1809-03-24	Q214549	position	1870-01-01
jacob-francois-1920-06-17	Q218311	position	1996-12-19
jacob-francois-1920-06-17	Q218311	position	2007-01-01
feinstein-dianne-1933-06-22	Q230733	position	2015-01-03
feinstein-dianne-1933-06-22	Q230733	position	1995-01-03
feinstein-dianne-1933-06-22	Q230733	position	1993-01-03
feinstein-dianne-1933-06-22	Q230733	position	2009-01-03
feinstein-dianne-1933-06-22	Q230733	position	2013-01-03
feinstein-dianne-1933-06-22	Q230733	position	1999-01-03
feinstein-dianne-1933-06-22	Q230733	position	1992-11-04
feinstein-dianne-1933-06-22	Q230733	position	2007-01-03
feinstein-dianne-1933-06-22	Q230733	position	2023-01-03
feinstein-dianne-1933-06-22	Q230733	position	1997-01-03
feinstein-dianne-1933-06-22	Q230733	position	2017-01-03
feinstein-dianne-1933-06-22	Q230733	position	2005-01-03
feinstein-dianne-1933-06-22	Q230733	position	1978-12-04
feinstein-dianne-1933-06-22	Q230733	position	2003-01-03
feinstein-dianne-1933-06-22	Q230733	position	2001-01-03
feinstein-dianne-1933-06-22	Q230733	position	2019-01-03
feinstein-dianne-1933-06-22	Q230733	position	2021-01-03
feinstein-dianne-1933-06-22	Q230733	position	2011-01-03
veuillot-louis-1813-10-11	Q2404639	position	1840-01-01
bergeron-andre-1922-01-01	Q2847265	position	1963-01-01
bergeron-andre-1922-01-01	Q2847265	position	1987-01-01
sebert-hippolyte-1839-01-30	Q287244	position	1901-01-01
sebert-hippolyte-1839-01-30	Q287244	position	1900-01-01
lemoine-georges-1841-01-16	Q2980612	position	1921-01-01
lemoine-georges-1841-01-16	Q2980612	position	1909-01-01
wilson-daniel-1840-03-06	Q3014816	position	1881-10-28
wilson-daniel-1840-03-06	Q3014816	position	1885-11-10
wilson-daniel-1840-03-06	Q3014816	position	1893-10-15
wilson-daniel-1840-03-06	Q3014816	position	1877-11-07
wilson-daniel-1840-03-06	Q3014816	position	1869-06-28
wilson-daniel-1840-03-06	Q3014816	position	1871-02-08
wilson-daniel-1840-03-06	Q3014816	position	1876-03-08
wilson-daniel-1840-03-06	Q3014816	position	1898-06-01
vidal-gaston-1888-10-19	Q3099181	position	1918-01-01
crepeau-michel-1930-10-30	Q348474	position	1973-04-02
crepeau-michel-1930-10-30	Q348474	position	1978-04-03
crepeau-michel-1930-10-30	Q348474	position	1986-04-02
crepeau-michel-1930-10-30	Q348474	position	1986-02-19
crepeau-michel-1930-10-30	Q348474	position	1981-07-02
crepeau-michel-1930-10-30	Q348474	position	1988-06-23
crepeau-michel-1930-10-30	Q348474	position	1997-06-12
clausen-alden-1923-02-17	Q365890	position	1981-06-01
france-anatole-1844-04-16	Q42443	position	1896-01-23
france-anatole-1844-04-16	Q42443	position	1921-01-01
bouisson-fernand-1874-06-16	Q459510	position	1907-01-01
bouisson-fernand-1874-06-16	Q459510	position	1935-06-01
charcot-jean-1867-07-15	Q463531	position	1929-01-01
foa-vittorio-1910-09-18	Q613313	position	1976-07-01
foa-vittorio-1910-09-18	Q613313	position	1987-07-02
foa-vittorio-1910-09-18	Q613313	position	1946-06-18
foa-vittorio-1910-09-18	Q613313	position	1958-06-05
foa-vittorio-1910-09-18	Q613313	position	1963-05-09
foa-vittorio-1910-09-18	Q613313	position	1953-06-17
finzi-aldo-1891-04-20	Q690725	position	1924-05-24
finzi-aldo-1891-04-20	Q690725	position	1921-06-11
pomel-auguste-1821-09-20	Q766920	position	1871-01-01
pomel-auguste-1821-09-20	Q766920	position	1876-01-30
foureau-fernand-1850-10-17	Q928567	position	1908-01-01
foureau-fernand-1850-10-17	Q928567	position	1906-01-01
piovene-guide-1907-07-27	Q1080042	award	1970-01-01
pricolo-francesco-1891-01-30	Q1441197	award	1940-01-01
gresley-henry-1819-02-09	Q1605837	award	1882-12-29
gresley-henry-1819-02-09	Q1605837	award	1880-01-01
neel-james-1915-03-22	Q1681225	award	1960-01-01
neel-james-1915-03-22	Q1681225	award	1965-01-01
neel-james-1915-03-22	Q1681225	award	1974-01-01
thibaudet-albert-1874-04-01	Q1898915	award	1896-01-01
helbronner-paul-1871-04-24	Q2060081	award	1936-01-01
kirsch-sarah-1935-04-16	Q263398	award	1992-01-01
kirsch-sarah-1935-04-16	Q263398	award	1992-01-01
kirsch-sarah-1935-04-16	Q263398	award	1997-01-01
kirsch-sarah-1935-04-16	Q263398	award	1980-01-01
kirsch-sarah-1935-04-16	Q263398	award	1984-01-01
kirsch-sarah-1935-04-16	Q263398	award	1983-01-01
kirsch-sarah-1935-04-16	Q263398	award	1986-01-01
kirsch-sarah-1935-04-16	Q263398	award	2005-01-01
kirsch-sarah-1935-04-16	Q263398	award	2006-01-01
kirsch-sarah-1935-04-16	Q263398	award	2007-01-01
kirsch-sarah-1935-04-16	Q263398	award	2006-01-01
kirsch-sarah-1935-04-16	Q263398	award	1988-01-01
kirsch-sarah-1935-04-16	Q263398	award	1996-01-01
kirsch-sarah-1935-04-16	Q263398	award	1993-01-01
kirsch-sarah-1935-04-16	Q263398	award	1996-01-01
kirsch-sarah-1935-04-16	Q263398	award	1973-01-01
cottavoz-andre-1922-07-29	Q2847559	award	1953-01-01
sebert-hippolyte-1839-01-30	Q287244	award	1871-07-11
sebert-hippolyte-1839-01-30	Q287244	award	1880-07-11
sebert-hippolyte-1839-01-30	Q287244	award	1888-12-23
moureu-charles-1863-04-19	Q2959867	award	1907-01-01
crepeau-michel-1930-10-30	Q348474	award	1988-01-01
crepeau-michel-1930-10-30	Q348474	award	1994-07-13
etiemble-rene-1909-01-26	Q459586	award	1988-01-01
etiemble-rene-1909-01-26	Q459586	award	1952-01-01
etiemble-rene-1909-01-26	Q459586	award	1981-01-01
charcot-jean-1867-07-15	Q463531	award	1934-03-03
charcot-jean-1867-07-15	Q463531	award	1927-01-01
charcot-jean-1867-07-15	Q463531	award	1912-01-01
charcot-jean-1867-07-15	Q463531	award	1911-01-01
charcot-jean-1867-07-15	Q463531	award	1911-01-01
bastien-lepage-jules-1848-11-01	Q541859	award	1875-01-01
foa-vittorio-1910-09-18	Q613313	award	1992-01-01
pomel-auguste-1821-09-20	Q766920	award	1882-04-15
pomel-auguste-1821-09-20	Q766920	award	1887-04-07
pomel-auguste-1821-09-20	Q766920	award	1895-01-01
foureau-fernand-1850-10-17	Q928567	award	1895-01-01
foureau-fernand-1850-10-17	Q928567	award	1899-01-01
foureau-fernand-1850-10-17	Q928567	award	1901-01-01
guerin-camille-1872-12-22	Q1029190	award	1958-01-01
rachilde-1860-02-11	Q2366473	award	1943-01-01
rachilde-1860-02-11	Q2366473	award	1948-01-01
savonne-andre-1930-09-18	Q29261529	award	1996-01-01
savonne-andre-1930-09-18	Q29261529	award	1999-01-01
bergonie-jean-1857-10-07	Q3170708	award	1924-01-01
bouchaud-jean-1891-10-29	Q3170868	award	1924-01-01
bouchaud-jean-1891-10-29	Q3170868	award	1928-01-01
bouchaud-jean-1891-10-29	Q3170868	award	1921-01-01
souchon-paul-1874-01-15	Q3372217	award	1924-01-01
tarascon-paul-1882-12-08	Q3372253	award	1955-04-29
douzou-pierre-1926-08-25	Q52115746	award	1996-05-13
wolff-robert-1916-03-15	Q100696489	award	1980-01-01
blaizot-jean-1915-01-14	Q114980120	position	1961-03-27
moisan-edouard-1902-04-25	Q16232545	position	1944-01-01
duncan-charles-1911-12-07	Q1065138	position	1970-09-30
bruhat-georges-1887-12-21	Q1508822	position	1940-01-01
bruhat-georges-1887-12-21	Q1508822	position	1941-01-01
serafini-antoine-1900-11-10	Q15970419	position	1962-12-06
serafini-antoine-1900-11-10	Q15970419	position	1951-06-17
moisan-edouard-1902-04-25	Q16232545	position	1945-10-21
moisan-edouard-1902-04-25	Q16232545	position	1959-01-01
badoglio-pietro-1871-09-28	Q200085	position	1943-07-25
badoglio-pietro-1871-09-28	Q200085	position	1944-02-24
badoglio-pietro-1871-09-28	Q200085	position	1944-02-11
letourneau-jean-1907-09-18	Q2353415	position	1946-01-01
letourneau-jean-1907-09-18	Q2353415	position	1953-01-01
ybarnegaray-jean-1883-10-16	Q2624477	position	1940-05-10
dumas-georges-1866-03-06	Q3050841	position	1894-01-01
potez-henry-1891-09-30	Q3091262	position	1930-01-01
potez-henry-1891-09-30	Q3091262	position	1928-01-01
potez-henry-1891-09-30	Q3091262	position	1955-01-01
potez-henry-1891-09-30	Q3091262	position	1947-01-01
trouillot-georges-1851-05-07	Q3103564	position	1909-07-24
trouillot-georges-1851-05-07	Q3103564	position	1902-06-01
trouillot-georges-1851-05-07	Q3103564	position	1906-02-18
trouillot-georges-1851-05-07	Q3103564	position	1898-06-01
trouillot-georges-1851-05-07	Q3103564	position	1889-11-12
trouillot-georges-1851-05-07	Q3103564	position	1906-01-07
trouillot-georges-1851-05-07	Q3103564	position	1905-11-12
trouillot-georges-1851-05-07	Q3103564	position	1902-06-07
trouillot-georges-1851-05-07	Q3103564	position	1898-06-28
trouillot-georges-1851-05-07	Q3103564	position	1893-10-15
halleguen-joseph-1916-07-02	Q3185060	position	1951-07-05
roustan-mario-1870-02-20	Q3293852	position	1931-01-02
roustan-mario-1870-02-20	Q3293852	position	1920-01-01
roustan-mario-1870-02-20	Q3293852	position	1926-03-10
roustan-mario-1870-02-20	Q3293852	position	1930-02-23
roustan-mario-1870-02-20	Q3293852	position	1929-01-01
ford-wendell-1924-09-08	Q361139	position	1979-01-03
ford-wendell-1924-09-08	Q361139	position	1977-01-03
ford-wendell-1924-09-08	Q361139	position	1981-01-03
ford-wendell-1924-09-08	Q361139	position	1975-01-03
ford-wendell-1924-09-08	Q361139	position	1971-12-07
ford-wendell-1924-09-08	Q361139	position	1965-01-01
ford-wendell-1924-09-08	Q361139	position	1995-01-03
ford-wendell-1924-09-08	Q361139	position	1967-12-12
ford-wendell-1924-09-08	Q361139	position	1985-01-03
ford-wendell-1924-09-08	Q361139	position	1989-01-03
ford-wendell-1924-09-08	Q361139	position	1993-01-03
ford-wendell-1924-09-08	Q361139	position	1987-01-03
ford-wendell-1924-09-08	Q361139	position	1997-01-03
ford-wendell-1924-09-08	Q361139	position	1991-01-03
ford-wendell-1924-09-08	Q361139	position	1974-12-28
ford-wendell-1924-09-08	Q361139	position	1983-01-03
hasler-arthur-1908-01-05	Q4798393	position	1961-01-01
pelloux-luigi-1839-03-01	Q534227	position	1896-07-11
pelloux-luigi-1839-03-01	Q534227	position	1898-06-29
pelloux-luigi-1839-03-01	Q534227	position	1873-01-01
pelloux-luigi-1839-03-01	Q534227	position	1886-06-10
pelloux-luigi-1839-03-01	Q534227	position	1892-11-23
pelloux-luigi-1839-03-01	Q534227	position	1898-06-29
pelloux-luigi-1839-03-01	Q534227	position	1890-12-10
pelloux-luigi-1839-03-01	Q534227	position	1880-05-26
pelloux-luigi-1839-03-01	Q534227	position	1900-01-08
pelloux-luigi-1839-03-01	Q534227	position	1882-11-22
pelloux-luigi-1839-03-01	Q534227	position	1891-02-06
bismarck-otto-1815-04-01	Q8442	position	1851-05-08
bismarck-otto-1815-04-01	Q8442	position	1862-09-22
bismarck-otto-1815-04-01	Q8442	position	1862-10-08
bismarck-otto-1815-04-01	Q8442	position	1867-07-01
bismarck-otto-1815-04-01	Q8442	position	1849-01-01
bismarck-otto-1815-04-01	Q8442	position	1846-01-01
bismarck-otto-1815-04-01	Q8442	position	1836-01-01
bismarck-otto-1815-04-01	Q8442	position	1862-05-22
bismarck-otto-1815-04-01	Q8442	position	1871-03-21
bismarck-otto-1815-04-01	Q8442	position	1859-01-29
bismarck-otto-1815-04-01	Q8442	position	1851-07-15
bismarck-otto-1815-04-01	Q8442	position	1880-09-15
bismarck-otto-1815-04-01	Q8442	position	1835-01-01
bismarck-otto-1815-04-01	Q8442	position	1847-05-11
bismarck-otto-1815-04-01	Q8442	position	1837-01-01
bismarck-otto-1815-04-01	Q8442	position	1873-11-09
lipscomb-william-1919-12-09	Q110935	award	1954-01-01
lipscomb-william-1919-12-09	Q110935	award	1972-01-01
lipscomb-william-1919-12-09	Q110935	award	1976-01-01
lipscomb-william-1919-12-09	Q110935	award	1973-01-01
lipscomb-william-1919-12-09	Q110935	award	1971-01-01
lipscomb-william-1919-12-09	Q110935	award	1976-01-01
arrau-claudio-1903-02-06	Q160223	award	1983-01-01
arrau-claudio-1903-02-06	Q160223	award	1990-01-01
arrau-claudio-1903-02-06	Q160223	award	1978-01-01
mailer-norman-1923-01-31	Q180962	award	1980-01-01
mailer-norman-1923-01-31	Q180962	award	1969-01-01
mailer-norman-1923-01-31	Q180962	award	1992-01-01
mailer-norman-1923-01-31	Q180962	award	1968-01-01
mailer-norman-1923-01-31	Q180962	award	1988-01-01
mailer-norman-1923-01-31	Q180962	award	1989-01-01
mailer-norman-1923-01-31	Q180962	award	1969-01-01
mailer-norman-1923-01-31	Q180962	award	1996-01-01
pretre-georges-1924-08-14	Q342381	award	1995-05-10
ford-wendell-1924-09-08	Q361139	award	1998-01-01
ford-wendell-1924-09-08	Q361139	award	1993-01-01
kael-pauline-1919-06-19	Q436910	award	1970-01-01
kael-pauline-1919-06-19	Q436910	award	1974-01-01
kael-pauline-1919-06-19	Q436910	award	1964-01-01
kael-pauline-1919-06-19	Q436910	award	1999-01-01
kael-pauline-1919-06-19	Q436910	award	1978-01-01
levy-paul-1886-09-15	Q441127	award	1953-01-01
lasker-schuler-else-1869-02-11	Q58033	award	1932-01-01
bismarck-otto-1815-04-01	Q8442	award	1895-01-01
bismarck-otto-1815-04-01	Q8442	award	1869-04-16
bismarck-otto-1815-04-01	Q8442	award	1896-01-18
bismarck-otto-1815-04-01	Q8442	award	1864-11-21
feydeau-georges-1862-12-08	Q49465	award	1894-01-10
feydeau-georges-1862-12-08	Q49465	award	1913-07-05
visconti-luchino-1906-11-02	Q13888	award	1957-01-01
visconti-luchino-1906-11-02	Q13888	award	1960-01-01
visconti-luchino-1906-11-02	Q13888	award	1963-01-01
visconti-luchino-1906-11-02	Q13888	award	1965-01-01
mailer-norman-1923-01-31	Q180962	award	1982-01-01
bismarck-otto-1815-04-01	Q8442	award	1852-06-11
bismarck-otto-1815-04-01	Q8442	award	1895-02-27
bismarck-otto-1815-04-01	Q8442	award	1895-04-01
bismarck-otto-1815-04-01	Q8442	award	1894-01-01
bismarck-otto-1815-04-01	Q8442	award	1885-01-01
demons-jean-1842-09-12	Q107438032	award	1894-01-01
demons-jean-1842-09-12	Q107438032	award	1891-01-01
snell-esmond-1914-09-22	Q27708663	award	1954-01-01
snell-esmond-1914-09-22	Q27708663	award	1951-01-01
snell-esmond-1914-09-22	Q27708663	award	1985-01-01
mesmay-jean-de-1879-02-02	Q113989365	award	1954-01-01
samuel-pierre-1921-09-12	Q1384888	award	1969-01-01
bousquet-ange-1818-03-12	Q1508814	award	1838-01-01
rollinat-maurice-1846-12-29	Q1911436	award	1895-07-16
le-quintrec-charles-1926-03-14	Q2019130	award	1987-01-01
le-quintrec-charles-1926-03-14	Q2019130	award	2005-01-01
le-quintrec-charles-1926-03-14	Q2019130	award	1971-01-01
le-quintrec-charles-1926-03-14	Q2019130	award	2007-01-01
le-quintrec-charles-1926-03-14	Q2019130	award	2007-01-01
le-quintrec-charles-1926-03-14	Q2019130	award	1996-12-31
le-quintrec-charles-1926-03-14	Q2019130	award	1978-01-01
le-quintrec-charles-1926-03-14	Q2019130	award	1958-01-01
le-quintrec-charles-1926-03-14	Q2019130	award	1975-01-01
price-edwards-1933-02-01	Q2619779	award	1977-01-01
price-edwards-1933-02-01	Q2619779	award	1976-01-01
price-edwards-1933-02-01	Q2619779	award	1986-01-01
price-edwards-1933-02-01	Q2619779	award	1977-01-01
price-edwards-1933-02-01	Q2619779	award	1955-01-01
dumas-georges-1866-03-06	Q3050841	award	1924-01-01
bouisset-etienne-maur-1859-09-02	Q3072874	award	1903-01-01
bouisset-etienne-maur-1859-09-02	Q3072874	award	1897-01-01
pelouse-leon-1838-10-01	Q3270988	award	1878-01-01
massip-rene-1905-03-31	Q3427158	award	1955-01-01
massip-rene-1905-03-31	Q3427158	award	1967-01-01
massip-rene-1905-03-31	Q3427158	award	1963-01-01
massip-rene-1905-03-31	Q3427158	award	1980-01-01
levy-paul-1886-09-15	Q441127	award	1918-01-01
levy-paul-1886-09-15	Q441127	award	1936-01-01
levy-paul-1886-09-15	Q441127	award	1952-01-01
hasler-arthur-1908-01-05	Q4798393	award	1992-01-01
pelloux-luigi-1839-03-01	Q534227	award	1893-06-11
pelloux-luigi-1839-03-01	Q534227	award	1899-02-27
pelloux-luigi-1839-03-01	Q534227	award	1897-01-04
pelloux-luigi-1839-03-01	Q534227	award	1870-12-11
proust-adrien-1834-03-18	Q541516	award	1885-01-01
proust-adrien-1834-03-18	Q541516	award	1892-01-01
proust-adrien-1834-03-18	Q541516	award	1870-01-01
brancati-vitaliano-1907-07-24	Q559565	award	1950-01-01
thomas-henri-1912-12-07	Q640963	award	1991-01-01
thomas-henri-1912-12-07	Q640963	award	1992-01-01
thomas-henri-1912-12-07	Q640963	award	1986-01-01
thomas-henri-1912-12-07	Q640963	award	1976-01-01
thomas-henri-1912-12-07	Q640963	award	1960-01-01
thomas-henri-1912-12-07	Q640963	award	1992-01-01
thomas-henri-1912-12-07	Q640963	award	1961-01-01
bolling-claude-1930-04-10	Q943109	award	1970-01-01
le-quintrec-charles-1926-03-14	Q2019130	award	1990-01-01
thomas-henri-1912-12-07	Q640963	award	1979-01-01
le-quintrec-charles-1926-03-14	Q2019130	award	1979-01-01
thomas-henri-1912-12-07	Q640963	award	1970-01-01
pelouze-jules-1807-02-26	Q445815	award	1854-01-01
le-quintrec-charles-1926-03-14	Q2019130	award	1981-01-01
schuman-robert-1886-06-29	Q15981	award	1949-07-13
schuman-robert-1886-06-29	Q15981	award	1958-05-15
schuman-robert-1886-06-29	Q15981	award	1952-01-01
schuman-robert-1886-06-29	Q15981	award	1959-01-01
dac-pierre-1893-08-15	Q165910	award	1945-10-01
briand-aristide-1862-03-28	Q179888	award	1926-01-01
briand-aristide-1862-03-28	Q179888	award	1925-04-29
friedan-betty-1921-02-04	Q234604	award	1975-01-01
friedan-betty-1921-02-04	Q234604	award	1993-01-01
langevin-paul-1872-01-23	Q25320	award	1928-06-21
langevin-paul-1872-01-23	Q25320	award	1940-01-01
langevin-paul-1872-01-23	Q25320	award	1917-01-01
langevin-paul-1872-01-23	Q25320	award	1946-01-01
langevin-paul-1872-01-23	Q25320	award	1946-01-01
langevin-paul-1872-01-23	Q25320	award	1920-01-01
langevin-paul-1872-01-23	Q25320	award	1901-01-01
langevin-paul-1872-01-23	Q25320	award	1930-01-01
langevin-paul-1872-01-23	Q25320	award	1915-01-01
langevin-paul-1872-01-23	Q25320	award	1924-01-01
hindenburg-paul-1847-10-02	Q2667	award	1870-01-01
hindenburg-paul-1847-10-02	Q2667	award	1933-01-01
hindenburg-paul-1847-10-02	Q2667	award	1934-05-01
hindenburg-paul-1847-10-02	Q2667	award	1914-01-01
hindenburg-paul-1847-10-02	Q2667	award	1916-12-09
hindenburg-paul-1847-10-02	Q2667	award	1918-06-21
hindenburg-paul-1847-10-02	Q2667	award	1933-04-27
hindenburg-paul-1847-10-02	Q2667	award	1932-01-01
hindenburg-paul-1847-10-02	Q2667	award	1933-01-01
didion-joan-1934-12-05	Q267691	award	2005-01-01
didion-joan-1934-12-05	Q267691	award	1988-01-01
didion-joan-1934-12-05	Q267691	award	1996-01-01
didion-joan-1934-12-05	Q267691	award	2001-01-01
didion-joan-1934-12-05	Q267691	award	2012-01-01
didion-joan-1934-12-05	Q267691	award	2002-01-01
didion-joan-1934-12-05	Q267691	award	2007-01-01
didion-joan-1934-12-05	Q267691	award	2005-01-01
didion-joan-1934-12-05	Q267691	award	2014-01-01
didion-joan-1934-12-05	Q267691	award	2007-01-01
didion-joan-1934-12-05	Q267691	award	2013-07-03
bearzot-enzo-1927-09-26	Q313457	award	2011-01-01
renoir-jean-1894-09-15	Q50713	award	1937-01-01
renoir-jean-1894-09-15	Q50713	award	1974-01-01
renoir-jean-1894-09-15	Q50713	award	1963-01-01
verdi-giuseppe-1813-10-10	Q7317	award	1862-01-01
verdi-giuseppe-1813-10-10	Q7317	award	1887-01-01
verdi-giuseppe-1813-10-10	Q7317	award	1894-01-01
verdi-giuseppe-1813-10-10	Q7317	award	1847-01-01
doderer-heimito-1896-09-05	Q93797	award	1966-01-01
doderer-heimito-1896-09-05	Q93797	award	1964-01-01
doderer-heimito-1896-09-05	Q93797	award	1966-01-01
doderer-heimito-1896-09-05	Q93797	award	1958-01-01
doderer-heimito-1896-09-05	Q93797	award	1957-01-01
doderer-heimito-1896-09-05	Q93797	award	1961-01-01
schuman-robert-1886-06-29	Q15981	award	1951-12-23
verdi-giuseppe-1813-10-10	Q7317	award	1880-01-01
hindenburg-paul-1847-10-02	Q2667	award	1933-04-27
hindenburg-paul-1847-10-02	Q2667	award	1902-01-01
hindenburg-paul-1847-10-02	Q2667	award	1918-03-25
windthorst-margarete-1884-11-03	Q1306390	award	1946-01-01
meeker-ralph-1920-11-21	Q1370520	award	1948-01-01
meyer-philippe-1933-05-04	Q1536807	award	1985-01-01
bearzot-enzo-1927-09-26	Q313457	award	1982-10-25
blondel-maurice-1861-11-02	Q364310	award	1948-01-01
blondel-maurice-1861-11-02	Q364310	award	1933-01-01
dieudonne-jean-1906-07-01	Q371957	award	1933-01-01
dieudonne-jean-1906-07-01	Q371957	award	1971-01-01
dieudonne-jean-1906-07-01	Q371957	award	1971-01-01
dieudonne-jean-1906-07-01	Q371957	award	1973-01-01
dieudonne-jean-1906-07-01	Q371957	award	1923-01-01
dieudonne-jean-1906-07-01	Q371957	award	1966-01-01
montherlant-henri-1895-04-20	Q379956	award	1920-01-01
montherlant-henri-1895-04-20	Q379956	award	1934-01-01
montherlant-henri-1895-04-20	Q379956	award	1934-01-01
bucaille-maurice-1920-07-19	Q559926	award	1988-01-01
bazin-francois-1816-09-04	Q633817	award	1857-01-01
bazin-francois-1816-09-04	Q633817	award	1876-01-01
conchon-georges-1925-05-09	Q741988	award	1956-01-01
conchon-georges-1925-05-09	Q741988	award	1964-01-01
conchon-georges-1925-05-09	Q741988	award	1960-01-01
schoendoerffer-pierre-1928-05-05	Q742622	award	1969-01-01
schoendoerffer-pierre-1928-05-05	Q742622	award	1984-01-01
schoendoerffer-pierre-1928-05-05	Q742622	award	2003-01-01
schoendoerffer-pierre-1928-05-05	Q742622	award	1976-01-01
schoendoerffer-pierre-1928-05-05	Q742622	award	1982-01-01
davy-georges-1883-12-31	Q778897	award	1961-12-14
eastman-ben-1911-07-09	Q816479	award	1990-01-01
godement-roger-1921-10-01	Q930720	award	1951-01-01
berl-emmanuel-1892-08-02	Q939464	award	1967-01-01
berl-emmanuel-1892-08-02	Q939464	award	1975-01-01
francais-francois-1814-11-17	Q943826	award	1853-01-01
francais-francois-1814-11-17	Q943826	award	1867-01-01
colby-william-1920-01-04	Q482827	award	1947-01-01
blondel-maurice-1861-11-02	Q364310	award	1943-01-01
schoendoerffer-pierre-1928-05-05	Q742622	award	2004-01-01
berl-emmanuel-1892-08-02	Q939464	award	1975-01-01
segre-dine-1893-05-09	Q970679	award	2018-01-01
schoendoerffer-pierre-1928-05-05	Q742622	award	2003-01-01
pugno-raoul-1852-06-23	Q1333281	award	1897-01-01
toussenel-alphonse-1803-03-17	Q445317	award	1839-01-01
schoendoerffer-pierre-1928-05-05	Q742622	award	1965-01-01
schuman-robert-1886-06-29	Q15981	position	1945-11-06
schuman-robert-1886-06-29	Q15981	position	1956-01-19
schuman-robert-1886-06-29	Q15981	position	1947-01-22
schuman-robert-1886-06-29	Q15981	position	1950-07-12
schuman-robert-1886-06-29	Q15981	position	1952-01-20
schuman-robert-1886-06-29	Q15981	position	1952-03-08
schuman-robert-1886-06-29	Q15981	position	1928-06-01
schuman-robert-1886-06-29	Q15981	position	1958-12-09
schuman-robert-1886-06-29	Q15981	position	1951-07-05
schuman-robert-1886-06-29	Q15981	position	1948-09-05
schuman-robert-1886-06-29	Q15981	position	1945-01-01
schuman-robert-1886-06-29	Q15981	position	1937-01-01
schuman-robert-1886-06-29	Q15981	position	1950-07-02
schuman-robert-1886-06-29	Q15981	position	1949-10-28
schuman-robert-1886-06-29	Q15981	position	1951-03-10
schuman-robert-1886-06-29	Q15981	position	1951-08-11
schuman-robert-1886-06-29	Q15981	position	1947-11-24
schuman-robert-1886-06-29	Q15981	position	1950-02-07
schuman-robert-1886-06-29	Q15981	position	1936-06-01
schuman-robert-1886-06-29	Q15981	position	1948-09-05
schuman-robert-1886-06-29	Q15981	position	1932-06-01
schuman-robert-1886-06-29	Q15981	position	1946-06-24
schuman-robert-1886-06-29	Q15981	position	1924-06-01
schuman-robert-1886-06-29	Q15981	position	1948-09-11
schuman-robert-1886-06-29	Q15981	position	1946-06-11
schuman-robert-1886-06-29	Q15981	position	1919-12-08
schuman-robert-1886-06-29	Q15981	position	1958-01-01
schuman-robert-1886-06-29	Q15981	position	1948-07-26
schuman-robert-1886-06-29	Q15981	position	1947-10-22
schuman-robert-1886-06-29	Q15981	position	1958-01-01
schuman-robert-1886-06-29	Q15981	position	1946-11-28
schuman-robert-1886-06-29	Q15981	position	1955-02-23
briand-aristide-1862-03-28	Q179888	position	1913-01-21
briand-aristide-1862-03-28	Q179888	position	1909-07-24
briand-aristide-1862-03-28	Q179888	position	1921-01-16
briand-aristide-1862-03-28	Q179888	position	1915-10-29
briand-aristide-1862-03-28	Q179888	position	1924-01-01
briand-aristide-1862-03-28	Q179888	position	1925-11-28
briand-aristide-1862-03-28	Q179888	position	1929-07-29
guers-paul-dutron-1927-12-19	Q2059885	position	1953-01-01
langevin-paul-1872-01-23	Q25320	position	1909-01-01
langevin-paul-1872-01-23	Q25320	position	1925-01-01
langevin-paul-1872-01-23	Q25320	position	1934-01-01
langevin-paul-1872-01-23	Q25320	position	1944-01-01
langevin-paul-1872-01-23	Q25320	position	1944-01-01
langevin-paul-1872-01-23	Q25320	position	1938-01-01
langevin-paul-1872-01-23	Q25320	position	1930-01-01
langevin-paul-1872-01-23	Q25320	position	1936-01-01
hindenburg-paul-1847-10-02	Q2667	position	1925-05-12
boulloche-andre-1915-09-07	Q2847355	position	1967-04-03
boulloche-andre-1915-09-07	Q2847355	position	1975-04-21
boulloche-andre-1915-09-07	Q2847355	position	1973-07-02
boulloche-andre-1915-09-07	Q2847355	position	1968-07-11
boulloche-andre-1915-09-07	Q2847355	position	1973-04-02
boulloche-andre-1915-09-07	Q2847355	position	1965-01-01
mignot-andre-1915-01-19	Q2848306	position	1947-01-01
mignot-andre-1915-01-19	Q2848306	position	1958-12-09
mignot-andre-1915-01-19	Q2848306	position	1947-01-01
marey-etienne-1830-03-05	Q289217	position	1897-01-01
marey-etienne-1830-03-05	Q289217	position	1895-01-01
petit-ernest-1888-02-20	Q3057131	position	1959-04-28
petit-ernest-1888-02-20	Q3057131	position	1948-01-05
petit-ernest-1888-02-20	Q3057131	position	1954-01-01
petit-ernest-1888-02-20	Q3057131	position	1948-11-08
orain-fred-1909-01-02	Q3086919	position	1944-01-01
germain-hubert-1920-08-06	Q3142009	position	1974-03-02
guillaumat-marie-1863-01-04	Q365740	position	1926-06-23
guillaumat-marie-1863-01-04	Q365740	position	1918-06-17
dieudonne-jean-1906-07-01	Q371957	position	1973-01-01
montherlant-henri-1895-04-20	Q379956	position	1960-03-24
colby-william-1920-01-04	Q482827	position	1973-09-04
verdi-giuseppe-1813-10-10	Q7317	position	1874-11-15
verdi-giuseppe-1813-10-10	Q7317	position	1861-02-03
schoendoerffer-pierre-1928-05-05	Q742622	position	2007-01-01
schoendoerffer-pierre-1928-05-05	Q742622	position	2001-01-01
davy-georges-1883-12-31	Q778897	position	1950-01-01
davy-georges-1883-12-31	Q778897	position	1944-11-07
davy-georges-1883-12-31	Q778897	position	1938-10-01
davy-georges-1883-12-31	Q778897	position	1930-08-28
davy-georges-1883-12-31	Q778897	position	1948-01-01
bourin-andre-1918-06-28	Q2847360	position	1949-01-01
montherlant-henri-1895-04-20	Q379956	position	1920-01-01
messimy-adolphe-1869-01-31	Q365771	position	1911-03-02
messimy-adolphe-1869-01-31	Q365771	position	1911-06-27
messimy-adolphe-1869-01-31	Q365771	position	1914-06-13
marey-etienne-1830-03-05	Q289217	position	1902-01-01
bene-maurice-1884-08-24	Q15999414	position	1946-06-02
germain-hubert-1920-08-06	Q3142009	position	1972-07-05
germain-hubert-1920-08-06	Q3142009	position	1962-12-06
germain-hubert-1920-08-06	Q3142009	position	1968-07-11
germain-hubert-1920-08-06	Q3142009	position	1953-01-01
germain-hubert-1920-08-06	Q3142009	position	1973-04-02
charbonnel-jean-1927-04-22	Q3171228	position	1968-07-11
charbonnel-jean-1927-04-22	Q3171228	position	1986-04-02
charbonnel-jean-1927-04-22	Q3171228	position	1962-12-06
charbonnel-jean-1927-04-22	Q3171228	position	1988-06-23
charbonnel-jean-1927-04-22	Q3171228	position	1973-04-02
brousse-pierre-1926-11-30	Q3384203	position	1967-01-01
bernard-valere-1860-02-10	Q3554193	position	1909-01-01
bernard-valere-1860-02-10	Q3554193	position	1893-01-01
denain-1880-11-06	Q3557262	position	1933-04-02
denain-1880-11-06	Q3557262	position	1934-02-09
tainturier-pierre-1901-03-15	Q50374760	position	1932-01-01
tainturier-pierre-1901-03-15	Q50374760	position	1926-01-01
tainturier-pierre-1901-03-15	Q50374760	position	1940-01-01
tainturier-pierre-1901-03-15	Q50374760	position	1929-01-01
tainturier-pierre-1901-03-15	Q50374760	position	1937-01-01
tainturier-pierre-1901-03-15	Q50374760	position	1939-01-01
jacques-noir-armand-1881-01-13	Q16644316	award	1926-01-01
jacques-noir-armand-1881-01-13	Q16644316	award	1953-01-01
humblot-robert-1907-05-13	Q18418654	award	1958-01-01
humblot-robert-1907-05-13	Q18418654	award	1957-01-01
gauthier-gabriel-1916-09-12	Q3093751	award	1972-01-01
germain-hubert-1920-08-06	Q3142009	award	1946-08-03
germain-hubert-1920-08-06	Q3142009	award	2014-11-17
germain-hubert-1920-08-06	Q3142009	award	2020-01-01
germain-hubert-1920-08-06	Q3142009	award	1944-11-20
germain-hubert-1920-08-06	Q3142009	award	2020-01-01
germain-hubert-1920-08-06	Q3142009	award	2017-12-30
maillan-jacqueline-1923-01-11	Q3157756	award	1964-01-01
charbonnel-jean-1927-04-22	Q3171228	award	1988-01-01
mauries-rene-1921-02-16	Q3426618	award	1974-01-01
mauries-rene-1921-02-16	Q3426618	award	1956-01-01
denain-1880-11-06	Q3557262	award	1937-01-01
brunet-debaines-louis-alfred-1845-11-05	Q4722175	award	1894-01-01
trillat-auguste-1861-02-14	Q55238771	award	1900-01-01
herissay-jacques-1882-07-17	Q55418266	award	1964-01-01
herissay-jacques-1882-07-17	Q55418266	award	1923-01-01
herissay-jacques-1882-07-17	Q55418266	award	1961-01-01
herissay-jacques-1882-07-17	Q55418266	award	1953-01-01
herissay-jacques-1882-07-17	Q55418266	award	1934-01-01
herissay-jacques-1882-07-17	Q55418266	award	1927-01-01
connick-robert-1917-07-29	Q7343748	award	1958-01-01
connick-robert-1917-07-29	Q7343748	award	1948-01-01
benard-henry-1844-06-23	Q8078267	award	1867-01-01
benard-henry-1844-06-23	Q8078267	award	1899-11-09
benard-henry-1844-06-23	Q8078267	award	1902-01-01
bertin-pierre-1891-10-24	Q3383956	award	1972-01-01
see-edmond-1875-03-20	Q16631493	award	1925-01-01
see-edmond-1875-03-20	Q16631493	award	1959-01-01
grignard-victor-1871-05-06	Q104582	award	1933-01-01
grignard-victor-1871-05-06	Q104582	award	1920-01-01
grignard-victor-1871-05-06	Q104582	award	1912-01-01
grignard-victor-1871-05-06	Q104582	award	1906-01-01
grignard-victor-1871-05-06	Q104582	award	1912-01-01
guerin-charles-1875-02-21	Q1063382	award	1919-02-19
masina-glulietta-1921-02-22	Q106907	award	1990-01-01
masina-glulietta-1921-02-22	Q106907	award	1957-01-01
pichon-stephen-1857-08-10	Q1069292	award	1913-05-25
pichon-stephen-1857-08-10	Q1069292	award	1908-07-26
pichon-stephen-1857-08-10	Q1069292	award	1920-01-01
bradley-thomas-1917-12-29	Q1133864	award	1977-01-01
bradley-thomas-1917-12-29	Q1133864	award	1984-01-01
bosco-henri-1888-11-16	Q1399264	award	1953-01-01
bosco-henri-1888-11-16	Q1399264	award	1945-01-01
bosco-henri-1888-11-16	Q1399264	award	1968-01-01
bosco-henri-1888-11-16	Q1399264	award	1949-01-01
saint-saens-camille-1835-10-09	Q150445	award	1894-07-30
saint-saens-camille-1835-10-09	Q150445	award	1902-01-01
saint-saens-camille-1835-10-09	Q150445	award	1907-01-01
saint-saens-camille-1835-10-09	Q150445	award	1869-08-14
saint-saens-camille-1835-10-09	Q150445	award	1884-07-13
saint-saens-camille-1835-10-09	Q150445	award	1900-08-16
saint-saens-camille-1835-10-09	Q150445	award	1913-01-11
saint-saens-camille-1835-10-09	Q150445	award	1893-01-01
broglie-maurice-1875-04-27	Q18443	award	1928-01-01
broglie-maurice-1875-04-27	Q18443	award	1947-01-16
broglie-maurice-1875-04-27	Q18443	award	1954-05-15
broglie-maurice-1875-04-27	Q18443	award	1917-09-12
broglie-maurice-1875-04-27	Q18443	award	1940-05-23
broglie-maurice-1875-04-27	Q18443	award	1930-11-10
broglie-maurice-1875-04-27	Q18443	award	1924-01-01
broglie-maurice-1875-04-27	Q18443	award	1922-01-01
jackson-shirley-1916-12-14	Q239910	award	1961-01-01
mac-donald-ross-1915-12-13	Q318297	award	1974-01-01
mac-donald-ross-1915-12-13	Q318297	award	1965-01-01
mac-donald-ross-1915-12-13	Q318297	award	1982-01-01
mounier-emmanuel-1905-04-01	Q351359	award	1931-01-01
gautier-jean-1908-11-04	Q366227	award	1946-01-01
hemon-louis-1880-10-12	Q561378	award	2013-07-04
schnellinger-karl-heinz-1939-03-31	Q60435	award	1962-01-01
tecchi-bonaventura-1896-02-11	Q660260	award	1959-01-01
gouhier-henri-1898-12-05	Q678163	award	1924-01-01
gouhier-henri-1898-12-05	Q678163	award	1988-01-01
gouhier-henri-1898-12-05	Q678163	award	1976-01-01
gouhier-henri-1898-12-05	Q678163	award	1966-01-01
peladan-josephin-1858-03-28	Q710019	award	1909-01-01
peladan-josephin-1858-03-28	Q710019	award	1914-01-01
peladan-josephin-1858-03-28	Q710019	award	1907-01-01
ernout-alfred-1879-10-30	Q739986	award	1929-01-01
cardarelli-vincenzo-1887-05-01	Q922237	award	1929-01-01
cardarelli-vincenzo-1887-05-01	Q922237	award	1948-01-01
cardarelli-vincenzo-1887-05-01	Q922237	award	1954-01-01
apery-roger-1916-11-14	Q965545	award	1970-01-01
apery-roger-1916-11-14	Q965545	award	1948-01-01
heinrich-ignace-1925-07-31	Q967896	award	1975-01-01
tecchi-bonaventura-1896-02-11	Q660260	award	1960-01-01
saint-saens-camille-1835-10-09	Q150445	award	1904-01-01
baumel-jacques-1918-03-06	Q1242626	award	2000-01-01
bradley-thomas-1917-12-29	Q1133864	award	1984-01-01
masina-glulietta-1921-02-22	Q106907	award	1958-01-01
jackson-shirley-1916-12-14	Q239910	award	2021-01-01
bradley-thomas-1917-12-29	Q1133864	position	1973-07-01
baumel-jacques-1918-03-06	Q1242626	position	1962-01-16
baumel-jacques-1918-03-06	Q1242626	position	1964-06-11
baumel-jacques-1918-03-06	Q1242626	position	1978-09-27
baumel-jacques-1918-03-06	Q1242626	position	1981-09-30
bouchez-pierre-1899-10-29	Q134713095	position	1956-01-01
valenti-jack-1921-09-05	Q1380767	position	1966-06-01
marzin-madeleine-1908-07-21	Q15526010	position	1956-01-02
marzin-madeleine-1908-07-21	Q15526010	position	1951-06-17
orieux-jean-1907-05-20	Q1553744	position	1941-01-01
orieux-jean-1907-05-20	Q1553744	position	1937-01-01
broglie-maurice-1875-04-27	Q18443	position	1931-01-01
broglie-maurice-1875-04-27	Q18443	position	1954-01-01
broglie-maurice-1875-04-27	Q18443	position	1934-05-24
cavelier-andre-1894-02-19	Q2847080	position	1951-06-17
cavelier-andre-1894-02-19	Q2847080	position	1924-01-01
cavelier-andre-1894-02-19	Q2847080	position	1919-01-01
jarrot-andre-1909-12-13	Q2847989	position	1978-04-03
jarrot-andre-1909-12-13	Q2847989	position	1968-07-11
jarrot-andre-1909-12-13	Q2847989	position	1967-04-03
jarrot-andre-1909-12-13	Q2847989	position	1962-12-06
jarrot-andre-1909-12-13	Q2847989	position	1958-12-09
jarrot-andre-1909-12-13	Q2847989	position	1986-04-02
jarrot-andre-1909-12-13	Q2847989	position	1973-04-02
martin-claude-1930-02-06	Q2977782	position	1968-07-11
martin-claude-1930-02-06	Q2977782	position	1978-04-03
martin-claude-1930-02-06	Q2977782	position	1983-01-01
bayrou-maurice-1905-03-02	Q3300384	position	1946-01-01
bayrou-maurice-1905-03-02	Q3300384	position	1959-04-26
bayrou-maurice-1905-03-02	Q3300384	position	1958-01-01
boegner-philippe-1910-01-07	Q3379369	position	1959-09-01
barberot-roger-1915-01-20	Q3438671	position	1973-01-01
barberot-roger-1915-01-20	Q3438671	position	1965-11-10
barberot-roger-1915-01-20	Q3438671	position	1960-12-01
mounier-emmanuel-1905-04-01	Q351359	position	1932-01-01
gautier-jean-1908-11-04	Q366227	position	1972-06-15
mandel-georges-rothschild-1885-06-05	Q669893	position	1940-05-18
gouhier-henri-1898-12-05	Q678163	position	1979-02-15
ariyoshi-george-1926-03-12	Q887563	position	1974-12-02
ariyoshi-george-1926-03-12	Q887563	position	1970-12-02
galard-daisy-de-gourcuff-1929-11-04	Q3012204	position	1972-01-01
neuville-alphonse-1835-05-31	Q1494309	award	1881-07-13
neuville-alphonse-1835-05-31	Q1494309	award	1873-11-01
orieux-jean-1907-05-20	Q1553744	award	1946-01-01
orieux-jean-1907-05-20	Q1553744	award	1971-01-01
orieux-jean-1907-05-20	Q1553744	award	1986-01-01
gaucheron-jacques-1920-06-28	Q15970671	award	1990-01-01
gaucheron-jacques-1920-06-28	Q15970671	award	1995-01-01
cohen-leonce-1829-02-12	Q1879479	award	1852-01-01
humbert-georges-1862-04-08	Q1953120	award	1915-04-10
humbert-georges-1862-04-08	Q1953120	award	1918-07-10
humbert-georges-1862-04-08	Q1953120	award	1913-07-10
humbert-georges-1862-04-08	Q1953120	award	1897-07-10
andre-roger-1899-12-12	Q2469682	award	1943-02-08
andre-roger-1899-12-12	Q2469682	award	1944-01-10
andre-roger-1899-12-12	Q2469682	award	1942-01-02
andre-roger-1899-12-12	Q2469682	award	1944-01-10
andre-roger-1899-12-12	Q2469682	award	1944-11-03
andre-roger-1899-12-12	Q2469682	award	1945-09-08
andre-roger-1899-12-12	Q2469682	award	1940-01-01
andre-roger-1899-12-12	Q2469682	award	1945-09-08
andre-roger-1899-12-12	Q2469682	award	1943-08-27
andre-roger-1899-12-12	Q2469682	award	1944-01-10
andre-roger-1899-12-12	Q2469682	award	1945-04-28
andre-roger-1899-12-12	Q2469682	award	1944-09-13
andre-roger-1899-12-12	Q2469682	award	1944-05-17
cavelier-andre-1894-02-19	Q2847080	award	1924-01-01
cavelier-andre-1894-02-19	Q2847080	award	1947-01-01
galard-daisy-de-gourcuff-1929-11-04	Q3012204	award	2006-01-01
mesnil-felix-1868-12-12	Q3092556	award	1899-01-01
lebrau-jean-1891-10-20	Q3173119	award	1955-01-01
lebrau-jean-1891-10-20	Q3173119	award	1925-01-01
lebrau-jean-1891-10-20	Q3173119	award	1951-01-01
lebrau-jean-1891-10-20	Q3173119	award	1944-01-01
lebrau-jean-1891-10-20	Q3173119	award	1935-01-01
lebrau-jean-1891-10-20	Q3173119	award	1968-01-01
lebrau-jean-1891-10-20	Q3173119	award	1966-01-01
lebrau-jean-1891-10-20	Q3173119	award	1963-01-01
lebrau-jean-1891-10-20	Q3173119	award	1974-01-01
lebrau-jean-1891-10-20	Q3173119	award	1959-01-01
barillot-leon-1844-10-11	Q3270706	award	1895-01-01
sauvageau-camille-1861-05-12	Q5026678	award	1923-10-01
bourges-elemir-1852-03-26	Q2735990	award	1922-01-01
gillet-philippe-1923-07-13	Q52690446	award	1967-01-01
bosco-henri-1888-11-16	Q1399264	award	1947-01-01
boegner-philippe-1910-01-07	Q3379369	award	1981-01-01
bosco-henri-1888-11-16	Q1399264	award	1973-01-01
orieux-jean-1907-05-20	Q1553744	award	1966-01-01
girardot-annie-1931-10-25	Q106443	award	1977-01-01
girardot-annie-1931-10-25	Q106443	award	1996-01-01
girardot-annie-1931-10-25	Q106443	award	2002-01-01
girardot-annie-1931-10-25	Q106443	award	1999-01-01
girardot-annie-1931-10-25	Q106443	award	1977-01-01
girardot-annie-1931-10-25	Q106443	award	2002-01-01
piaf-edith-1915-12-19	Q1631	award	1998-01-01
piaf-edith-1915-12-19	Q1631	award	1977-01-01
hermite-charles-1822-12-24	Q168401	award	1873-11-27
gainsbourg-serge-ginsburg-1928-04-02	Q1698	award	1990-01-01
gainsbourg-serge-ginsburg-1928-04-02	Q1698	award	1985-01-01
gainsbourg-serge-ginsburg-1928-04-02	Q1698	award	1985-01-01
gainsbourg-serge-ginsburg-1928-04-02	Q1698	award	1996-01-01
simon-herbert-1916-06-15	Q181529	award	1989-01-01
simon-herbert-1916-06-15	Q181529	award	1954-01-01
simon-herbert-1916-06-15	Q181529	award	1986-01-01
simon-herbert-1916-06-15	Q181529	award	1993-01-01
simon-herbert-1916-06-15	Q181529	award	1983-01-01
simon-herbert-1916-06-15	Q181529	award	1984-01-01
simon-herbert-1916-06-15	Q181529	award	1988-01-01
simon-herbert-1916-06-15	Q181529	award	1995-01-01
simon-herbert-1916-06-15	Q181529	award	1990-01-01
simon-herbert-1916-06-15	Q181529	award	1978-01-01
simon-herbert-1916-06-15	Q181529	award	1980-01-01
simon-herbert-1916-06-15	Q181529	award	1994-01-01
simon-herbert-1916-06-15	Q181529	award	2000-01-01
simon-herbert-1916-06-15	Q181529	award	1987-01-01
simon-herbert-1916-06-15	Q181529	award	1969-01-01
simon-herbert-1916-06-15	Q181529	award	1975-01-01
troyon-constant-1810-08-28	Q219403	award	1849-09-11
troyon-constant-1810-08-28	Q219403	award	1860-12-14
anquetil-jacques-1934-01-08	Q221001	award	1966-01-01
anquetil-jacques-1934-01-08	Q221001	award	1963-01-01
broca-pierre-1824-06-28	Q311276	award	1879-07-27
broca-pierre-1824-06-28	Q311276	award	1876-10-18
babinski-joseph-1857-11-17	Q313062	award	1921-01-01
painleve-paul-1863-12-05	Q315434	award	1902-01-01
painleve-paul-1863-12-05	Q315434	award	1896-01-01
painleve-paul-1863-12-05	Q315434	award	1925-08-22
painleve-paul-1863-12-05	Q315434	award	1894-01-01
soupault-philippe-1897-08-02	Q336467	award	1973-01-01
soupault-philippe-1897-08-02	Q336467	award	1977-01-01
soupault-philippe-1897-08-02	Q336467	award	1981-01-01
soupault-philippe-1897-08-02	Q336467	award	1974-01-01
guardini-romano-1885-02-17	Q44872	award	1958-01-01
guardini-romano-1885-02-17	Q44872	award	1958-01-01
guardini-romano-1885-02-17	Q44872	award	1965-01-01
guardini-romano-1885-02-17	Q44872	award	1962-01-01
guardini-romano-1885-02-17	Q44872	award	1952-09-24
guardini-romano-1885-02-17	Q44872	award	1965-01-01
chamson-andre-1900-06-06	Q517743	award	1960-01-01
chamson-andre-1900-06-06	Q517743	award	1932-01-01
chamson-andre-1900-06-06	Q517743	award	1956-01-01
voisin-gabriel-1880-02-05	Q537074	award	1909-01-01
voisin-gabriel-1880-02-05	Q537074	award	1909-01-01
voisin-gabriel-1880-02-05	Q537074	award	1948-01-01
voisin-gabriel-1880-02-05	Q537074	award	1923-01-01
voisin-gabriel-1880-02-05	Q537074	award	1959-01-01
voisin-gabriel-1880-02-05	Q537074	award	1938-01-01
maud-huy-louis-1857-02-17	Q543437	award	1919-01-01
maud-huy-louis-1857-02-17	Q543437	award	1920-11-08
simon-pierre-henri-1903-01-16	Q681776	award	1954-01-01
hermite-charles-1822-12-24	Q168401	award	1893-01-01
voisin-gabriel-1880-02-05	Q537074	award	1963-01-01
lantuejoul-pierre-jean-baptiste-1887-09-18	Q57543906	award	1951-01-01
lantuejoul-pierre-jean-baptiste-1887-09-18	Q57543906	award	1922-01-01
castelnau-edouard-1851-12-24	Q1079578	position	1924-01-01
castelnau-edouard-1851-12-24	Q1079578	position	1919-11-16
sangnier-marc-1873-04-03	Q1248451	position	1919-11-16
sangnier-marc-1873-04-03	Q1248451	position	1945-10-21
hebert-antoine-1817-11-03	Q1350125	position	1867-01-01
hebert-antoine-1817-11-03	Q1350125	position	1885-01-01
humbert-marie-1859-01-07	Q1424117	position	1893-01-01
hermite-charles-1822-12-24	Q168401	position	1890-01-01
castex-pierre-georges-1915-06-20	Q2093025	position	1984-01-01
castex-pierre-georges-1915-06-20	Q2093025	position	1971-01-01
castex-pierre-georges-1915-06-20	Q2093025	position	1982-01-01
dehler-thomas-1897-12-14	Q215092	position	1965-10-19
dehler-thomas-1897-12-14	Q215092	position	1949-09-20
dehler-thomas-1897-12-14	Q215092	position	1953-10-06
dehler-thomas-1897-12-14	Q215092	position	1961-10-17
dehler-thomas-1897-12-14	Q215092	position	1949-09-07
dehler-thomas-1897-12-14	Q215092	position	1957-10-15
sarment-jean-1897-01-13	Q2365412	position	1944-01-01
coste-floret-alfred-1911-04-09	Q2835031	position	1946-01-01
coste-floret-alfred-1911-04-09	Q2835031	position	1984-07-24
coste-floret-alfred-1911-04-09	Q2835031	position	1947-01-01
durafour-antoine-1876-08-12	Q2853905	position	1930-08-02
thamier-henri-1916-02-10	Q3132066	position	1979-01-01
thamier-henri-1916-02-10	Q3132066	position	1948-01-01
thamier-henri-1916-02-10	Q3132066	position	1945-01-01
thamier-henri-1916-02-10	Q3132066	position	1952-01-01
painleve-paul-1863-12-05	Q315434	position	1925-04-17
painleve-paul-1863-12-05	Q315434	position	1917-09-12
painleve-paul-1863-12-05	Q315434	position	1910-06-01
painleve-paul-1863-12-05	Q315434	position	1918-01-01
comiti-joseph-1920-06-04	Q3184778	position	1973-04-02
comiti-joseph-1920-06-04	Q3184778	position	1978-04-03
comiti-joseph-1920-06-04	Q3184778	position	1968-07-11
feraudy-maurice-1859-12-03	Q3301567	position	1887-01-01
lejeune-max-1909-02-19	Q3302200	position	1962-12-06
lejeune-max-1909-02-19	Q3302200	position	1958-12-09
lejeune-max-1909-02-19	Q3302200	position	1968-07-11
lejeune-max-1909-02-19	Q3302200	position	1967-04-03
lejeune-max-1909-02-19	Q3302200	position	1973-04-02
max-petit-camille-petit-1921-07-21	Q3302267	position	1962-12-06
schmitt-rene-1907-03-17	Q3426879	position	1944-01-01
schmitt-rene-1907-03-17	Q3426879	position	1958-12-09
schmitt-rene-1907-03-17	Q3426879	position	1958-01-01
ballanger-robert-1912-11-02	Q3434496	position	1971-01-01
ballanger-robert-1912-11-02	Q3434496	position	1978-04-03
ballanger-robert-1912-11-02	Q3434496	position	1967-04-03
ballanger-robert-1912-11-02	Q3434496	position	1958-12-09
ballanger-robert-1912-11-02	Q3434496	position	1968-07-11
ballanger-robert-1912-11-02	Q3434496	position	1962-12-06
ballanger-robert-1912-11-02	Q3434496	position	1973-04-02
mougeotte-etienne-1940-03-01	Q3592294	position	2012-01-01
marie-andre-1897-12-03	Q440565	position	1925-05-10
marie-andre-1897-12-03	Q440565	position	1945-01-01
marie-andre-1897-12-03	Q440565	position	1958-12-09
marie-andre-1897-12-03	Q440565	position	1948-07-26
marie-andre-1897-12-03	Q440565	position	1947-10-22
marie-andre-1897-12-03	Q440565	position	1947-11-24
marie-andre-1897-12-03	Q440565	position	1973-01-01
marie-andre-1897-12-03	Q440565	position	1948-09-11
chamson-andre-1900-06-06	Q517743	position	1956-05-17
chamson-andre-1900-06-06	Q517743	position	1957-01-01
chamson-andre-1900-06-06	Q517743	position	1951-01-01
chamson-andre-1900-06-06	Q517743	position	1959-01-01
chamson-andre-1900-06-06	Q517743	position	1957-01-01
chamson-andre-1900-06-06	Q517743	position	1957-01-01
boissier-gaston-1823-08-15	Q607202	position	1892-01-01
boissier-gaston-1823-08-15	Q607202	position	1895-05-02
boissier-gaston-1823-08-15	Q607202	position	1876-06-08
simon-pierre-henri-1903-01-16	Q681776	position	1966-11-10
godron-alexandre-1807-03-25	Q975562	position	1850-08-10
feraudy-maurice-1859-12-03	Q3301567	position	1929-01-01
painleve-paul-1863-12-05	Q315434	position	1932-06-03
painleve-paul-1863-12-05	Q315434	position	1925-10-29
painleve-paul-1863-12-05	Q315434	position	1925-04-17
painleve-paul-1863-12-05	Q315434	position	1917-03-20
painleve-paul-1863-12-05	Q315434	position	1924-06-09
mougeotte-etienne-1940-03-01	Q3592294	position	1974-01-01
mougeotte-etienne-1940-03-01	Q3592294	position	2015-01-01
mougeotte-etienne-1940-03-01	Q3592294	position	1988-01-01
morandi-rodolfo-1902-07-30	Q3939978	position	1953-06-25
morandi-rodolfo-1902-07-30	Q3939978	position	1947-02-02
morandi-rodolfo-1902-07-30	Q3939978	position	1946-07-14
mahieux-ernest-wilfrid-1910-05-05	Q54855725	position	1965-01-01
lantuejoul-pierre-jean-baptiste-1887-09-18	Q57543906	position	1944-01-01
morgan-robert-1925-10-05	Q5993740	position	1977-01-03
morgan-robert-1925-10-05	Q5993740	position	1975-01-03
morgan-robert-1925-10-05	Q5993740	position	1969-01-03
morgan-robert-1925-10-05	Q5993740	position	1955-01-01
morgan-robert-1925-10-05	Q5993740	position	1969-01-03
morgan-robert-1925-10-05	Q5993740	position	1979-01-03
desrumaux-pierre-1899-03-22	Q62055370	position	1970-01-01
desrumaux-pierre-1899-03-22	Q62055370	position	1941-01-01
thoma-ludwig-1867-01-21	Q133248625	position	1922-01-01
castelnau-edouard-1851-12-24	Q1079578	award	1914-09-18
castelnau-edouard-1851-12-24	Q1079578	award	1899-10-07
castelnau-edouard-1851-12-24	Q1079578	award	1892-01-14
castelnau-edouard-1851-12-24	Q1079578	award	1912-01-13
castelnau-edouard-1851-12-24	Q1079578	award	1917-06-25
castelnau-edouard-1851-12-24	Q1079578	award	1915-10-08
perlman-isadore-1915-04-12	Q11205530	award	1962-01-01
perlman-isadore-1915-04-12	Q11205530	award	1961-01-01
perlman-isadore-1915-04-12	Q11205530	award	1964-01-01
perlman-isadore-1915-04-12	Q11205530	award	1960-01-01
perlman-isadore-1915-04-12	Q11205530	award	1955-01-01
humbert-marie-1859-01-07	Q1424117	award	1911-07-30
humbert-marie-1859-01-07	Q1424117	award	1891-01-01
humbert-marie-1859-01-07	Q1424117	award	1892-01-01
humbert-marie-1859-01-07	Q1424117	award	1921-01-01
vallerey-gisele-1930-01-22	Q15971844	award	1950-01-01
theron-pierre-1918-07-22	Q18578133	award	1957-01-01
gandon-pierre-1899-01-20	Q1970711	award	1954-01-01
gandon-pierre-1899-01-20	Q1970711	award	1954-01-15
castex-pierre-georges-1915-06-20	Q2093025	award	1976-01-01
sine-sinet-maurice-1928-12-30	Q2093567	award	1954-01-01
sarment-jean-1897-01-13	Q2365412	award	1920-01-01
fiumi-lionello-1894-04-12	Q2695963	award	1968-01-01
binet-georges-1865-04-30	Q27924464	award	1937-01-01
maroniez-georges-1865-01-17	Q3103159	award	1918-07-01
comiti-joseph-1920-06-04	Q3184778	award	1995-11-21
valynseele-joseph-1924-05-11	Q3185712	award	1972-01-01
valynseele-joseph-1924-05-11	Q3185712	award	1981-01-01
valynseele-joseph-1924-05-11	Q3185712	award	1958-01-01
stoleru-lionel-1937-11-22	Q3241949	award	1997-03-28
arloing-saturnin-1846-01-03	Q3474057	award	1906-07-11
mougeotte-etienne-1940-03-01	Q3592294	award	1996-12-31
mougeotte-etienne-1940-03-01	Q3592294	award	1993-06-24
mougeotte-etienne-1940-03-01	Q3592294	award	2003-01-01
mougeotte-etienne-1940-03-01	Q3592294	award	2006-01-01
tillard-paul-1914-09-30	Q43948009	award	1963-01-01
garnier-auguste-1885-10-12	Q50387161	award	1935-01-01
mauduit-jean-1921-10-25	Q53001534	award	1986-01-01
cassady-howard-1934-03-02	Q5919292	award	1955-01-01
cassady-howard-1934-03-02	Q5919292	award	1955-01-01
simon-pierre-henri-1903-01-16	Q681776	award	1943-01-01
simon-pierre-henri-1903-01-16	Q681776	award	1942-01-01
simon-pierre-henri-1903-01-16	Q681776	award	1954-01-01
simon-pierre-henri-1903-01-16	Q681776	award	1963-01-01
simon-pierre-henri-1903-01-16	Q681776	award	1950-01-01
guerin-henri-1921-08-27	Q730391	award	1992-12-31
scammon-richard-1915-07-17	Q7327563	award	1976-01-01
dupin-jacques-1927-03-04	Q733295	award	2010-01-01
guillet-leon-1873-07-11	Q959114	award	1942-01-01
godron-alexandre-1807-03-25	Q975562	award	1864-08-12
conner-bruce-1933-11-18	Q991589	award	1988-01-01
tillard-paul-1914-09-30	Q43948009	award	1964-01-01
tillard-paul-1914-09-30	Q43948009	award	1969-01-01
sangnier-marc-1873-04-03	Q1248451	award	1918-07-13
sangnier-marc-1873-04-03	Q1248451	award	1939-01-30
mery-fernand-1897-02-11	Q3069281	award	1966-01-01
tillard-paul-1914-09-30	Q43948009	award	1967-01-01
castex-pierre-georges-1915-06-20	Q2093025	award	1951-01-01
schirra-walter-1923-03-12	Q110450	award	1962-01-01
schirra-walter-1923-03-12	Q110450	award	1965-01-01
schirra-walter-1923-03-12	Q110450	award	2008-01-01
schirra-walter-1923-03-12	Q110450	award	2010-01-01
schirra-walter-1923-03-12	Q110450	award	1981-01-01
schirra-walter-1923-03-12	Q110450	award	1964-01-01
schirra-walter-1923-03-12	Q110450	award	1986-01-01
kempff-wilhelm-1895-11-25	Q159946	award	1984-01-01
fontaine-just-1933-08-18	Q192749	award	1984-05-18
fontaine-just-1933-08-18	Q192749	award	2013-07-12
trenet-charles-1913-05-18	Q212549	award	1982-01-01
daudet-alphonse-1840-05-13	Q228546	award	1870-08-09
daudet-alphonse-1840-05-13	Q228546	award	1875-01-01
daudet-alphonse-1840-05-13	Q228546	award	1886-12-29
picard-emile-1856-07-24	Q286375	award	1932-04-14
picard-emile-1856-07-24	Q286375	award	1888-01-01
picard-emile-1856-07-24	Q286375	award	1903-01-01
picard-emile-1856-07-24	Q286375	award	1909-03-25
picard-emile-1856-07-24	Q286375	award	1886-01-01
vilmorin-louise-1902-04-04	Q297881	award	1956-01-01
vilmorin-louise-1902-04-04	Q297881	award	1949-01-01
saporta-gaston-1823-07-28	Q327351	award	1873-01-01
jammes-francis-1868-12-02	Q353873	award	1912-01-01
jammes-francis-1868-12-02	Q353873	award	1938-01-01
jammes-francis-1868-12-02	Q353873	award	1917-01-01
ozenfant-amedee-1886-04-15	Q381937	award	1933-01-01
ozenfant-amedee-1886-04-15	Q381937	award	1949-01-01
boucherit-jules-1877-03-29	Q445802	award	1993-02-28
eisele-donn-1930-06-23	Q449706	award	1983-01-01
eisele-donn-1930-06-23	Q449706	award	2008-01-01
klimke-rainer-1936-01-14	Q467676	award	1988-01-01
klimke-rainer-1936-01-14	Q467676	award	1986-01-01
gordon-richard-1929-10-05	Q502963	award	1982-01-01
gordon-richard-1929-10-05	Q502963	award	2020-01-01
gordon-richard-1929-10-05	Q502963	award	1970-01-01
caspar-filser-maria-1878-08-07	Q545965	award	1959-01-01
caspar-filser-maria-1878-08-07	Q545965	award	1952-01-01
caspar-filser-maria-1878-08-07	Q545965	award	1925-01-01
raabe-wilhelm-1831-09-08	Q60647	award	1910-01-01
raabe-wilhelm-1831-09-08	Q60647	award	1899-01-01
horney-brigitte-1911-03-29	Q68898	award	1972-01-01
jensen-arthur-1923-08-24	Q710027	award	2003-01-01
lavant-christine-1915-07-04	Q87975	award	1964-01-01
lavant-christine-1915-07-04	Q87975	award	1956-01-01
lavant-christine-1915-07-04	Q87975	award	1961-01-01
lavant-christine-1915-07-04	Q87975	award	1970-01-01
guillemin-henri-1903-03-19	Q954783	award	1936-01-01
guillemin-henri-1903-03-19	Q954783	award	1942-01-01
levis-mirepoix-antoine-1884-08-01	Q980799	award	1917-01-01
levis-mirepoix-antoine-1884-08-01	Q980799	award	1948-01-01
picard-emile-1856-07-24	Q286375	award	1911-01-01
weber-carl-maria-1786-12-18	Q154812	award	1826-01-01
guillemin-henri-1903-03-19	Q954783	award	1965-01-01
lefebvre-adolphe-1820-04-16	Q105064705	award	1880-07-12
lechartier-georges-1837-01-06	Q112263927	award	1901-07-23
bouche-louis-1838-01-10	Q31817363	award	1905-01-01
bisplinghoff-raymond-1917-02-07	Q10357698	award	1967-01-01
grunelius-michael-1929-06-28	Q11984954	award	2008-01-01
tapissier-edmond-1861-06-14	Q1285750	award	1927-01-01
nader-george-1921-10-19	Q1347232	award	1955-01-01
nader-george-1921-10-19	Q1347232	award	1968-01-01
toulat-jean-1915-07-23	Q2385909	award	1982-01-01
dansette-adrien-1901-04-16	Q2825147	award	1943-01-01
dansette-adrien-1901-04-16	Q2825147	award	1945-01-01
dansette-adrien-1901-04-16	Q2825147	award	1958-05-12
dansette-adrien-1901-04-16	Q2825147	award	1950-02-04
dansette-adrien-1901-04-16	Q2825147	award	1949-01-01
dansette-adrien-1901-04-16	Q2825147	award	1939-01-01
hutin-francois-regis-1929-06-26	Q3083650	award	2010-11-11
remy-renault-roulier-1904-08-06	Q3105836	award	1946-04-24
remy-renault-roulier-1904-08-06	Q3105836	award	1960-01-01
remy-renault-roulier-1904-08-06	Q3105836	award	1942-03-13
vaudoyer-jean-1883-09-10	Q3167016	award	1914-01-01
vaudoyer-jean-1883-09-10	Q3167016	award	1926-01-01
vaudoyer-jean-1883-09-10	Q3167016	award	1910-01-01
vaudoyer-jean-1883-09-10	Q3167016	award	1937-01-01
vaudoyer-jean-1883-09-10	Q3167016	award	1959-01-01
vaudoyer-jean-1883-09-10	Q3167016	award	1928-01-01
sauvage-jean-1909-10-03	Q3174574	award	1997-03-28
drouyn-francois-1816-07-12	Q3270462	award	1884-01-01
drouyn-francois-1816-07-12	Q3270462	award	1870-01-01
drouyn-francois-1816-07-12	Q3270462	award	1877-01-01
labbe-leon-1832-09-29	Q3271106	award	1871-10-15
labbe-leon-1832-09-29	Q3271106	award	1871-02-22
labbe-leon-1832-09-29	Q3271106	award	1891-03-31
barres-philippe-1896-07-08	Q3379306	award	1934-01-01
adelsward-renauld-1811-12-18	Q5542638	award	1861-05-18
adelsward-renauld-1811-12-18	Q5542638	award	1880-12-31
adelsward-renauld-1811-12-18	Q5542638	award	1841-01-01
toulat-jean-1915-07-23	Q2385909	award	1964-01-01
hamy-theodore-jules-ernest-1842-06-22	Q1356363	award	1880-01-01
hamy-theodore-jules-ernest-1842-06-22	Q1356363	award	1889-01-01
lechartier-georges-1837-01-06	Q112263927	position	1866-01-23
lechartier-georges-1837-01-06	Q112263927	position	1894-01-01
lesage-xavier-1885-10-25	Q1357391	position	1935-01-01
binet-francois-1880-05-04	Q15973693	position	1914-01-01
ehrlichman-john-1925-03-20	Q1699957	position	1969-01-20
ehrlichman-john-1925-03-20	Q1699957	position	1969-01-20
picard-emile-1856-07-24	Q286375	position	1924-11-27
picard-emile-1856-07-24	Q286375	position	1910-01-01
picard-emile-1856-07-24	Q286375	position	1923-01-01
picard-emile-1856-07-24	Q286375	position	1884-01-01
raynaldy-eugene-1869-12-23	Q3060128	position	1925-01-01
blanqui-louis-1805-02-08	Q309722	position	1879-04-20
vaudoyer-jean-1883-09-10	Q3167016	position	1904-01-01
vaudoyer-jean-1883-09-10	Q3167016	position	1934-01-01
vaudoyer-jean-1883-09-10	Q3167016	position	1941-03-04
vaudoyer-jean-1883-09-10	Q3167016	position	1950-01-12
salliard-du-rivault-jean-1893-08-29	Q3174532	position	1958-11-30
midol-lucien-1883-09-24	Q3265639	position	1944-01-01
drouyn-francois-1816-07-12	Q3270462	position	1873-01-01
labbe-leon-1832-09-29	Q3271106	position	1892-04-24
saporta-gaston-1823-07-28	Q327351	position	1877-01-01
saporta-gaston-1823-07-28	Q327351	position	1887-01-01
fontaine-maurice-1904-10-28	Q3300784	position	1966-01-01
barres-philippe-1896-07-08	Q3379306	position	1951-06-17
barres-philippe-1896-07-08	Q3379306	position	1959-01-01
barres-philippe-1896-07-08	Q3379306	position	1959-01-01
roger-emile-1920-05-05	Q3588724	position	1971-01-01
roger-emile-1920-05-05	Q3588724	position	1977-04-25
roger-emile-1920-05-05	Q3588724	position	1973-07-02
roger-emile-1920-05-05	Q3588724	position	1967-03-12
guyon-emilie-1821-10-02	Q3588857	position	1858-01-01
carocci-alberta-1904-11-03	Q3608203	position	1963-05-16
gilligan-john-1921-03-22	Q374960	position	1971-01-11
hersant-robert-1920-01-31	Q442717	position	1984-07-24
hersant-robert-1920-01-31	Q442717	position	1989-07-25
hersant-robert-1920-01-31	Q442717	position	1994-07-19
gourdon-robert-1914-02-22	Q45978	position	1945-01-01
gourdon-robert-1914-02-22	Q45978	position	1958-01-01
gourdon-robert-1914-02-22	Q45978	position	1948-12-06
gourdon-robert-1914-02-22	Q45978	position	1973-01-01
heurtaux-alfred-1893-05-20	Q474389	position	1919-11-16
adelsward-renauld-1811-12-18	Q5542638	position	1871-05-01
adelsward-renauld-1811-12-18	Q5542638	position	1848-04-23
merle-guy-du-1908-01-01	Q5622713	position	1948-01-01
brisson-henri-1835-07-31	Q669725	position	1898-06-28
brisson-henri-1835-07-31	Q669725	position	1885-04-06
laussedat-louis-1809-07-30	Q8317383	position	1848-05-04
laussedat-louis-1809-07-30	Q8317383	position	1876-03-08
laussedat-louis-1809-07-30	Q8317383	position	1877-11-07
anderson-wendell-1933-02-01	Q880779	position	1977-01-03
anderson-wendell-1933-02-01	Q880779	position	1976-12-30
anderson-wendell-1933-02-01	Q880779	position	1971-01-04
guillemin-henri-1903-03-19	Q954783	position	1945-01-01
dubois-louis-1856-09-01	Q959423	position	1909-11-30
dubois-louis-1856-09-01	Q959423	position	1916-12-04
dubois-louis-1856-09-01	Q959423	position	1920-09-13
dubois-louis-1856-09-01	Q959423	position	1901-04-18
dubois-louis-1856-09-01	Q959423	position	1916-03-13
levis-mirepoix-antoine-1884-08-01	Q980799	position	1953-01-29
levis-mirepoix-antoine-1884-08-01	Q980799	position	1959-01-01
levis-mirepoix-antoine-1884-08-01	Q980799	position	1934-01-01
saporta-gaston-1823-07-28	Q327351	position	1869-01-01
garland-judy-1922-06-10	Q11637	award	1961-01-01
garland-judy-1922-06-10	Q11637	award	1954-01-01
garland-judy-1922-06-10	Q11637	award	1961-01-01
garland-judy-1922-06-10	Q11637	award	1940-01-01
garland-judy-1922-06-10	Q11637	award	2009-01-01
garland-judy-1922-06-10	Q11637	award	1997-01-01
garland-judy-1922-06-10	Q11637	award	2004-01-01
garland-judy-1922-06-10	Q11637	award	1997-01-01
garland-judy-1922-06-10	Q11637	award	1952-01-01
garland-judy-1922-06-10	Q11637	award	1961-01-01
garland-judy-1922-06-10	Q11637	award	1980-01-01
greco-juliette-1927-02-07	Q156485	award	2007-01-01
greco-juliette-1927-02-07	Q156485	award	2015-11-20
greco-juliette-1927-02-07	Q156485	award	2002-03-29
greco-juliette-1927-02-07	Q156485	award	2006-05-15
greco-juliette-1927-02-07	Q156485	award	2012-07-13
greco-juliette-1927-02-07	Q156485	award	2016-02-10
greco-juliette-1927-02-07	Q156485	award	1984-10-23
greco-juliette-1927-02-07	Q156485	award	1999-09-15
auriol-vincent-1884-08-27	Q158772	award	1953-01-01
auriol-vincent-1884-08-27	Q158772	award	1951-01-01
auriol-vincent-1884-08-27	Q158772	award	1950-05-02
auriol-vincent-1884-08-27	Q158772	award	1950-01-01
auriol-vincent-1884-08-27	Q158772	award	1946-01-01
armand-louis-1905-01-17	Q18398	award	1965-01-01
armand-louis-1905-01-17	Q18398	award	1962-01-01
offenbach-jacques-1819-06-20	Q41555	award	1861-08-13
pasteur-louis-1822-12-27	Q529	award	1895-01-01
pasteur-louis-1822-12-27	Q529	award	1874-01-01
pasteur-louis-1822-12-27	Q529	award	1883-12-29
pasteur-louis-1822-12-27	Q529	award	1883-01-01
pasteur-louis-1822-12-27	Q529	award	1868-08-14
pasteur-louis-1822-12-27	Q529	award	1863-01-01
pasteur-louis-1822-12-27	Q529	award	1873-01-01
pasteur-louis-1822-12-27	Q529	award	1853-01-01
pasteur-louis-1822-12-27	Q529	award	1869-04-29
pasteur-louis-1822-12-27	Q529	award	1868-01-01
pasteur-louis-1822-12-27	Q529	award	1978-01-01
pasteur-louis-1822-12-27	Q529	award	1882-01-01
pasteur-louis-1822-12-27	Q529	award	1886-06-08
pasteur-louis-1822-12-27	Q529	award	1856-01-01
pasteur-louis-1822-12-27	Q529	award	1861-01-01
pasteur-louis-1822-12-27	Q529	award	1878-01-01
hahn-otto-1879-03-08	Q57065	award	1959-01-01
hahn-otto-1879-03-08	Q57065	award	1959-01-01
hahn-otto-1879-03-08	Q57065	award	1954-01-01
hahn-otto-1879-03-08	Q57065	award	1954-01-01
hahn-otto-1879-03-08	Q57065	award	1917-01-01
hahn-otto-1879-03-08	Q57065	award	1959-01-01
hahn-otto-1879-03-08	Q57065	award	1958-01-01
hahn-otto-1879-03-08	Q57065	award	1957-05-09
hahn-otto-1879-03-08	Q57065	award	1959-01-01
hahn-otto-1879-03-08	Q57065	award	1957-01-01
hahn-otto-1879-03-08	Q57065	award	1959-01-01
hahn-otto-1879-03-08	Q57065	award	1949-01-01
hahn-otto-1879-03-08	Q57065	award	1919-01-01
hahn-otto-1879-03-08	Q57065	award	1944-01-01
hahn-otto-1879-03-08	Q57065	award	1944-01-01
hahn-otto-1879-03-08	Q57065	award	1919-01-01
hahn-otto-1879-03-08	Q57065	award	1916-01-01
hahn-otto-1879-03-08	Q57065	award	1917-01-01
hahn-otto-1879-03-08	Q57065	award	1966-01-01
hahn-otto-1879-03-08	Q57065	award	1956-01-01
hahn-otto-1879-03-08	Q57065	award	1952-01-01
hahn-otto-1879-03-08	Q57065	award	1944-01-01
hahn-otto-1879-03-08	Q57065	award	1953-01-01
ney-elly-1882-09-27	Q66912	award	1927-01-01
ney-elly-1882-09-27	Q66912	award	1952-01-01
messerschmitt-willy-1898-06-26	Q77096	award	1937-01-01
pasteur-louis-1822-12-27	Q529	award	1886-01-01
pasteur-louis-1822-12-27	Q529	award	1893-01-01
hahn-otto-1879-03-08	Q57065	award	1924-01-01
salinger-pierre-1925-06-14	Q1273067	award	1981-01-01
dorgeles-roland-1885-06-15	Q1393036	award	1919-01-01
plessis-frederic-1851-02-03	Q1471610	award	1939-01-04
plessis-frederic-1851-02-03	Q1471610	award	1939-01-01
plessis-frederic-1851-02-03	Q1471610	award	1921-07-31
plessis-frederic-1851-02-03	Q1471610	award	1888-01-01
plessis-frederic-1851-02-03	Q1471610	award	1903-01-01
cartan-elie-1869-04-09	Q274639	award	1937-01-01
cartan-elie-1869-04-09	Q274639	award	1930-01-01
cartan-elie-1869-04-09	Q274639	award	1920-01-01
cartan-elie-1869-04-09	Q274639	award	1947-05-01
leblanc-maurice-1864-12-11	Q314993	award	1908-01-17
leblanc-maurice-1864-12-11	Q314993	award	1919-08-02
bordonove-georges-1920-05-25	Q345965	award	1975-01-01
bordonove-georges-1920-05-25	Q345965	award	1963-01-01
bordonove-georges-1920-05-25	Q345965	award	1963-01-01
bordonove-georges-1920-05-25	Q345965	award	1959-01-01
bordonove-georges-1920-05-25	Q345965	award	1952-01-01
bordonove-georges-1920-05-25	Q345965	award	1992-01-01
weinberger-caspar-1917-08-18	Q434142	award	1987-01-01
hufstedler-shirley-1925-08-24	Q465401	award	2000-01-01
gebhart-emile-1839-07-19	Q475489	award	1876-01-01
gebhart-emile-1839-07-19	Q475489	award	1881-01-01
goddet-jacques-1905-06-21	Q561358	award	1948-01-01
ferrie-gustave-1868-11-19	Q644679	award	1927-01-01
ferrie-gustave-1868-11-19	Q644679	award	1931-01-01
ferrie-gustave-1868-11-19	Q644679	award	1921-01-01
ferrie-gustave-1868-11-19	Q644679	award	1932-02-15
ferrie-gustave-1868-11-19	Q644679	award	1919-01-01
cayrol-jean-1910-06-06	Q699397	award	1984-01-01
cayrol-jean-1910-06-06	Q699397	award	1947-01-01
sauguet-henri-poupard-1901-05-18	Q708863	award	1979-12-19
daix-pierre-1922-05-24	Q827389	award	2005-01-01
daix-pierre-1922-05-24	Q827389	award	1985-01-01
daix-pierre-1922-05-24	Q827389	award	1993-06-24
daix-pierre-1922-05-24	Q827389	award	1987-01-01
daix-pierre-1922-05-24	Q827389	award	2012-01-01
jullian-marcel-1922-01-31	Q910632	award	1998-01-01
jullian-marcel-1922-01-31	Q910632	award	1962-01-01
jullian-marcel-1922-01-31	Q910632	award	2001-01-01
jullian-marcel-1922-01-31	Q910632	award	1993-12-31
favre-jules-1809-03-21	Q923619	award	1886-01-01
batiffol-pierre-1861-01-27	Q950466	award	1919-01-01
batiffol-pierre-1861-01-27	Q950466	award	1910-01-01
batiffol-pierre-1861-01-27	Q950466	award	1897-01-01
batiffol-pierre-1861-01-27	Q950466	award	1929-08-01
frapie-leon-1863-01-27	Q966324	award	1904-01-01
frapie-leon-1863-01-27	Q966324	award	1949-01-01
garcon-maurice-1889-11-25	Q998913	award	1941-01-01
bordonove-georges-1920-05-25	Q345965	award	1956-01-01
bordonove-georges-1920-05-25	Q345965	award	1963-01-01
cayrol-jean-1910-06-06	Q699397	award	1975-01-01
goddet-jacques-1905-06-21	Q561358	award	1981-01-01
daix-pierre-1922-05-24	Q827389	award	2005-01-01
aron-emile-1907-11-02	Q28470251	position	1935-01-01
aron-emile-1907-11-02	Q28470251	position	1962-01-01
aron-emile-1907-11-02	Q28470251	position	1988-01-01
serre-auguste-1802-10-28	Q64858971	position	1838-01-01
serre-auguste-1802-10-28	Q64858971	position	1852-01-01
buchen-philip-1916-02-27	Q7184511	position	1975-09-01
salinger-pierre-1925-06-14	Q1273067	position	1964-08-04
dorgeles-roland-1885-06-15	Q1393036	position	1929-01-01
dorgeles-roland-1885-06-15	Q1393036	position	1954-01-01
auriol-vincent-1884-08-27	Q158772	position	1937-06-29
auriol-vincent-1884-08-27	Q158772	position	1946-11-28
auriol-vincent-1884-08-27	Q158772	position	1946-12-03
auriol-vincent-1884-08-27	Q158772	position	1919-12-08
auriol-vincent-1884-08-27	Q158772	position	1936-06-04
auriol-vincent-1884-08-27	Q158772	position	1936-06-01
auriol-vincent-1884-08-27	Q158772	position	1946-06-11
auriol-vincent-1884-08-27	Q158772	position	1932-06-01
auriol-vincent-1884-08-27	Q158772	position	1928-06-01
auriol-vincent-1884-08-27	Q158772	position	1924-06-01
auriol-vincent-1884-08-27	Q158772	position	1947-01-16
auriol-vincent-1884-08-27	Q158772	position	1947-01-16
auriol-vincent-1884-08-27	Q158772	position	1945-11-06
auriol-vincent-1884-08-27	Q158772	position	1946-06-11
auriol-vincent-1884-08-27	Q158772	position	1946-01-31
auriol-vincent-1884-08-27	Q158772	position	1925-05-15
auriol-vincent-1884-08-27	Q158772	position	1914-06-01
armand-louis-1905-01-17	Q18398	position	1958-01-01
armand-louis-1905-01-17	Q18398	position	1955-01-01
armand-louis-1905-01-17	Q18398	position	1963-06-13
burdeau-auguste-laurent-1851-09-10	Q2341410	position	1894-07-05
burdeau-auguste-laurent-1851-09-10	Q2341410	position	1885-10-18
burdeau-auguste-laurent-1851-09-10	Q2341410	position	1892-07-13
cartan-elie-1869-04-09	Q274639	position	1946-01-01
netter-juste-1855-09-20	Q2863365	position	1915-01-01
munier-chalmas-ernest-1843-04-07	Q3057095	position	1890-01-01
munier-chalmas-ernest-1843-04-07	Q3057095	position	1891-01-01
munier-chalmas-ernest-1843-04-07	Q3057095	position	1892-01-01
munier-chalmas-ernest-1843-04-07	Q3057095	position	1891-01-01
munier-chalmas-ernest-1843-04-07	Q3057095	position	1892-01-01
lenotre-georges-1855-10-07	Q3093059	position	1932-12-01
lenotre-georges-1855-10-07	Q3093059	position	1932-01-01
terrier-louis-1854-07-08	Q3263166	position	1893-04-04
terrier-louis-1854-07-08	Q3263166	position	1893-08-20
terrier-louis-1854-07-08	Q3263166	position	1886-01-01
terrier-louis-1854-07-08	Q3263166	position	1889-09-22
terrier-louis-1854-07-08	Q3263166	position	1893-04-04
fourtou-oscar-bardi-de-1836-01-03	Q330554	position	1880-03-07
fourtou-oscar-bardi-de-1836-01-03	Q330554	position	1877-05-17
fourtou-oscar-bardi-de-1836-01-03	Q330554	position	1873-11-26
fourtou-oscar-bardi-de-1836-01-03	Q330554	position	1889-09-22
fourtou-oscar-bardi-de-1836-01-03	Q330554	position	1874-05-22
fourtou-oscar-bardi-de-1836-01-03	Q330554	position	1871-02-08
fourtou-oscar-bardi-de-1836-01-03	Q330554	position	1872-12-07
clave-philippe-1916-01-28	Q3379591	position	1973-01-01
latour-pierre-1896-06-18	Q3384172	position	1954-11-05
jardillier-robert-1890-03-31	Q3435526	position	1932-01-01
jardillier-robert-1890-03-31	Q3435526	position	1936-06-04
jardillier-robert-1890-03-31	Q3435526	position	1935-01-01
fabre-emile-1869-03-24	Q3588493	position	1915-01-01
moizo-riccardo-1877-08-27	Q3934535	position	1939-05-04
hainl-francois-1807-11-16	Q4181100	position	1863-01-01
weinberger-caspar-1917-08-18	Q434142	position	1981-01-21
weinberger-caspar-1917-08-18	Q434142	position	1972-06-12
weinberger-caspar-1917-08-18	Q434142	position	1973-02-12
hufstedler-shirley-1925-08-24	Q465401	position	1968-09-12
hufstedler-shirley-1925-08-24	Q465401	position	1979-11-30
gebhart-emile-1839-07-19	Q475489	position	1904-06-30
morvan-augustin-1819-02-07	Q4821119	position	1864-01-01
morvan-augustin-1819-02-07	Q4821119	position	1857-01-01
morvan-augustin-1819-02-07	Q4821119	position	1871-07-02
pasteur-louis-1822-12-27	Q529	position	1881-12-08
valton-edmond-1836-09-25	Q5338862	position	1889-01-01
hyppolite-jean-1907-01-08	Q540407	position	1954-01-01
sturzo-luigi-1871-11-26	Q735770	position	1952-09-17
jullian-marcel-1922-01-31	Q910632	position	1975-01-01
favre-jules-1809-03-21	Q923619	position	1860-01-01
favre-jules-1809-03-21	Q923619	position	1867-05-02
batiffol-pierre-1861-01-27	Q950466	position	1928-01-01
batiffol-pierre-1861-01-27	Q950466	position	1898-01-01
garcon-maurice-1889-11-25	Q998913	position	1946-04-04
garcon-maurice-1889-11-25	Q998913	position	1962-01-01
goddet-jacques-1905-06-21	Q561358	position	1937-01-01
goddet-jacques-1905-06-21	Q561358	position	1931-01-01
goddet-jacques-1905-06-21	Q561358	position	1946-01-01
netter-juste-1855-09-20	Q2863365	position	1936-01-01
beer-jean-de-debeer-1911-09-21	Q3175268	position	1963-01-01
beer-jean-de-debeer-1911-09-21	Q3175268	position	1945-01-01
plessis-frederic-1851-02-03	Q1471610	award	1909-01-01
delorme-edmond-1847-08-02	Q15971954	award	1917-01-01
niedergang-marcel-1922-09-14	Q20051299	award	1983-01-01
burdeau-auguste-laurent-1851-09-10	Q2341410	award	1871-12-09
jerome-pierre-1905-01-20	Q23901657	award	1934-01-01
jerome-pierre-1905-01-20	Q23901657	award	1969-01-01
jerome-pierre-1905-01-20	Q23901657	award	1956-01-01
martini-alfredo-1921-02-18	Q2835619	award	2002-01-01
martini-alfredo-1921-02-18	Q2835619	award	2014-01-01
aron-emile-1907-11-02	Q28470251	award	1983-01-01
merieux-charles-1907-01-09	Q2959882	award	1987-05-20
munier-chalmas-ernest-1843-04-07	Q3057095	award	1895-01-12
munier-chalmas-ernest-1843-04-07	Q3057095	award	1876-01-01
munier-chalmas-ernest-1843-04-07	Q3057095	award	1898-01-01
lenotre-georges-1855-10-07	Q3093059	award	1902-01-01
lenotre-georges-1855-10-07	Q3093059	award	1921-01-01
lenotre-georges-1855-10-07	Q3093059	award	1895-01-01
lenotre-georges-1855-10-07	Q3093059	award	1899-01-01
lenotre-georges-1855-10-07	Q3093059	award	1924-01-01
bedos-guy-1934-06-15	Q3121553	award	1994-07-13
bedos-guy-1934-06-15	Q3121553	award	1990-01-01
reda-jacques-1929-01-24	Q3159944	award	2013-01-01
reda-jacques-1929-01-24	Q3159944	award	1988-01-01
reda-jacques-1929-01-24	Q3159944	award	1969-01-01
reda-jacques-1929-01-24	Q3159944	award	1970-01-01
artur-jose-1927-05-20	Q3186180	award	2011-01-01
latour-pierre-1896-06-18	Q3384172	award	1955-01-01
fabre-emile-1869-03-24	Q3588493	award	1902-01-01
fabre-emile-1869-03-24	Q3588493	award	1914-01-01
fabre-emile-1869-03-24	Q3588493	award	1905-01-01
moizo-riccardo-1877-08-27	Q3934535	award	1914-05-04
hainl-francois-1807-11-16	Q4181100	award	1868-08-14
morvan-augustin-1819-02-07	Q4821119	award	1868-01-01
bienayme-arthur-1834-01-13	Q62070899	award	1890-07-10
drach-jules-1871-03-13	Q6305813	award	1922-01-01
drach-jules-1871-03-13	Q6305813	award	1897-01-01
drach-jules-1871-03-13	Q6305813	award	1932-01-01
drach-jules-1871-03-13	Q6305813	award	1925-01-01
drach-jules-1871-03-13	Q6305813	award	1911-01-01
huebner-robert-1914-02-23	Q7345669	award	1975-01-01
huebner-robert-1914-02-23	Q7345669	award	1969-01-01
huebner-robert-1914-02-23	Q7345669	award	1968-01-01
reda-jacques-1929-01-24	Q3159944	award	1999-01-01
hainl-francois-1807-11-16	Q4181100	award	1869-01-01
reda-jacques-1929-01-24	Q3159944	award	1983-01-01
rouffanche-joseph-1922-09-24	Q15970834	award	1984-01-01
reda-jacques-1929-01-24	Q3159944	award	2019-01-01
beer-jean-de-debeer-1911-09-21	Q3175268	award	1963-01-01
brasseur-claude-espinasse-1936-06-15	Q106544	award	2004-03-25
brasseur-claude-espinasse-1936-06-15	Q106544	award	2008-11-18
brasseur-claude-espinasse-1936-06-15	Q106544	award	1980-01-01
brasseur-claude-espinasse-1936-06-15	Q106544	award	2016-05-13
brasseur-claude-espinasse-1936-06-15	Q106544	award	2016-12-30
brasseur-claude-espinasse-1936-06-15	Q106544	award	1977-01-01
brouwer-luitzen-1881-02-27	Q155887	award	1948-05-27
herberger-josef-1897-03-28	Q157820	award	1962-01-01
herberger-josef-1897-03-28	Q157820	award	1967-01-01
poincare-raymond-1860-08-20	Q191974	award	1914-01-01
poincare-raymond-1860-08-20	Q191974	award	1913-01-01
poincare-raymond-1860-08-20	Q191974	award	1913-04-16
poincare-raymond-1860-08-20	Q191974	award	1920-04-19
esnault-pelterie-robert-1881-11-08	Q20894	award	1930-01-01
esnault-pelterie-robert-1881-11-08	Q20894	award	1976-01-01
esnault-pelterie-robert-1881-11-08	Q20894	award	1921-02-14
dukas-paul-1865-10-01	Q215556	award	1906-07-22
dukas-paul-1865-10-01	Q215556	award	1888-01-01
dukas-paul-1865-10-01	Q215556	award	1928-08-06
white-edward-1930-11-14	Q216726	award	1982-01-01
white-edward-1930-11-14	Q216726	award	1969-01-01
white-edward-1930-11-14	Q216726	award	2009-01-01
white-edward-1930-11-14	Q216726	award	1965-01-01
white-edward-1930-11-14	Q216726	award	1997-12-17
kahn-madeline-1942-09-29	Q234068	award	1993-01-01
kahn-madeline-1942-09-29	Q234068	award	1993-01-01
funes-louis-1914-07-31	Q2737	award	1973-03-15
holbrook-hal-1925-02-17	Q314801	award	1966-01-01
holbrook-hal-1925-02-17	Q314801	award	1971-01-01
holbrook-hal-1925-02-17	Q314801	award	2003-01-01
flaubert-gustave-1821-12-12	Q43444	award	1952-01-01
flaubert-gustave-1821-12-12	Q43444	award	1866-08-15
garner-peggy-1932-02-03	Q447017	award	1956-01-01
knappertsbusch-hans-1888-03-12	Q57425	award	1958-01-01
knappertsbusch-hans-1888-03-12	Q57425	award	1963-01-01
knappertsbusch-hans-1888-03-12	Q57425	award	1963-01-01
knappertsbusch-hans-1888-03-12	Q57425	award	1943-01-30
knappertsbusch-hans-1888-03-12	Q57425	award	1944-01-01
knappertsbusch-hans-1888-03-12	Q57425	award	1944-01-01
knappertsbusch-hans-1888-03-12	Q57425	award	1943-01-01
knappertsbusch-hans-1888-03-12	Q57425	award	1958-01-01
eich-glinter-1907-02-01	Q60869	award	1951-01-01
eich-glinter-1907-02-01	Q60869	award	1959-01-01
eich-glinter-1907-02-01	Q60869	award	1955-01-01
eich-glinter-1907-02-01	Q60869	award	1968-01-01
eich-glinter-1907-02-01	Q60869	award	1972-01-01
eich-glinter-1907-02-01	Q60869	award	1952-01-01
havlicek-john-1940-04-08	Q71127	award	1974-01-01
prandtl-ludwi-1875-02-04	Q76683	award	1928-06-21
prandtl-ludwi-1875-02-04	Q76683	award	1940-01-01
prandtl-ludwi-1875-02-04	Q76683	award	1936-01-01
prandtl-ludwi-1875-02-04	Q76683	award	1930-01-01
prandtl-ludwi-1875-02-04	Q76683	award	1951-01-01
prandtl-ludwi-1875-02-04	Q76683	award	1929-01-01
prandtl-ludwi-1875-02-04	Q76683	award	1918-01-01
lepsius-karl-richard-1810-12-23	Q77231	award	1869-01-01
lepsius-karl-richard-1810-12-23	Q77231	award	1869-01-01
esnault-pelterie-robert-1881-11-08	Q20894	award	1913-09-20
prandtl-ludwi-1875-02-04	Q76683	award	1941-01-01
laine-pascal-1942-05-10	Q1230705	award	1974-01-01
laine-pascal-1942-05-10	Q1230705	award	1993-07-13
laine-pascal-1942-05-10	Q1230705	award	1971-01-01
berthoin-jean-marie-1895-01-12	Q1469157	award	1929-12-29
berthoin-jean-marie-1895-01-12	Q1469157	award	1920-06-16
bertin-louis-1840-03-23	Q2259038	award	1877-01-01
garner-peggy-1932-02-03	Q447017	award	1946-01-01
clooney-rosemary-1928-05-23	Q466508	award	2002-01-01
wilson-nancy-1937-02-20	Q467690	award	1981-01-01
lacretelle-jacques-1888-07-14	Q537014	award	1930-01-01
lacretelle-jacques-1888-07-14	Q537014	award	1921-01-01
lacretelle-jacques-1888-07-14	Q537014	award	1922-01-01
lacretelle-jacques-1888-07-14	Q537014	award	1950-01-01
ponge-francis-1899-03-27	Q551749	award	1984-01-01
ponge-francis-1899-03-27	Q551749	award	1981-01-01
ponge-francis-1899-03-27	Q551749	award	1983-01-01
ponge-francis-1899-03-27	Q551749	award	1985-01-01
ponge-francis-1899-03-27	Q551749	award	1959-01-01
ponge-francis-1899-03-27	Q551749	award	1974-01-01
esclangon-ernest-1876-03-17	Q574628	award	1934-01-01
esclangon-ernest-1876-03-17	Q574628	award	1935-01-01
esclangon-ernest-1876-03-17	Q574628	award	1921-01-01
esclangon-ernest-1876-03-17	Q574628	award	1916-01-01
pergaud-louis-1882-01-22	Q602468	award	1910-01-01
lebourg-albert-1849-02-01	Q630973	award	1924-02-28
lebourg-albert-1849-02-01	Q630973	award	1903-01-01
hartung-hans-1904-09-21	Q657402	award	1967-09-29
hartung-hans-1904-09-21	Q657402	award	1984-01-01
hartung-hans-1904-09-21	Q657402	award	1957-01-01
nougaro-claude-1929-09-09	Q719314	award	1988-01-01
nougaro-claude-1929-09-09	Q719314	award	1988-01-01
nougaro-claude-1929-09-09	Q719314	award	1997-11-10
brion-marcel-1895-11-21	Q725605	award	1936-01-01
brion-marcel-1895-11-21	Q725605	award	1979-01-01
brion-marcel-1895-11-21	Q725605	award	1938-01-01
brion-marcel-1895-11-21	Q725605	award	1948-01-01
brion-marcel-1895-11-21	Q725605	award	1931-01-01
brion-marcel-1895-11-21	Q725605	award	1953-01-01
brion-marcel-1895-11-21	Q725605	award	1955-01-01
brion-marcel-1895-11-21	Q725605	award	1956-01-01
bouilhet-louis-1821-05-27	Q761705	award	1859-01-01
latham-hubert-1883-01-10	Q848304	award	1911-07-12
aron-robert-1898-05-25	Q984530	award	1959-01-01
aron-robert-1898-05-25	Q984530	award	1963-01-01
aron-robert-1898-05-25	Q984530	award	1974-01-01
laurens-jean-1838-03-28	Q708568	award	1912-01-01
lacretelle-jacques-1888-07-14	Q537014	award	1961-01-01
lacretelle-jacques-1888-07-14	Q537014	award	1977-01-01
ponge-francis-1899-03-27	Q551749	award	1951-01-01
brion-marcel-1895-11-21	Q725605	award	1931-01-01
laurens-jean-1838-03-28	Q708568	award	1919-01-01
robert-raoul-1912-01-06	Q1101209	position	1977-01-03
robert-raoul-1912-01-06	Q1101209	position	1975-11-25
berthoin-jean-marie-1895-01-12	Q1469157	position	1922-01-01
berthoin-jean-marie-1895-01-12	Q1469157	position	1952-01-01
berthoin-jean-marie-1895-01-12	Q1469157	position	1961-01-01
berthoin-jean-marie-1895-01-12	Q1469157	position	1936-01-01
berthoin-jean-marie-1895-01-12	Q1469157	position	1948-01-01
berthoin-jean-marie-1895-01-12	Q1469157	position	1928-01-01
berthoin-jean-marie-1895-01-12	Q1469157	position	1938-01-01
berthoin-jean-marie-1895-01-12	Q1469157	position	1958-01-01
berthoin-jean-marie-1895-01-12	Q1469157	position	1925-01-01
berthoin-jean-marie-1895-01-12	Q1469157	position	1934-01-01
berthoin-jean-marie-1895-01-12	Q1469157	position	1959-01-08
humbert-gustave-1822-06-28	Q1556684	position	1877-01-01
humbert-gustave-1822-06-28	Q1556684	position	1875-12-11
humbert-gustave-1822-06-28	Q1556684	position	1890-01-01
humbert-gustave-1822-06-28	Q1556684	position	1867-01-01
humbert-gustave-1822-06-28	Q1556684	position	1882-01-30
humbert-gustave-1822-06-28	Q1556684	position	1848-01-01
humbert-gustave-1822-06-28	Q1556684	position	1871-02-08
poincare-raymond-1860-08-20	Q191974	position	1931-06-01
poincare-raymond-1860-08-20	Q191974	position	1912-01-14
poincare-raymond-1860-08-20	Q191974	position	1926-07-23
poincare-raymond-1860-08-20	Q191974	position	1895-01-26
poincare-raymond-1860-08-20	Q191974	position	1913-02-18
poincare-raymond-1860-08-20	Q191974	position	1913-02-18
poincare-raymond-1860-08-20	Q191974	position	1926-07-23
poincare-raymond-1860-08-20	Q191974	position	1922-01-15
poincare-raymond-1860-08-20	Q191974	position	1920-02-21
poincare-raymond-1860-08-20	Q191974	position	1909-03-18
poincare-raymond-1860-08-20	Q191974	position	1926-07-23
mc-closkey-paul-1927-09-29	Q2073295	position	1969-01-03
mc-closkey-paul-1927-09-29	Q2073295	position	1973-01-03
mc-closkey-paul-1927-09-29	Q2073295	position	1979-01-03
mc-closkey-paul-1927-09-29	Q2073295	position	1977-01-03
mc-closkey-paul-1927-09-29	Q2073295	position	1967-01-03
mc-closkey-paul-1927-09-29	Q2073295	position	1973-01-03
mc-closkey-paul-1927-09-29	Q2073295	position	1971-01-03
mc-closkey-paul-1927-09-29	Q2073295	position	1975-01-03
mc-closkey-paul-1927-09-29	Q2073295	position	1975-01-03
mc-closkey-paul-1927-09-29	Q2073295	position	1967-12-12
mc-closkey-paul-1927-09-29	Q2073295	position	1981-01-03
bertin-louis-1840-03-23	Q2259038	position	1922-01-01
gardey-abel-1882-11-21	Q2821514	position	1932-12-18
gardey-abel-1882-11-21	Q2821514	position	1924-01-06
gardey-abel-1882-11-21	Q2821514	position	1932-06-03
gardey-abel-1882-11-21	Q2821514	position	1933-10-26
gardey-abel-1882-11-21	Q2821514	position	1914-04-26
gardey-abel-1882-11-21	Q2821514	position	1951-06-17
krieger-alfred-1903-03-05	Q2835233	position	1951-11-26
brunot-andre-1879-10-03	Q2847395	position	1910-01-01
brunot-andre-1879-10-03	Q2847395	position	1944-01-01
gignoux-claude-joseph-1890-11-29	Q2976757	position	1928-04-29
gignoux-claude-joseph-1890-11-29	Q2976757	position	1936-01-01
gignoux-claude-joseph-1890-11-29	Q2976757	position	1931-09-03
gignoux-claude-joseph-1890-11-29	Q2976757	position	1919-01-01
gignoux-claude-joseph-1890-11-29	Q2976757	position	1933-01-01
magendie-edmond-1912-01-24	Q3047915	position	1951-06-17
petit-claudius-1907-05-22	Q3059775	position	1973-04-02
petit-claudius-1907-05-22	Q3059775	position	1958-12-09
petit-claudius-1907-05-22	Q3059775	position	1953-05-03
petit-claudius-1907-05-22	Q3059775	position	1967-04-03
petit-claudius-1907-05-22	Q3059775	position	1968-07-11
silvain-eugene-1851-01-17	Q3060175	position	1883-01-01
ralite-jack-1928-05-14	Q3157296	position	1981-07-02
ladmirault-louise-1808-02-17	Q318038	position	1871-01-01
lacretelle-jacques-1888-07-14	Q537014	position	1936-11-12
lacretelle-jacques-1888-07-14	Q537014	position	1962-01-01
knappertsbusch-hans-1888-03-12	Q57425	position	1919-01-01
knappertsbusch-hans-1888-03-12	Q57425	position	1945-01-01
knappertsbusch-hans-1888-03-12	Q57425	position	1922-01-01
knappertsbusch-hans-1888-03-12	Q57425	position	1910-01-01
esclangon-ernest-1876-03-17	Q574628	position	1942-01-01
brion-marcel-1895-11-21	Q725605	position	1964-03-13
bechamp-pierre-1816-10-15	Q81127	position	1876-01-01
aron-robert-1898-05-25	Q984530	position	1974-03-07
brunot-andre-1879-10-03	Q2847395	position	1939-01-01
silvain-eugene-1851-01-17	Q3060175	position	1916-01-01
ralite-jack-1928-05-14	Q3157296	position	1978-04-03
ralite-jack-1928-05-14	Q3157296	position	1984-01-01
ralite-jack-1928-05-14	Q3157296	position	1973-04-02
darlan-jean-baptiste-1848-06-10	Q3163997	position	1896-04-29
angoulvent-paul-1899-04-21	Q3370475	position	1934-01-01
angoulvent-paul-1899-04-21	Q3370475	position	1968-01-01
lamps-rene-1915-11-05	Q3426463	position	1973-04-02
lamps-rene-1915-11-05	Q3426463	position	1968-07-11
lamps-rene-1915-11-05	Q3426463	position	1971-03-28
lamps-rene-1915-11-05	Q3426463	position	1967-04-03
lamps-rene-1915-11-05	Q3426463	position	1962-12-06
golvan-victor-leon-1902-04-06	Q3557340	position	1947-01-01
gardet-roger-1900-04-15	Q79775339	position	1962-01-01
mirallie-charles-1866-02-21	Q84492960	position	1913-01-01
loustau-kleber-1915-02-05	Q3197941	position	1944-01-01
hollender-louis-1922-02-15	Q109812602	award	1980-01-01
beauverie-charles-1839-09-17	Q18214109	award	1895-05-01
danguin-jean-1823-05-03	Q18639078	award	1883-09-23
pierrard-andre-1916-10-03	Q19345839	award	1971-01-01
hall-charles-1924-10-05	Q22102159	award	1982-01-01
hall-charles-1924-10-05	Q22102159	award	1987-01-01
berger-yves-1931-01-14	Q2602192	award	2003-01-01
berger-yves-1931-01-14	Q2602192	award	1962-01-01
berger-yves-1931-01-14	Q2602192	award	1994-01-01
berger-yves-1931-01-14	Q2602192	award	1994-11-24
berger-yves-1931-01-14	Q2602192	award	1990-01-01
berger-yves-1931-01-14	Q2602192	award	1993-07-13
berger-yves-1931-01-14	Q2602192	award	1987-01-01
gignoux-claude-joseph-1890-11-29	Q2976757	award	1951-01-01
petit-claudius-1907-05-22	Q3059775	award	1945-10-19
ferniot-jean-1918-10-10	Q3171996	award	1999-01-01
ferniot-jean-1918-10-10	Q3171996	award	1983-01-01
ferniot-jean-1918-10-10	Q3171996	award	1961-01-01
ferniot-jean-1918-10-10	Q3171996	award	2005-01-01
ravanne-leon-1854-09-30	Q3270623	award	1894-01-01
angoulvent-paul-1899-04-21	Q3370475	award	1955-01-01
albert-birot-pierre-1876-04-22	Q3383669	award	1936-01-01
boudot-pierre-1930-09-22	Q3384118	award	1980-01-01
boudot-pierre-1930-09-22	Q3384118	award	1976-01-01
lamps-rene-1915-11-05	Q3426463	award	1996-07-12
arnulf-georges-1904-06-17	Q35112102	award	1977-01-01
parks-robert-1922-04-01	Q7345955	award	1967-01-01
parks-robert-1922-04-01	Q7345955	award	1980-01-01
parks-robert-1922-04-01	Q7345955	award	1967-01-01
vanderkelen-ronald-1939-11-06	Q7364503	award	1962-01-01
gardet-roger-1900-04-15	Q79775339	award	1943-01-01
ferniot-jean-1918-10-10	Q3171996	award	1992-01-01
auboyneau-robert-1927-11-19	Q3434464	award	1972-01-01
berger-yves-1931-01-14	Q2602192	award	1976-01-01
bertin-louis-1840-03-23	Q2259038	award	1896-01-01
burckhardt-carl-jacob-1891-09-10	Q116244	position	1945-01-01
bonnet-georges-1889-07-23	Q1262453	position	1930-12-13
bonnet-georges-1889-07-23	Q1262453	position	1936-06-01
bonnet-georges-1889-07-23	Q1262453	position	1956-01-19
bonnet-georges-1889-07-23	Q1262453	position	1933-10-26
bonnet-georges-1889-07-23	Q1262453	position	1938-04-12
bonnet-georges-1889-07-23	Q1262453	position	1955-01-01
bonnet-georges-1889-07-23	Q1262453	position	1933-01-31
bonnet-georges-1889-07-23	Q1262453	position	1939-09-13
bonnet-georges-1889-07-23	Q1262453	position	1933-11-26
bonnet-georges-1889-07-23	Q1262453	position	1929-02-24
bonnet-georges-1889-07-23	Q1262453	position	1935-06-07
bonnet-georges-1889-07-23	Q1262453	position	1937-06-29
bonnet-georges-1889-07-23	Q1262453	position	1924-06-01
bonnet-georges-1889-07-23	Q1262453	position	1936-01-24
bonnet-georges-1889-07-23	Q1262453	position	1930-02-21
bonnet-georges-1889-07-23	Q1262453	position	1932-12-08
bonnet-georges-1889-07-23	Q1262453	position	1962-12-06
bonnet-georges-1889-07-23	Q1262453	position	1937-01-01
bonnet-georges-1889-07-23	Q1262453	position	1939-05-11
bonnet-georges-1889-07-23	Q1262453	position	1967-04-03
bonnet-georges-1889-07-23	Q1262453	position	1925-10-29
bonnet-georges-1889-07-23	Q1262453	position	1932-06-01
bonnet-georges-1889-07-23	Q1262453	position	1958-12-09
hebert-edmond-1812-06-12	Q1285649	position	1841-01-01
hebert-edmond-1812-06-12	Q1285649	position	1882-01-01
hebert-edmond-1812-06-12	Q1285649	position	1872-01-01
hebert-edmond-1812-06-12	Q1285649	position	1838-01-01
hebert-edmond-1812-06-12	Q1285649	position	1857-01-01
emmanuel-pierre-1916-05-03	Q164469	position	1970-01-01
emmanuel-pierre-1916-05-03	Q164469	position	1968-04-25
emmanuel-pierre-1916-05-03	Q164469	position	1973-01-01
weygand-maxime-1867-01-21	Q170357	position	1950-01-01
weygand-maxime-1867-01-21	Q170357	position	1931-01-01
weygand-maxime-1867-01-21	Q170357	position	1930-01-02
weygand-maxime-1867-01-21	Q170357	position	1923-04-19
weygand-maxime-1867-01-21	Q170357	position	1931-01-01
weygand-maxime-1867-01-21	Q170357	position	1953-01-01
weygand-maxime-1867-01-21	Q170357	position	1940-07-16
weygand-maxime-1867-01-21	Q170357	position	1940-06-16
weygand-maxime-1867-01-21	Q170357	position	1937-01-01
erhard-ludwi-1897-02-04	Q2496	position	1957-10-29
erhard-ludwi-1897-02-04	Q2496	position	1965-10-19
erhard-ludwi-1897-02-04	Q2496	position	1949-09-07
erhard-ludwi-1897-02-04	Q2496	position	1953-10-06
erhard-ludwi-1897-02-04	Q2496	position	1961-10-17
erhard-ludwi-1897-02-04	Q2496	position	1945-09-28
erhard-ludwi-1897-02-04	Q2496	position	1966-03-23
erhard-ludwi-1897-02-04	Q2496	position	1963-10-16
erhard-ludwi-1897-02-04	Q2496	position	1972-12-13
erhard-ludwi-1897-02-04	Q2496	position	1969-10-20
erhard-ludwi-1897-02-04	Q2496	position	1957-10-15
erhard-ludwi-1897-02-04	Q2496	position	1976-12-14
togliatti-palmiro-1893-03-26	Q310158	position	1944-04-22
togliatti-palmiro-1893-03-26	Q310158	position	1958-06-03
togliatti-palmiro-1893-03-26	Q310158	position	1927-01-01
togliatti-palmiro-1893-03-26	Q310158	position	1938-01-01
togliatti-palmiro-1893-03-26	Q310158	position	1953-06-15
togliatti-palmiro-1893-03-26	Q310158	position	1944-12-12
togliatti-palmiro-1893-03-26	Q310158	position	1945-06-21
togliatti-palmiro-1893-03-26	Q310158	position	1948-05-08
togliatti-palmiro-1893-03-26	Q310158	position	1963-05-07
togliatti-palmiro-1893-03-26	Q310158	position	1946-06-18
bonnard-abel-1883-12-19	Q318391	position	1942-12-16
bonnard-abel-1883-12-19	Q318391	position	1942-02-25
bonnard-abel-1883-12-19	Q318391	position	1941-01-24
bonnard-abel-1883-12-19	Q318391	position	1932-06-16
bonnard-abel-1883-12-19	Q318391	position	1937-01-01
danielou-jean-1905-05-14	Q355495	position	1969-04-11
danielou-jean-1905-05-14	Q355495	position	1962-01-01
danielou-jean-1905-05-14	Q355495	position	1969-04-28
danielou-jean-1905-05-14	Q355495	position	1972-11-09
about-edmond-1828-02-14	Q361004	position	1884-01-24
about-edmond-1828-02-14	Q361004	position	1877-01-01
about-edmond-1828-02-14	Q361004	position	1881-01-01
cailletet-louis-1832-09-21	Q438769	position	1905-01-01
riviere-jacques-1886-07-15	Q508632	position	1919-01-01
dumas-roland-1922-08-23	Q547525	position	1981-07-02
dumas-roland-1922-08-23	Q547525	position	1988-05-10
dumas-roland-1922-08-23	Q547525	position	1992-04-02
dumas-roland-1922-08-23	Q547525	position	1995-03-08
dumas-roland-1922-08-23	Q547525	position	1995-03-01
dumas-roland-1922-08-23	Q547525	position	1988-06-23
dumas-roland-1922-08-23	Q547525	position	1956-01-02
dumas-roland-1922-08-23	Q547525	position	1967-04-03
dumas-roland-1922-08-23	Q547525	position	1991-05-15
dumas-roland-1922-08-23	Q547525	position	1984-12-07
dumas-roland-1922-08-23	Q547525	position	1986-04-02
ponsard-francois-1814-06-01	Q617539	position	1855-03-22
augagneur-victor-1855-05-16	Q653621	position	1900-05-01
simon-henry-1874-05-20	Q773411	position	1917-11-16
carroll-julian-1931-04-16	Q889495	position	2005-01-03
carroll-julian-1931-04-16	Q889495	position	1974-12-28
carroll-julian-1931-04-16	Q889495	position	1971-12-07
thoma-hans-1839-10-02	Q678094	position	1899-01-01
paradis-henri-1861-12-13	Q106630088	award	1935-01-01
paradis-henri-1861-12-13	Q106630088	award	1908-01-01
paradis-henri-1861-12-13	Q106630088	award	1907-01-01
paradis-henri-1861-12-13	Q106630088	award	1891-01-01
bougault-joseph-1870-01-04	Q109812464	award	1910-01-01
bougault-joseph-1870-01-04	Q109812464	award	1930-01-01
girard-paul-1839-12-13	Q17328851	award	1895-01-01
sechan-charles-1803-06-29	Q18197803	award	1849-09-11
rochebrune-octave-1824-04-01	Q18511692	award	1874-01-01
morchain-paul-1876-12-27	Q21462425	award	1932-01-01
monod-charles-1843-09-26	Q51635317	award	1909-01-01
tighe-eugene-1921-06-19	Q5407235	award	1980-01-01
donovan-hedley-1914-05-24	Q5697450	award	1934-01-01
burckhardt-carl-jacob-1891-09-10	Q116244	award	1945-01-01
burckhardt-carl-jacob-1891-09-10	Q116244	award	1948-01-01
burckhardt-carl-jacob-1891-09-10	Q116244	award	1949-01-01
burckhardt-carl-jacob-1891-09-10	Q116244	award	1959-01-01
burckhardt-carl-jacob-1891-09-10	Q116244	award	1958-01-01
burckhardt-carl-jacob-1891-09-10	Q116244	award	1954-09-26
burckhardt-carl-jacob-1891-09-10	Q116244	award	1950-01-01
emmanuel-pierre-1916-05-03	Q164469	award	1963-01-01
emmanuel-pierre-1916-05-03	Q164469	award	1963-01-01
resnais-alain-1922-06-03	Q218022	award	1997-01-01
resnais-alain-1922-06-03	Q218022	award	1987-01-01
resnais-alain-1922-06-03	Q218022	award	1994-01-01
resnais-alain-1922-06-03	Q218022	award	2007-01-01
resnais-alain-1922-06-03	Q218022	award	1966-01-01
resnais-alain-1922-06-03	Q218022	award	1978-01-01
resnais-alain-1922-06-03	Q218022	award	1994-01-01
resnais-alain-1922-06-03	Q218022	award	1961-01-01
resnais-alain-1922-06-03	Q218022	award	1963-01-01
resnais-alain-1922-06-03	Q218022	award	1998-01-01
resnais-alain-1922-06-03	Q218022	award	1961-01-01
resnais-alain-1922-06-03	Q218022	award	1981-01-01
resnais-alain-1922-06-03	Q218022	award	1978-01-01
resnais-alain-1922-06-03	Q218022	award	1993-01-01
erhard-ludwi-1897-02-04	Q2496	award	1953-01-01
erhard-ludwi-1897-02-04	Q2496	award	1959-01-01
erhard-ludwi-1897-02-04	Q2496	award	1960-01-01
erhard-ludwi-1897-02-04	Q2496	award	1955-02-27
erhard-ludwi-1897-02-04	Q2496	award	1961-01-01
erhard-ludwi-1897-02-04	Q2496	award	1961-05-29
erhard-ludwi-1897-02-04	Q2496	award	1977-01-01
bonnard-abel-1883-12-19	Q318391	award	1906-01-01
bonnard-abel-1883-12-19	Q318391	award	1924-01-01
bonnard-abel-1883-12-19	Q318391	award	1900-01-01
bonnard-abel-1883-12-19	Q318391	award	1919-01-01
bonnard-abel-1883-12-19	Q318391	award	1909-01-01
bonnard-abel-1883-12-19	Q318391	award	1919-01-01
danielou-jean-1905-05-14	Q355495	award	1962-01-01
about-edmond-1828-02-14	Q361004	award	1867-01-01
fourestier-louis-1892-05-31	Q433480	award	1925-01-01
fourestier-louis-1892-05-31	Q433480	award	1951-01-01
cailletet-louis-1832-09-21	Q438769	award	1884-01-01
cailletet-louis-1832-09-21	Q438769	award	1878-01-01
cailletet-louis-1832-09-21	Q438769	award	1889-10-29
dumas-roland-1922-08-23	Q547525	award	1981-01-01
dumas-roland-1922-08-23	Q547525	award	1993-07-13
andres-stefan-1906-06-26	Q68036	award	1958-01-01
emmanuel-pierre-1916-05-03	Q164469	award	1968-01-01
van-cleef-lee-1925-01-09	Q193278	award	1983-01-01
emmanuel-pierre-1916-05-03	Q164469	award	1982-01-01
burckhardt-carl-jacob-1891-09-10	Q116244	award	1959-01-01
pickens-slim-1919-06-29	Q1277039	award	1986-01-01
hebert-edmond-1812-06-12	Q1285649	award	1878-10-20
hebert-edmond-1812-06-12	Q1285649	award	1879-01-01
hebert-edmond-1812-06-12	Q1285649	award	1857-04-25
hebert-edmond-1812-06-12	Q1285649	award	1885-08-03
decoux-jean-1884-05-05	Q2643975	award	1950-01-01
decoux-jean-1884-05-05	Q2643975	award	1958-01-01
renard-jean-claude-1922-04-22	Q3033432	award	1974-01-01
renard-jean-claude-1922-04-22	Q3033432	award	1978-01-01
renard-jean-claude-1922-04-22	Q3033432	award	1948-01-01
renard-jean-claude-1922-04-22	Q3033432	award	1959-01-01
renard-jean-claude-1922-04-22	Q3033432	award	1991-01-01
renard-jean-claude-1922-04-22	Q3033432	award	1985-01-01
renard-jean-claude-1922-04-22	Q3033432	award	1971-01-01
renard-jean-claude-1922-04-22	Q3033432	award	1988-01-01
bastide-francois-1926-07-01	Q3083655	award	1981-01-01
bastide-francois-1926-07-01	Q3083655	award	1956-01-01
bastide-francois-1926-07-01	Q3083655	award	1990-01-01
godart-justin-1871-11-26	Q3190446	award	2003-02-03
landouzy-louis-1845-03-27	Q3262433	award	1886-01-01
carite-maurice-1906-04-02	Q3300522	award	1938-01-01
vaussard-maurice-1888-09-08	Q3301494	award	1922-01-01
vaussard-maurice-1888-09-08	Q3301494	award	1962-01-01
vaussard-maurice-1888-09-08	Q3301494	award	1951-01-01
vaussard-maurice-1888-09-08	Q3301494	award	1974-01-01
vaussard-maurice-1888-09-08	Q3301494	award	1959-01-01
vaussard-maurice-1888-09-08	Q3301494	award	1967-01-01
vaussard-maurice-1888-09-08	Q3301494	award	1926-01-01
kourilsky-raoul-1899-07-19	Q3419214	award	1954-01-01
pouvillon-emile-1840-10-10	Q3588706	award	1897-01-01
pouvillon-emile-1840-10-10	Q3588706	award	1882-01-01
prevost-jean-1901-06-13	Q577548	award	1943-01-01
thoma-hans-1839-10-02	Q678094	award	1902-01-01
foxx-redd-1922-12-09	Q712024	award	1973-01-01
bonnier-gaston-1853-04-09	Q724379	award	1914-01-22
bonnier-gaston-1853-04-09	Q724379	award	1893-10-22
joncieres-victorin-1839-04-12	Q724933	award	1897-01-01
joncieres-victorin-1839-04-12	Q724933	award	1877-01-01
delsarte-jean-1903-10-19	Q726390	award	1931-01-01
delsarte-jean-1903-10-19	Q726390	award	1962-01-01
delsarte-jean-1903-10-19	Q726390	award	1935-01-01
delsarte-jean-1903-10-19	Q726390	award	1964-01-01
delsarte-jean-1903-10-19	Q726390	award	1954-01-01
chabaud-auguste-1882-10-03	Q766261	award	1952-12-12
nord-pierre-brouillard-a-1900-04-15	Q821018	award	1937-01-01
nord-pierre-brouillard-a-1900-04-15	Q821018	award	1947-01-01
locard-edmond-1877-12-13	Q977759	award	1946-04-24
brillouin-marcel-1854-12-19	Q983395	award	1912-01-01
brillouin-marcel-1854-12-19	Q983395	award	1923-01-01
brillouin-marcel-1854-12-19	Q983395	award	1874-01-01
renard-jean-claude-1922-04-22	Q3033432	award	1991-01-01
conte-arthur-1920-03-31	Q2865057	award	1992-01-01
brillouin-marcel-1854-12-19	Q983395	award	1902-01-01
carite-maurice-1906-04-02	Q3300522	award	1945-01-01
bastide-francois-1926-07-01	Q3083655	award	1953-01-01
bougault-joseph-1870-01-04	Q109812464	position	1921-01-01
bougault-joseph-1870-01-04	Q109812464	position	1932-01-01
bougault-joseph-1870-01-04	Q109812464	position	1932-01-01
bougault-joseph-1870-01-04	Q109812464	position	1931-01-01
hebert-edmond-1812-06-12	Q1285649	position	1889-01-01
hebert-edmond-1812-06-12	Q1285649	position	1857-01-01
hebert-edmond-1812-06-12	Q1285649	position	1859-01-01
trarieux-ludovic-jacques-1840-11-30	Q1654098	position	1898-01-01
trarieux-ludovic-jacques-1840-11-30	Q1654098	position	1877-11-07
trarieux-ludovic-jacques-1840-11-30	Q1654098	position	1883-01-01
trarieux-ludovic-jacques-1840-11-30	Q1654098	position	1895-01-26
trarieux-ludovic-jacques-1840-11-30	Q1654098	position	1877-01-01
trarieux-ludovic-jacques-1840-11-30	Q1654098	position	1888-01-05
beaussier-emile-1874-12-30	Q17425774	position	1937-01-01
rochebrune-octave-1824-04-01	Q18511692	position	1874-01-01
rochebrune-octave-1824-04-01	Q18511692	position	1877-01-01
rochebrune-octave-1824-04-01	Q18511692	position	1863-01-01
mourier-louis-1873-10-08	Q1871877	position	1905-01-01
mourier-louis-1873-10-08	Q1871877	position	1918-01-01
blanc-clement-1897-10-01	Q19932842	position	1949-12-10
ignatius-paul-1920-11-11	Q2061964	position	1967-09-01
tuffier-theodore-1857-03-26	Q23926387	position	1914-01-01
espinas-alfred-1844-05-23	Q2835129	position	1887-01-01
fanart-clement-1831-01-17	Q2857115	position	1870-01-01
conte-arthur-1920-03-31	Q2865057	position	1956-04-16
conte-arthur-1920-03-31	Q2865057	position	1961-04-24
conte-arthur-1920-03-31	Q2865057	position	1959-04-21
conte-arthur-1920-03-31	Q2865057	position	1968-07-11
conte-arthur-1920-03-31	Q2865057	position	1958-12-09
achille-fould-aymar-1925-07-17	Q2874910	position	1961-01-01
achille-fould-aymar-1925-07-17	Q2874910	position	1974-03-01
achille-fould-aymar-1925-07-17	Q2874910	position	1962-12-06
achille-fould-aymar-1925-07-17	Q2874910	position	1975-01-31
achille-fould-aymar-1925-07-17	Q2874910	position	1965-01-01
achille-fould-aymar-1925-07-17	Q2874910	position	1973-04-05
bastide-francois-1926-07-01	Q3083655	position	1955-11-13
bastide-francois-1926-07-01	Q3083655	position	1982-01-01
bastide-francois-1926-07-01	Q3083655	position	1985-01-01
bastide-francois-1926-07-01	Q3083655	position	1988-01-01
peres-joseph-1890-10-31	Q3185532	position	1961-01-01
peres-joseph-1890-10-31	Q3185532	position	1954-01-01
godart-justin-1871-11-26	Q3190446	position	1910-06-01
godart-justin-1871-11-26	Q3190446	position	1926-05-16
godart-justin-1871-11-26	Q3190446	position	1906-06-01
godart-justin-1871-11-26	Q3190446	position	1919-12-08
godart-justin-1871-11-26	Q3190446	position	1914-06-01
godart-justin-1871-11-26	Q3190446	position	1924-06-01
godart-justin-1871-11-26	Q3190446	position	1944-01-01
chadourne-louis-1890-06-07	Q3261451	position	1910-01-01
vernejoul-robert-de-1890-03-19	Q33037539	position	1979-01-01
galbrund-alphonse-1810-06-30	Q47490475	position	1871-01-01
bouladoux-maurice-1907-07-16	Q51675288	position	1953-01-01
bouladoux-maurice-1907-07-16	Q51675288	position	1948-01-01
bouladoux-maurice-1907-07-16	Q51675288	position	1934-01-01
bouladoux-maurice-1907-07-16	Q51675288	position	1946-01-01
bouladoux-maurice-1907-07-16	Q51675288	position	1961-01-01
ignatius-paul-1920-11-11	Q2061964	position	1964-02-01
godart-justin-1871-11-26	Q3190446	position	1932-06-03
godart-justin-1871-11-26	Q3190446	position	1924-06-14
carite-maurice-1906-04-02	Q3300522	position	1963-01-01
bruning-heinrich-1885-11-26	Q155398	award	1938-01-01
boulez-pierre-1925-03-26	Q156193	award	2001-01-01
boulez-pierre-1925-03-26	Q156193	award	2002-01-01
boulez-pierre-1925-03-26	Q156193	award	1979-01-01
boulez-pierre-1925-03-26	Q156193	award	1989-01-01
boulez-pierre-1925-03-26	Q156193	award	2009-01-01
boulez-pierre-1925-03-26	Q156193	award	1979-01-01
boulez-pierre-1925-03-26	Q156193	award	1996-01-01
boulez-pierre-1925-03-26	Q156193	award	1983-01-01
boulez-pierre-1925-03-26	Q156193	award	1988-01-01
boulez-pierre-1925-03-26	Q156193	award	2012-01-01
boulez-pierre-1925-03-26	Q156193	award	2000-01-01
boulez-pierre-1925-03-26	Q156193	award	2001-01-01
boulez-pierre-1925-03-26	Q156193	award	1987-01-01
boulez-pierre-1925-03-26	Q156193	award	1997-01-01
boulez-pierre-1925-03-26	Q156193	award	2015-01-01
boulez-pierre-1925-03-26	Q156193	award	1992-01-01
boulez-pierre-1925-03-26	Q156193	award	1999-01-01
boulez-pierre-1925-03-26	Q156193	award	2012-01-01
boulez-pierre-1925-03-26	Q156193	award	1996-01-01
boulez-pierre-1925-03-26	Q156193	award	2010-01-01
boulez-pierre-1925-03-26	Q156193	award	1985-01-01
boulez-pierre-1925-03-26	Q156193	award	2001-01-01
boulez-pierre-1925-03-26	Q156193	award	1995-01-01
givenchy-hubert-taffin-de-1927-02-20	Q167318	award	1995-01-01
givenchy-hubert-taffin-de-1927-02-20	Q167318	award	2002-01-01
givenchy-hubert-taffin-de-1927-02-20	Q167318	award	1992-01-01
clemenceau-georges-1841-09-28	Q171730	award	1922-01-01
cage-john-1912-09-05	Q180727	award	1989-01-01
cage-john-1912-09-05	Q180727	award	1949-01-01
cage-john-1912-09-05	Q180727	award	1949-01-01
gilruth-robert-1913-10-08	Q254785	award	1976-01-01
gilruth-robert-1913-10-08	Q254785	award	1994-01-01
gilruth-robert-1913-10-08	Q254785	award	1962-01-01
gilruth-robert-1913-10-08	Q254785	award	1969-01-01
gilruth-robert-1913-10-08	Q254785	award	1962-01-01
gilruth-robert-1913-10-08	Q254785	award	1970-01-01
gilruth-robert-1913-10-08	Q254785	award	1971-01-01
siegfried-andre-1875-04-21	Q326584	award	1905-01-01
siegfried-andre-1875-04-21	Q326584	award	1955-01-01
siegfried-andre-1875-04-21	Q326584	award	1928-01-01
willette-adolphe-1857-07-30	Q365874	award	1912-11-01
willette-adolphe-1857-07-30	Q365874	award	1906-02-07
winters-jonathan-1925-11-11	Q4538	award	1995-01-01
winters-jonathan-1925-11-11	Q4538	award	1991-01-01
winters-jonathan-1925-11-11	Q4538	award	1975-01-01
winters-jonathan-1925-11-11	Q4538	award	1999-01-01
tati-jacques-1907-10-09	Q51549	award	1977-01-01
tati-jacques-1907-10-09	Q51549	award	1953-01-01
tati-jacques-1907-10-09	Q51549	award	1958-01-01
clemenceau-georges-1841-09-28	Q171730	award	1919-01-01
winters-jonathan-1925-11-11	Q4538	award	1963-01-01
crova-andre-1833-12-03	Q11905552	award	1902-01-01
crova-andre-1833-12-03	Q11905552	award	1882-01-01
simonin-jean-baptiste-edmond-1812-06-18	Q123277953	award	1854-12-28
bailly-paul-1903-09-02	Q124960418	award	1959-01-01
teissier-benoit-1813-04-13	Q23710143	award	1861-08-15
fiessinger-charles-1857-04-05	Q55672338	award	1921-05-05
bauchet-auguste-1852-01-28	Q61976394	award	1889-05-04
bauchet-auguste-1852-01-28	Q61976394	award	1909-07-11
bauchet-auguste-1852-01-28	Q61976394	award	1899-07-10
maury-georges-sauv-1872-10-06	Q98055807	award	1937-01-01
maury-georges-sauv-1872-10-06	Q98055807	award	1932-01-01
maury-georges-sauv-1872-10-06	Q98055807	award	1914-01-01
maury-georges-sauv-1872-10-06	Q98055807	award	1926-01-01
roussel-georges-1860-12-19	Q99770550	award	1908-07-17
roussel-georges-1860-12-19	Q99770550	award	1885-12-24
archambault-francois-1938-09-10	Q48554711	award	1978-01-01
hettier-de-boislambert-cl-1906-07-26	Q1096813	position	1951-11-26
bailly-paul-1903-09-02	Q124960418	position	1955-03-22
bruning-heinrich-1885-11-26	Q155398	position	1930-03-30
bruning-heinrich-1885-11-26	Q155398	position	1930-06-20
clemenceau-georges-1841-09-28	Q171730	position	1876-02-20
clemenceau-georges-1841-09-28	Q171730	position	1917-11-16
clemenceau-georges-1841-09-28	Q171730	position	1918-11-21
clemenceau-georges-1841-09-28	Q171730	position	1871-02-08
clemenceau-georges-1841-09-28	Q171730	position	1906-10-25
clemenceau-georges-1841-09-28	Q171730	position	1870-11-05
clemenceau-georges-1841-09-28	Q171730	position	1917-11-16
clemenceau-georges-1841-09-28	Q171730	position	1902-06-10
david-marcel-1895-04-06	Q17350096	position	1944-01-01
habib-deloncle-michel-1921-11-26	Q1930751	position	1968-07-11
habib-deloncle-michel-1921-11-26	Q1930751	position	1962-12-06
habib-deloncle-michel-1921-11-26	Q1930751	position	1967-04-03
habib-deloncle-michel-1921-11-26	Q1930751	position	1958-12-09
barnaba-pier-1891-02-25	Q19614732	position	1937-01-01
barnaba-pier-1891-02-25	Q19614732	position	1924-05-24
tricart-jean-1915-09-30	Q3174840	position	1977-03-01
tricart-jean-1915-09-30	Q3174840	position	1946-04-24
tillaye-louis-charles-1847-05-31	Q3261486	position	1911-01-01
tillaye-louis-charles-1847-05-31	Q3261486	position	1911-01-01
tillaye-louis-charles-1847-05-31	Q3261486	position	1895-01-20
tillaye-louis-charles-1847-05-31	Q3261486	position	1898-06-28
siegfried-andre-1875-04-21	Q326584	position	1944-10-12
siegfried-andre-1875-04-21	Q326584	position	1945-01-01
haussonville-gabriel-1843-09-21	Q3370290	position	1888-01-26
haussonville-gabriel-1843-09-21	Q3370290	position	1871-02-08
garbay-pierre-1903-10-04	Q3383018	position	1958-01-01
pouyade-pierre-1911-07-25	Q3386670	position	1968-07-11
pouyade-pierre-1911-07-25	Q3386670	position	1966-02-09
pouyade-pierre-1911-07-25	Q3386670	position	1967-04-03
pouyade-pierre-1911-07-25	Q3386670	position	1967-01-01
lebas-edouard-1897-11-18	Q3579934	position	1946-01-01
lebas-edouard-1897-11-18	Q3579934	position	1944-01-01
lebas-edouard-1897-11-18	Q3579934	position	1958-12-09
lebas-edouard-1897-11-18	Q3579934	position	1946-01-01
gaillard-felix-1919-11-05	Q365413	position	1967-04-03
gaillard-felix-1919-11-05	Q365413	position	1949-08-13
gaillard-felix-1919-11-05	Q365413	position	1957-06-12
gaillard-felix-1919-11-05	Q365413	position	1958-12-09
gaillard-felix-1919-11-05	Q365413	position	1968-07-11
gaillard-felix-1919-11-05	Q365413	position	1957-11-06
gaillard-felix-1919-11-05	Q365413	position	1962-12-06
weyand-frederick-1916-09-15	Q368536	position	1974-10-03
weyand-frederick-1916-09-15	Q368536	position	1973-01-01
gouin-felix-1884-10-04	Q381187	position	1922-03-01
gouin-felix-1884-10-04	Q381187	position	1945-10-21
gouin-felix-1884-10-04	Q381187	position	1924-05-11
gouin-felix-1884-10-04	Q381187	position	1943-11-10
gouin-felix-1884-10-04	Q381187	position	1946-01-26
gouin-felix-1884-10-04	Q381187	position	1946-01-26
gouin-felix-1884-10-04	Q381187	position	1945-05-01
gouin-felix-1884-10-04	Q381187	position	1911-01-01
gouin-felix-1884-10-04	Q381187	position	1946-12-16
barbantini-nino-1884-07-05	Q3877142	position	1951-01-01
ludwig-ii-von-bayern-1845-08-25	Q44039	position	1864-03-10
boniperti-gian-1928-07-04	Q68050	position	1994-07-19
turenne-henri-1921-11-19	Q3132394	position	1983-01-01
simonin-jean-baptiste-edmond-1812-06-18	Q123277953	position	1852-01-01
bruning-heinrich-1885-11-26	Q155398	position	1931-10-09
seaver-tom-1944-11-17	Q1287084	award	1969-01-01
mckinney-horace-1919-01-01	Q1450542	award	1970-01-01
mans-antonin-1899-01-01	Q1858840	award	1961-01-01
mans-antonin-1899-01-01	Q1858840	award	1960-01-01
mans-antonin-1899-01-01	Q1858840	award	1958-01-01
raymond-marie-1908-05-04	Q1897467	award	1949-01-01
trabut-louis-1853-07-12	Q2017793	award	1923-10-01
delmas-andre-1910-09-01	Q2847619	award	1975-01-01
imbert-claude-1929-11-12	Q2977570	award	2008-01-01
imbert-claude-1929-11-12	Q2977570	award	2000-01-01
imbert-claude-1929-11-12	Q2977570	award	1995-01-01
turenne-henri-1921-11-19	Q3132394	award	1951-01-01
monneret-jean-1922-11-27	Q3173576	award	1964-01-01
vartet-jean-vacher-1911-03-29	Q3189693	award	1979-01-01
tillaye-louis-charles-1847-05-31	Q3261486	award	1894-01-01
amont-marcel-1929-04-01	Q3288614	award	1972-01-01
haussonville-gabriel-1843-09-21	Q3370290	award	1875-01-01
oster-pierre-1933-03-06	Q3386483	award	1958-01-01
oster-pierre-1933-03-06	Q3386483	award	1970-01-01
oster-pierre-1933-03-06	Q3386483	award	1992-01-01
pouyade-pierre-1911-07-25	Q3386670	award	1965-05-08
boilvin-emile-1845-05-07	Q3588360	award	1889-01-01
doyen-ginette-genevieve-1921-07-10	Q4169028	award	1970-01-01
dard-frederic-1921-06-29	Q561486	award	1949-01-01
martin-charles-1844-06-02	Q5977755	award	1879-05-14
klebe-giselher-1925-06-28	Q690846	award	1952-01-01
klebe-giselher-1925-06-28	Q690846	award	1999-01-01
demus-jorg-1928-12-02	Q695717	award	1986-01-01
demus-jorg-1928-12-02	Q695717	award	1970-01-01
fabry-eugene-1856-10-16	Q8314692	award	1930-01-01
amont-marcel-1929-04-01	Q3288614	award	2017-01-01
imbert-claude-1929-11-12	Q2977570	award	1985-01-01
oster-pierre-1933-03-06	Q3386483	award	1994-01-01
oster-pierre-1933-03-06	Q3386483	award	1955-01-01
klebe-giselher-1925-06-28	Q690846	award	2002-01-01
landelle-charles-1821-06-02	Q1065263	award	1855-01-01
holley-robert-1922-01-28	Q108891	award	1965-01-01
holley-robert-1922-01-28	Q108891	award	1967-01-01
holley-robert-1922-01-28	Q108891	award	1968-01-01
fischer-edwin-1886-10-06	Q123249	award	1956-01-01
bosco-philip-1930-09-26	Q1292127	award	1989-01-01
yourcenar-marguerite-1903-06-08	Q163118	award	1968-01-01
yourcenar-marguerite-1903-06-08	Q163118	award	1983-01-01
yourcenar-marguerite-1903-06-08	Q163118	award	1972-01-01
yourcenar-marguerite-1903-06-08	Q163118	award	1977-01-01
yourcenar-marguerite-1903-06-08	Q163118	award	1986-01-01
yourcenar-marguerite-1903-06-08	Q163118	award	1974-01-01
yourcenar-marguerite-1903-06-08	Q163118	award	1968-01-01
diller-phyllis-1917-07-17	Q230512	award	1981-01-01
diller-phyllis-1917-07-17	Q230512	award	2000-01-01
cassin-rene-1887-10-05	Q232873	award	1947-03-31
cassin-rene-1887-10-05	Q232873	award	1968-01-01
cassin-rene-1887-10-05	Q232873	award	1968-01-01
male-emile-1862-06-02	Q286253	award	1927-01-01
male-emile-1862-06-02	Q286253	award	1918-01-01
male-emile-1862-06-02	Q286253	award	1910-01-01
male-emile-1862-06-02	Q286253	award	1937-08-06
sime-dave-1936-07-25	Q321940	award	1967-01-01
aigrain-pierre-1924-09-28	Q365707	award	1951-01-01
aigrain-pierre-1924-09-28	Q365707	award	1974-01-01
aigrain-pierre-1924-09-28	Q365707	award	1957-01-01
becquerel-antoine-1852-12-15	Q41269	award	1883-01-01
becquerel-antoine-1852-12-15	Q41269	award	1882-11-06
becquerel-antoine-1852-12-15	Q41269	award	1906-01-01
becquerel-antoine-1852-12-15	Q41269	award	1908-06-04
becquerel-antoine-1852-12-15	Q41269	award	1903-01-01
becquerel-antoine-1852-12-15	Q41269	award	1900-01-01
becquerel-antoine-1852-12-15	Q41269	award	1900-08-11
becquerel-antoine-1852-12-15	Q41269	award	1905-01-01
remarque-erich-1898-06-22	Q47293	award	1964-01-01
remarque-erich-1898-06-22	Q47293	award	1967-01-01
franck-cesar-1822-12-10	Q50187	award	1884-01-01
franck-cesar-1822-12-10	Q50187	award	1885-08-06
faidherbe-louis-1818-06-03	Q545751	award	1880-12-30
faidherbe-louis-1818-06-03	Q545751	award	1869-01-01
faidherbe-louis-1818-06-03	Q545751	award	1868-01-01
faidherbe-louis-1818-06-03	Q545751	award	1880-02-03
knef-hildegard-1925-12-28	Q57604	award	1993-01-01
knef-hildegard-1925-12-28	Q57604	award	2000-01-01
knef-hildegard-1925-12-28	Q57604	award	1975-01-01
knef-hildegard-1925-12-28	Q57604	award	1996-01-01
leuwerik-ruth-1924-04-23	Q70270	award	1978-01-01
leuwerik-ruth-1924-04-23	Q70270	award	1980-01-01
lincke-paul-1866-11-07	Q712729	award	1941-01-01
bontempelli-massimo-1878-05-12	Q741862	award	1953-01-01
louis-dreyfus-pierre-1908-05-17	Q822287	award	1945-11-17
yourcenar-marguerite-1903-06-08	Q163118	award	1958-01-01
cosson-ernest-1819-07-22	Q1276939	award	1865-01-01
cosson-ernest-1819-07-22	Q1276939	award	1880-01-01
yourcenar-marguerite-1903-06-08	Q163118	award	1952-01-01
roumanille-joseph-1818-08-08	Q774507	award	1874-04-04
leuwerik-ruth-1924-04-23	Q70270	award	1974-01-01
leuwerik-ruth-1924-04-23	Q70270	award	1978-01-01
leuwerik-ruth-1924-04-23	Q70270	award	1991-01-01
leuwerik-ruth-1924-04-23	Q70270	award	2000-01-01
leuwerik-ruth-1924-04-23	Q70270	award	2004-01-01
kennedy-eugene-1919-09-04	Q1373133	award	1958-01-01
kennedy-eugene-1919-09-04	Q1373133	award	1986-01-01
kennedy-eugene-1919-09-04	Q1373133	award	1992-01-01
kennedy-eugene-1919-09-04	Q1373133	award	1976-01-01
goislard-de-monsabert-joseph-1887-09-30	Q2035422	award	1945-01-01
cash-rosalind-1938-12-31	Q2166559	award	1993-01-01
gillet-guillaume-1912-11-20	Q3119860	award	1946-01-01
gillet-guillaume-1912-11-20	Q3119860	award	1942-01-01
gillet-guillaume-1912-11-20	Q3119860	award	1959-01-01
gillet-guillaume-1912-11-20	Q3119860	award	1957-05-02
boudet-micheline-1926-04-28	Q3311339	award	1993-06-24
wolff-etienne-1904-02-12	Q3508038	award	1966-01-01
lemaire-eugene-1836-01-25	Q5941966	award	1892-01-01
lemaire-eugene-1836-01-25	Q5941966	award	1883-01-01
lemaire-eugene-1836-01-25	Q5941966	award	1873-01-01
lemaire-eugene-1836-01-25	Q5941966	award	1894-01-01
lemaire-eugene-1836-01-25	Q5941966	award	1898-01-01
boudet-micheline-1926-04-28	Q3311339	award	1987-01-01
yourcenar-marguerite-1903-06-08	Q163118	position	1980-03-06
montagne-max-1920-02-07	Q16663875	position	1958-12-09
cassin-rene-1887-10-05	Q232873	position	1954-01-01
cassin-rene-1887-10-05	Q232873	position	1947-01-01
cassin-rene-1887-10-05	Q232873	position	1959-01-21
cassin-rene-1887-10-05	Q232873	position	1946-01-01
cassin-rene-1887-10-05	Q232873	position	1944-11-29
cassin-rene-1887-10-05	Q232873	position	1969-01-01
cassin-rene-1887-10-05	Q232873	position	1922-01-01
cassin-rene-1887-10-05	Q232873	position	1947-03-27
cassin-rene-1887-10-05	Q232873	position	1960-07-11
cassin-rene-1887-10-05	Q232873	position	1965-05-20
cassin-rene-1887-10-05	Q232873	position	1943-01-01
simonnet-maurice-rene-1919-10-04	Q2386204	position	1958-12-09
simonnet-maurice-rene-1919-10-04	Q2386204	position	1984-10-01
simonnet-maurice-rene-1919-10-04	Q2386204	position	1979-07-17
ebert-friedrich-1871-02-04	Q2646	position	1918-11-09
ebert-friedrich-1871-02-04	Q2646	position	1919-02-11
ebert-friedrich-1871-02-04	Q2646	position	1918-11-10
ebert-friedrich-1871-02-04	Q2646	position	1899-01-01
cayeux-jean-1910-04-07	Q28097542	position	1945-01-01
costes-alfred-1888-02-24	Q2835032	position	1936-05-03
costes-alfred-1888-02-24	Q2835032	position	1945-10-21
gerard-andre-marie-1918-09-02	Q2847088	position	1961-01-01
gerard-andre-marie-1918-09-02	Q2847088	position	1957-01-01
male-emile-1862-06-02	Q286253	position	1923-10-29
male-emile-1862-06-02	Q286253	position	1927-06-30
thomas-eugene-1903-07-23	Q3060189	position	1953-01-01
wolff-etienne-1904-02-12	Q3508038	position	1958-01-01
wolff-etienne-1904-02-12	Q3508038	position	1971-10-28
wolff-etienne-1904-02-12	Q3508038	position	1966-01-01
lourties-victor-1844-07-22	Q3557426	position	1892-01-01
lourties-victor-1844-07-22	Q3557426	position	1894-05-30
lourties-victor-1844-07-22	Q3557426	position	1892-01-01
lourties-victor-1844-07-22	Q3557426	position	1888-01-05
becquerel-antoine-1852-12-15	Q41269	position	1897-01-01
becquerel-antoine-1852-12-15	Q41269	position	1908-01-01
becquerel-antoine-1852-12-15	Q41269	position	1908-01-01
faidherbe-louis-1818-06-03	Q545751	position	1871-07-02
faidherbe-louis-1818-06-03	Q545751	position	1863-01-01
faidherbe-louis-1818-06-03	Q545751	position	1854-01-01
faidherbe-louis-1818-06-03	Q545751	position	1871-02-08
faidherbe-louis-1818-06-03	Q545751	position	1880-02-28
faidherbe-louis-1818-06-03	Q545751	position	1879-01-05
lemaire-eugene-1836-01-25	Q5941966	position	1895-01-01
bontempelli-massimo-1878-05-12	Q741862	position	1948-05-08
roumanille-joseph-1818-08-08	Q774507	position	1876-01-01
roumanille-joseph-1818-08-08	Q774507	position	1888-01-01
nietzsche-friedrich-1844-10-15	Q9358	position	1869-01-01
nietzsche-friedrich-1844-10-15	Q9358	position	1867-10-01
faidherbe-louis-1818-06-03	Q545751	position	1874-01-01
