decision	ogid	ark	title	creator	reason
accept	houssaye-arsene-1814-03-28	https://gallica.bnf.fr/ark:/12148/bpt6k6507482t	Les confessions : souvenirs d'un demi-siècle, 1830-1880. Tom	Houssaye, Arsène (1814-1896). Auteur du texte	creator+year+memoir-title
accept	houssaye-arsene-1814-03-28	https://gallica.bnf.fr/ark:/12148/bpt6k241259c	Les confessions : souvenirs d'un demi-siècle 1830-1880 / Ars	Houssaye, Arsène (1814-1896). Auteur du texte	creator+year+memoir-title
accept	houssaye-arsene-1814-03-28	https://gallica.bnf.fr/ark:/12148/bpt6k87468	Les confessions. Tome 1 / Arsène Houssaye	Houssaye, Arsène (1814-1896). Auteur du texte	creator+year+memoir-title
reject	quinet-benoit-1818-04-02	https://gallica.bnf.fr/ark:/12148/bpt6k9816878m	Oeuvres complètes d'Edgar Quinet ; 15. Histoire de mes idées	Quinet, Edgar (1803-1875). Auteur du texte	given-name mismatch
accept	quinet-edgar-1803-02-17	https://gallica.bnf.fr/ark:/12148/bpt6k9816878m	Oeuvres complètes d'Edgar Quinet ; 15. Histoire de mes idées	Quinet, Edgar (1803-1875). Auteur du texte	creator+year+memoir-title
accept	bloy-leon-1846-07-11	https://gallica.bnf.fr/ark:/12148/bpt6k255557	Autobiographie d'une enfant / Bloy	Bloy, Léon (1846-1917). Auteur du texte	creator+year+memoir-title
accept	souvestre-emile-1806-04-15	https://gallica.bnf.fr/ark:/12148/bpt6k56854863	Confessions d'un ouvrier / par Émile Souvestre	Souvestre, Émile (1806-1854). Auteur du texte	creator+year+memoir-title
accept	souvestre-emile-1806-04-15	https://gallica.bnf.fr/ark:/12148/bpt6k58467254	Confessions d'un ouvrier, publiées par Émile Souvestre	Souvestre, Émile (1806-1854). Auteur du texte	creator+year+memoir-title
accept	souvestre-emile-1806-04-15	https://gallica.bnf.fr/ark:/12148/bpt6k98181478	Confessions d'un ouvrier (Nouvelle édition) / publiées par É	Souvestre, Émile (1806-1854). Auteur du texte	creator+year+memoir-title
accept	souvestre-emile-1806-04-15	https://gallica.bnf.fr/ark:/12148/bpt6k2032453	Confessions d'un ouvrier (Nouv. éd.) / publ. par Emile Souve	Souvestre, Émile (1806-1854). Auteur du texte	creator+year+memoir-title
accept	gebhart-emile-1839-07-19	https://gallica.bnf.fr/ark:/12148/bpt6k1068836	Petits mémoires / Émile Gebhart,...	Gebhart, Émile (1839-1908). Auteur du texte	creator+year+memoir-title
accept	stapleaux-leopold-1831-10-16	https://gallica.bnf.fr/ark:/12148/bpt6k54257615	Mémoires secrets du Second empire	Stapleaux, Léopold (1831-1891). Auteur du texte	creator+year+memoir-title
accept	monselet-charles-1825-04-30	https://gallica.bnf.fr/ark:/12148/bpt6k370995	Petits mémoires littéraires / Charles Monselet	Monselet, Charles (1825-1888). Auteur du texte	creator+year+memoir-title
reject	martin-hans-1886-11-09	https://gallica.bnf.fr/ark:/12148/bpt6k6507581r	Un missionnaire des Hurons, autobiographie du père Chaumonot	Martin, Félix (1804-1886). Auteur du texte	given-name mismatch
reject	martin-henri-1810-02-20	https://gallica.bnf.fr/ark:/12148/bpt6k6507581r	Un missionnaire des Hurons, autobiographie du père Chaumonot	Martin, Félix (1804-1886). Auteur du texte	given-name mismatch
accept	soulie-frederic-1800-12-23	https://gallica.bnf.fr/ark:/12148/bpt6k5812738p	Les Mémoires du diable / Frédéric Soulié	Soulié, Frédéric (1800-1847). Auteur du texte	creator+year+memoir-title
reject	lacroix-francis-1895-11-29	https://gallica.bnf.fr/ark:/12148/bpt6k58125135	Mémoires de Gabrielle d'Estrées. Tome 1	Lacroix, Paul (1806-1884). Auteur du texte	given-name mismatch
reject	mignet-auguste-1796-05-08	https://gallica.bnf.fr/ark:/12148/bpt6k96928004	Mémoires historiques (3e éd.) / par M. Mignet,...	Mignet, François-Auguste Alexis (1796-1884). Auteur du texte	given-name mismatch
reject	bauer-gerard-1888-10-07	https://gallica.bnf.fr/ark:/12148/bpt6k4221141d	Mémoires d'un jeune homme / Henry Bauer	Bauër, Henry (1851-1915). Auteur du texte	given-name mismatch
accept	sue-eugene-1804-01-26	https://gallica.bnf.fr/ark:/12148/bpt6k66141h	Mémoires d'un mari. 1 / Eugène Sue	Sue, Eugène (1804-1857). Auteur du texte	creator+year+memoir-title
reject	feydeau-georges-1862-12-08	https://gallica.bnf.fr/ark:/12148/bpt6k206920h	Mémoires d'un coulissier / par Ernest Feydeau	Feydeau, Ernest (1821-1873). Auteur du texte	given-name mismatch
accept	soulie-frederic-1800-12-23	https://gallica.bnf.fr/ark:/12148/bpt6k2070145	Les mémoires du Diable / par Frédéric Soulié	Soulié, Frédéric (1800-1847). Auteur du texte	creator+year+memoir-title
accept	bazin-rene-1853-12-26	https://gallica.bnf.fr/ark:/12148/bd6t54353087r	Mémoires d'une vieille fille / René Bazin,...	Bazin, René (1853-1932). Auteur du texte	creator+year+memoir-title
accept	souvestre-emile-1806-04-15	https://gallica.bnf.fr/ark:/12148/bpt6k58139504	Le Droit chemin, confessions d'un ouvrier, publié par Émile 	Souvestre, Émile (1806-1854). Auteur du texte	creator+year+memoir-title
reject	bernard-charles-1804-02-25	https://gallica.bnf.fr/ark:/12148/bpt6k82677b	Mémoires d'un jeune homme rangé / Tristan Bernard	Bernard, Tristan (1866-1947). Auteur du texte	given-name mismatch
reject	bernard-jean-1888-07-30	https://gallica.bnf.fr/ark:/12148/bpt6k82677b	Mémoires d'un jeune homme rangé / Tristan Bernard	Bernard, Tristan (1866-1947). Auteur du texte	given-name mismatch
accept	bernard-tristan-1866-09-07	https://gallica.bnf.fr/ark:/12148/bpt6k82677b	Mémoires d'un jeune homme rangé / Tristan Bernard	Bernard, Tristan (1866-1947). Auteur du texte	creator+year+memoir-title
reject	belot-gustave-1859-08-07	https://gallica.bnf.fr/ark:/12148/bpt6k5619157n	Mémoires d'un caissier / par Adolphe Belot &amp; Jules Dauti	Belot, Adolphe (1829-1890). Auteur du texte	given-name mismatch
reject	benoit-peter-1834-08-17	https://gallica.bnf.fr/ark:/12148/bpt6k5400519s	Mémoires de médecine et chirurgie cliniques / par J. Benoît,	Benoît, Justin (1813-1893). Auteur du texte	given-name mismatch
reject	benoit-pierre-1886-07-16	https://gallica.bnf.fr/ark:/12148/bpt6k5400519s	Mémoires de médecine et chirurgie cliniques / par J. Benoît,	Benoît, Justin (1813-1893). Auteur du texte	given-name mismatch
reject	leroux-gaston-1868-05-06	https://gallica.bnf.fr/ark:/12148/bpt6k9610692v	Jeunes amours : mémoires d'un adolescent / Hugues Le Roux	Le Roux, Hugues (1860-1925). Auteur du texte	given-name mismatch
reject	jullian-camille-1859-03-15	https://gallica.bnf.fr/ark:/12148/bpt6k15225483	Mémoires de Joseph Fouché, duc d'Otrante.... Volume 1	Jullian, Louis (1769-1836?). Auteur du texte	given-name mismatch
accept	flammarion-camille-1842-02-26	https://gallica.bnf.fr/ark:/12148/bpt6k83470m	Mémoires biographiques et philosophiques d'un astronome / Ca	Flammarion, Camille (1842-1925). Auteur du texte / Autrice d	creator+year+memoir-title
reject	daudet-ernest-1837-05-31	https://gallica.bnf.fr/ark:/12148/bpt6k8630790q	Trois souvenirs / Alphonse Daudet	Daudet, Alphonse (1840-1897). Auteur du texte	given-name mismatch
reject	simon-jules-1814-12-27	https://gallica.bnf.fr/ark:/12148/bd6t543522147	Souvenirs intimes - Paul Meurice	Simon, Gustave (1848-1928). Auteur du texte	given-name mismatch
reject	veuillot-louis-1813-10-11	https://gallica.bnf.fr/ark:/12148/bpt6k9602278j	Le comte de Falloux et ses mémoires / par Eugène Veuillot	Veuillot, Eugène (1818-1905). Auteur du texte	given-name mismatch
accept	simon-jules-1814-12-27	https://gallica.bnf.fr/ark:/12148/bpt6k9681998m	Les derniers mémoires des autres / Jules Simon,... ; illustr	Simon, Jules (1814-1896). Auteur du texte	creator+year+memoir-title
reject	briquet-georges-1898-02-05	https://gallica.bnf.fr/ark:/12148/bpt6k1160029j	Nouveaux éclaircissements sur les Mémoires de Hollande / par	Briquet, Apollin (1801-1881). Auteur du texte	given-name mismatch
accept	marmier-xavier-1808-06-22	https://gallica.bnf.fr/ark:/12148/bpt6k913090	Les mémoires d'un orphelin (2e édition) / par X. Marmier	Marmier, Xavier (1808-1892). Auteur du texte	creator+year+memoir-title
accept	goncourt-edmond-1822-05-26	https://gallica.bnf.fr/ark:/12148/bpt6k2026664	Journal des Goncourt : mémoires de la vie littéraire.... 1e 	Goncourt, Edmond de (1822-1896). Auteur du texte	creator+year+memoir-title
reject	goncourt-edmond-1822-05-26	https://gallica.bnf.fr/ark:/12148/bpt6k2026664	Journal des Goncourt : mémoires de la vie littéraire.... 1e 	Goncourt, Jules de (1830-1870). Auteur du texte	given-name mismatch
reject	lenotre-georges-1855-10-07	https://gallica.bnf.fr/ark:/12148/bpt6k6581503w	Mémoires et souvenirs sur la Révolution et l'Empire / publié	Lenotre, G. (1855-1935). Auteur du texte	given-name mismatch
accept	sue-eugene-1804-01-26	https://gallica.bnf.fr/ark:/12148/bpt6k56229407	Mathilde : mémoires d'une jeune femme. Tome 1 / par Eugène S	Sue, Eugène (1804-1857). Auteur du texte	creator+year+memoir-title
accept	soulie-frederic-1800-12-23	https://gallica.bnf.fr/ark:/12148/bpt6k5739432n	Les mémoires du diable. Edition 4,Volume 2 / par Frédéric So	Soulié, Frédéric (1800-1847). Auteur du texte	creator+year+memoir-title
accept	ajalbert-jean-1863-06-10	https://gallica.bnf.fr/ark:/12148/bpt6k4221142t	Mémoires en vrac : au temps du symbolisme, 1880-1890 / Jean 	Ajalbert, Jean (1863-1947). Auteur du texte	creator+year+memoir-title
reject	quinet-benoit-1818-04-02	https://gallica.bnf.fr/ark:/12148/bpt6k83695h	Mémoires d'exil (Bruxelles-Oberland) (2e édition) / par Mme 	Quinet, Hermione (1821-1900). Auteur du texte	given-name mismatch
reject	quinet-edgar-1803-02-17	https://gallica.bnf.fr/ark:/12148/bpt6k83695h	Mémoires d'exil (Bruxelles-Oberland) (2e édition) / par Mme 	Quinet, Hermione (1821-1900). Auteur du texte	given-name mismatch
accept	guillaumin-emile-1873-11-10	https://gallica.bnf.fr/ark:/12148/bd6t5413614k	La Vie d'un simple , mémoires d'un métayer. 2e édition	Guillaumin, Émile (1873-1951). Auteur du texte	creator+year+memoir-title
reject	baumann-emile-1868-09-24	https://gallica.bnf.fr/ark:/12148/bpt6k5789277x	Souvenirs de magistrat / Antoine Baumann	Baumann, Antoine (1860-1925). Auteur du texte	given-name mismatch
accept	sarcey-francisque-1827-10-08	https://gallica.bnf.fr/ark:/12148/bpt6k6507585d	Souvenirs de jeunesse / Francisque Sarcey	Sarcey, Francisque (1827-1899). Auteur du texte	creator+year+memoir-title
accept	lorrain-jean-1855-08-09	https://gallica.bnf.fr/ark:/12148/bpt6k82500g	Sensations et souvenirs / Jean Lorrain	Lorrain, Jean (1855-1906). Auteur du texte	creator+year+memoir-title
reject	dumesnil-rene-1879-06-19	https://gallica.bnf.fr/ark:/12148/bpt6k58651897	Mémoires de Mlle Dumesnil , en réponse aux mémoires d'Hippol	Dumesnil, Marie-Françoise (1713-1803). Auteur du texte / Aut	given-name mismatch
reject	bernard-charles-1804-02-25	https://gallica.bnf.fr/ark:/12148/bpt6k5661132q	Mes cocottes, ou Mémoires d'un jeune député flottant / par P	Bernard, Pierre (1810-1876). Auteur du texte	given-name mismatch
reject	bernard-jean-1888-07-30	https://gallica.bnf.fr/ark:/12148/bpt6k5661132q	Mes cocottes, ou Mémoires d'un jeune député flottant / par P	Bernard, Pierre (1810-1876). Auteur du texte	given-name mismatch
reject	bernard-tristan-1866-09-07	https://gallica.bnf.fr/ark:/12148/bpt6k5661132q	Mes cocottes, ou Mémoires d'un jeune député flottant / par P	Bernard, Pierre (1810-1876). Auteur du texte	given-name mismatch
accept	sue-eugene-1804-01-26	https://gallica.bnf.fr/ark:/12148/bpt6k5810511q	Oeuvres choisies de M. Eugène Süe. Fernand Duplessis, Mémoir	Sue, Eugène (1804-1857). Auteur du texte	creator+year+memoir-title
reject	lacroix-francis-1895-11-29	https://gallica.bnf.fr/ark:/12148/bpt6k6507459k	Mémoires sur la famille impériale. Tome 1 / par Mlle Cochele	Lacroix, Frédéric (1811-1863). Auteur du texte	given-name mismatch
reject	belot-gustave-1859-08-07	https://gallica.bnf.fr/ark:/12148/bpt6k64708567	Le secret terrible : mémoires d'un caissier / Adolphe Belot 	Belot, Adolphe (1829-1890). Auteur du texte	given-name mismatch
reject	ducasse-andre-1894-07-23	https://gallica.bnf.fr/ark:/12148/bpt6k5400998s	Mémoires et observations de médecine et de chirurgie ; par M	Ducasse, Jean Marie Auguste (1786-1859). Auteur du texte	given-name mismatch
reject	lacroix-francis-1895-11-29	https://gallica.bnf.fr/ark:/12148/bpt6k122974x	Les orgies de la Régence : mémoires du cardinal Dubois / [pa	Lacroix, Paul (1806-1884). Auteur du texte	given-name mismatch
reject	durand-oswald-1888-02-09	https://gallica.bnf.fr/ark:/12148/bpt6k5679651j	Mémoires sur Napoléon et Marie-Louise 1810-1814 / par la gén	Durand, Sophie (1772-1850). Auteur du texte	given-name mismatch
reject	silvestre-charles-1889-02-02	https://gallica.bnf.fr/ark:/12148/bpt6k964382	Les mémoires d'un galopin ; suivis de Petite histoire nature	Silvestre, Armand (1837-1901). Auteur du texte	given-name mismatch
accept	boissier-gaston-1823-08-15	https://gallica.bnf.fr/ark:/12148/bpt6k1091462f	De l'autorité des mémoires du duc de Saint-Simon / par G. Bo	Boissier, Gaston (1823-1908). Auteur du texte	creator+year+memoir-title
reject	claretie-jules-1840-12-03	https://gallica.bnf.fr/ark:/12148/bpt6k3412687f	Linette : mémoires d'une enfant de Paris / Léo Claretie,... 	Claretie, Léo (1862-1924). Auteur du texte	given-name mismatch
reject	lemonnier-camille-1844-03-23	https://gallica.bnf.fr/ark:/12148/bpt6k6437994b	Mémoires concernant diverses questions d'astronomie et de ph	Le Monnier, Pierre-Charles (1715-1799). Auteur du texte	given-name mismatch
reject	moreau-abel-1893-01-08	https://gallica.bnf.fr/ark:/12148/bpt6k5804081m	Mémoires sur les fouilles d'Abou-Gosch (Palestine), par M. l	Moreau, Adolphe (1850-1929?). Auteur du texte	given-name mismatch
reject	bertrand-louis-1866-03-25	https://gallica.bnf.fr/ark:/12148/bpt6k109068r	Mémoires historiques et physiques sur les tremblemens de ter	Bertrand, Élie (1713-1797). Auteur du texte	given-name mismatch
accept	monselet-charles-1825-04-30	https://gallica.bnf.fr/ark:/12148/bpt6k57318952	Mes souvenirs littéraires / par Charles Monselet	Monselet, Charles (1825-1888). Auteur du texte	creator+year+memoir-title
accept	descaves-lucien-1861-03-18	https://gallica.bnf.fr/ark:/12148/bpt6k3382280v	Souvenirs d'un ours / Lucien Descaves,...	Descaves, Lucien (1861-1949). Auteur du texte	creator+year+memoir-title
reject	lenormand-henri-1882-05-03	https://gallica.bnf.fr/ark:/12148/bd6t54186748b	Les Pitoëff, souvenirs / H.-R. Lenormand	Lenormand, Henri-René (1882-1951). Auteur du texte	given-name mismatch
accept	soulie-frederic-1800-12-23	https://gallica.bnf.fr/ark:/12148/bpt6k9612811q	Les mille et un romans. t. 2, Les mémoires du diable / par F	Soulié, Frédéric (1800-1847). Auteur du texte	creator+year+memoir-title
reject	bazin-rene-1853-12-26	https://gallica.bnf.fr/ark:/12148/bpt6k9636541m	La cour de Marie de Médicis, mémoires d'un cadet de Gascogne	Bazin, Anaïs (1797-1850). Auteur du texte	given-name mismatch
reject	durand-oswald-1888-02-09	https://gallica.bnf.fr/ark:/12148/bpt6k6510280d	Mémoires sur Napoléon et Marie-Louise 1810-1814 (3e édition)	Durand, Sophie (1772-1850). Auteur du texte	given-name mismatch
reject	belot-gustave-1859-08-07	https://gallica.bnf.fr/ark:/12148/bpt6k64729t	Le secret terrible : mémoires d'un caissier (8e édition) / A	Belot, Adolphe (1829-1890). Auteur du texte / Autrice du tex	given-name mismatch
reject	le-roy-edouard-1870-06-18	https://gallica.bnf.fr/ark:/12148/bpt6k10922926	Mémoires et observations de médecine. Première partie. Conte	Le Roy, Charles (1726-1779 ; Médecin). Auteur du texte	given-name mismatch
reject	le-roy-eugene-1836-11-29	https://gallica.bnf.fr/ark:/12148/bpt6k10922926	Mémoires et observations de médecine. Première partie. Conte	Le Roy, Charles (1726-1779 ; Médecin). Auteur du texte	given-name mismatch
reject	leroy-pierre-1900-08-24	https://gallica.bnf.fr/ark:/12148/bpt6k10922926	Mémoires et observations de médecine. Première partie. Conte	Le Roy, Charles (1726-1779 ; Médecin). Auteur du texte	given-name mismatch
reject	lacroix-francis-1895-11-29	https://gallica.bnf.fr/ark:/12148/bpt6k56847610	Mémoires d'une somnambule ou Les mille et une nuits parisien	Lacroix, Jules (1809-1887). Auteur du texte	given-name mismatch
reject	cheruel-pierre-1809-01-17	https://gallica.bnf.fr/ark:/12148/bpt6k64648210	Notice sur la vie et les Mémoires du duc de Saint-Simon ; pa	Chéruel, Adolphe (1809-1891). Auteur du texte	given-name mismatch
reject	lecomte-georges-1867-07-09	https://gallica.bnf.fr/ark:/12148/bd6t5380592x	Nouveaux mémoires sur l'état présent de la Chine, par le P. 	Le Comte, Louis (1655-1728). Auteur du texte	given-name mismatch
reject	bernard-charles-1804-02-25	https://gallica.bnf.fr/ark:/12148/bpt6k9799819n	Mémoires pour servir à l'histoire naturelle de la Provence. 	Bernard, Pons-Joseph (1748-1816). Auteur du texte	given-name mismatch
reject	bernard-jean-1888-07-30	https://gallica.bnf.fr/ark:/12148/bpt6k9799819n	Mémoires pour servir à l'histoire naturelle de la Provence. 	Bernard, Pons-Joseph (1748-1816). Auteur du texte	given-name mismatch
reject	bernard-tristan-1866-09-07	https://gallica.bnf.fr/ark:/12148/bpt6k9799819n	Mémoires pour servir à l'histoire naturelle de la Provence. 	Bernard, Pons-Joseph (1748-1816). Auteur du texte	given-name mismatch
reject	martin-hans-1886-11-09	https://gallica.bnf.fr/ark:/12148/bpt6k91742x	Mémoires et débats sur les grands principes des sciences phy	Martin, Émile (1799-18..). Auteur du texte	given-name mismatch
reject	martin-henri-1810-02-20	https://gallica.bnf.fr/ark:/12148/bpt6k91742x	Mémoires et débats sur les grands principes des sciences phy	Martin, Émile (1799-18..). Auteur du texte	given-name mismatch
reject	leblanc-maurice-1864-12-11	https://gallica.bnf.fr/ark:/12148/bpt6k681263	Un clerc qui n'a pas trahi : Alfred Loisy d'après ses mémoir	Leblanc, Sylvain (1865-1933). Auteur du texte / Autrice du t	given-name mismatch
accept	about-edmond-1828-02-14	https://gallica.bnf.fr/ark:/12148/bpt6k62077112	Le fellah : souvenirs d'Égypte / Edmond About	About, Edmond (1828-1885). Auteur du texte	creator+year+memoir-title
accept	hermant-abel-1862-02-03	https://gallica.bnf.fr/ark:/12148/bpt6k3385767n	Souvenirs de la vie mondaine / Abel Hermant,...	Hermant, Abel (1862-1950). Auteur du texte	creator+year+memoir-title
reject	feuillet-octave-1821-08-11	https://gallica.bnf.fr/ark:/12148/bpt6k6581091r	Souvenirs et correspondances / par Mme Octave Feuillet	Feuillet, Valérie (1832-1906). Auteur du texte	given-name mismatch
reject	silvestre-charles-1889-02-02	https://gallica.bnf.fr/ark:/12148/bpt6k109260b	Portraits et souvenirs, 1886-1891 / Armand Silvestre	Silvestre, Armand (1837-1901). Auteur du texte	given-name mismatch
reject	feydeau-georges-1862-12-08	https://gallica.bnf.fr/ark:/12148/bpt6k213578f	Théophile Gautier : souvenirs intimes / par Ernest Feydeau..	Feydeau, Ernest (1821-1873). Auteur du texte	given-name mismatch
accept	houssaye-arsene-1814-03-28	https://gallica.bnf.fr/ark:/12148/bpt6k215323r	Souvenirs de jeunesse : 1830-1850 / Arsène Houssaye	Houssaye, Arsène (1814-1896). Auteur du texte	creator+year+memoir-title
accept	gebhart-emile-1839-07-19	https://gallica.bnf.fr/ark:/12148/bpt6k107542s	Souvenirs d'un vieil Athénien / Emile Gebhart,...	Gebhart, Émile (1839-1908). Auteur du texte	creator+year+memoir-title
reject	roux-francois-1897-03-09	https://gallica.bnf.fr/ark:/12148/bpt6k105368k	Les Alpes : histoire et souvenirs / Xavier Roux	Roux, Xavier (1850-19..). Auteur du texte	given-name mismatch
reject	lemonnier-camille-1844-03-23	https://gallica.bnf.fr/ark:/12148/bpt6k1070262	Souvenirs d'Italie / par A. H. Lemonnier,...	Lemonnier, André Hippolyte (1794-1871). Auteur du texte	given-name mismatch
accept	hermant-abel-1862-02-03	https://gallica.bnf.fr/ark:/12148/bpt6k33515511	Les grands bourgeois : mémoires pour servir à l'histoire de 	Hermant, Abel (1862-1950). Auteur du texte	creator+year+memoir-title
accept	loisy-alfred-1857-02-28	https://gallica.bnf.fr/ark:/12148/bpt6k6555498f	Mémoires pour servir à l'histoire religieuse de notre temps.	Loisy, Alfred (1857-1940). Auteur du texte	creator+year+memoir-title
accept	simon-jules-1814-12-27	https://gallica.bnf.fr/ark:/12148/bpt6k9681023s	Mémoires des autres / Jules Simon ; ill. de Noël Saunier ; g	Simon, Jules (1814-1896). Auteur du texte	creator+year+memoir-title
reject	billiet-paul-1838-02-14	https://gallica.bnf.fr/ark:/12148/bpt6k65796058	Mémoires pour servir à l'histoire ecclésiastique du diocèse 	Billiet, Alexis (1783-1873). Auteur du texte	given-name mismatch
accept	sue-eugene-1804-01-26	https://gallica.bnf.fr/ark:/12148/bpt6k66115z	Les misères des enfants trouvés, ou Les mémoires d'un valet 	Sue, Eugène (1804-1857). Auteur du texte	creator+year+memoir-title
accept	simon-jules-1814-12-27	https://gallica.bnf.fr/ark:/12148/bpt6k2070111	Mémoires des autres / Jules Simon ; ill. de Noël Saunier ; g	Simon, Jules (1814-1896). Auteur du texte	creator+year+memoir-title
reject	durand-oswald-1888-02-09	https://gallica.bnf.fr/ark:/12148/bpt6k292363	Mémoires sur l'impératrice Joséphine, ses contemporains, la 	Durand, Sophie (1772-1850). Auteur du texte	given-name mismatch
accept	laffitte-pierre-1823-02-21	https://gallica.bnf.fr/ark:/12148/bpt6k65101713	Testament d'Auguste Comte, avec les documents qui s'y rappor	Laffitte, Pierre (1823-1903). Auteur du texte	creator+year+memoir-title
accept	comte-auguste-1798-01-19	https://gallica.bnf.fr/ark:/12148/bpt6k65101713	Testament d'Auguste Comte, avec les documents qui s'y rappor	Comte, Auguste (1798-1857). Auteur du texte	creator+year+memoir-title
accept	marmier-xavier-1808-06-22	https://gallica.bnf.fr/ark:/12148/bpt6k9814356p	Souvenirs d'un voyageur (Nouvelle édition) / Xavier Marmier,	Marmier, Xavier (1808-1892). Auteur du texte	creator+year+memoir-title
accept	souvestre-emile-1806-04-15	https://gallica.bnf.fr/ark:/12148/bpt6k5812230n	Souvenirs d'un Bas-Breton, par Émile Souvestre	Souvestre, Émile (1806-1854). Auteur du texte	creator+year+memoir-title
accept	malot-hector-1830-05-20	https://gallica.bnf.fr/ark:/12148/bpt6k6114830v	Suzanne : souvenirs d'un blessé / par Hector Malot	Malot, Hector (1830-1907). Auteur du texte	creator+year+memoir-title
accept	about-edmond-1828-02-14	https://gallica.bnf.fr/ark:/12148/bpt6k56628593	Nouvelles et souvenirs (3e éd.) / par Edmond About,...	About, Edmond (1828-1885). Auteur du texte	creator+year+memoir-title
accept	tinan-jean-1874-01-19	https://gallica.bnf.fr/ark:/12148/bpt6k9763465t	Jean de Tinan : souvenirs et correspondance / André Lebey	Tinan, Jean de (1874-1898). Auteur du texte	creator+year+memoir-title
reject	bernard-charles-1804-02-25	https://gallica.bnf.fr/ark:/12148/bpt6k6572642c	Souvenirs sur Paul Cézanne et Lettres / Émile Bernard	Bernard, Émile (1868-1941). Auteur du texte	given-name mismatch
reject	bernard-jean-1888-07-30	https://gallica.bnf.fr/ark:/12148/bpt6k6572642c	Souvenirs sur Paul Cézanne et Lettres / Émile Bernard	Bernard, Émile (1868-1941). Auteur du texte	given-name mismatch
reject	bernard-tristan-1866-09-07	https://gallica.bnf.fr/ark:/12148/bpt6k6572642c	Souvenirs sur Paul Cézanne et Lettres / Émile Bernard	Bernard, Émile (1868-1941). Auteur du texte	given-name mismatch
reject	halevy-daniel-1872-12-12	https://gallica.bnf.fr/ark:/12148/bpt6k6375746t	L'invasion : souvenirs et récits / par Ludovic Halévy	Halévy, Ludovic (1834-1908). Auteur du texte	given-name mismatch
reject	lemaitre-jules-1853-04-27	https://gallica.bnf.fr/ark:/12148/bpt6k6481200c	Souvenirs de Frédérick Lemaître / publiés par son fils	Lemaître, Frédérick (1800-1876). Auteur du texte	given-name mismatch
reject	vogue-eugene-1848-02-25	https://gallica.bnf.fr/ark:/12148/bpt6k5758593x	Souvenirs et visions / Vte E.-M. de Vogüé	Vogüé, Eugène-Melchior de (1848-1910). Auteur du texte	given-name mismatch
accept	about-edmond-1828-02-14	https://gallica.bnf.fr/ark:/12148/bpt6k96247g	Nouvelles et souvenirs (3e éd.) / par Edmond About,...	About, Edmond (1828-1885). Auteur du texte	creator+year+memoir-title
reject	bernard-charles-1804-02-25	https://gallica.bnf.fr/ark:/12148/bpt6k408034j	La Lisette de Béranger : souvenirs intimes / Thalès Bernard	Bernard, Thalès (1821-1873). Auteur du texte	given-name mismatch
reject	bernard-jean-1888-07-30	https://gallica.bnf.fr/ark:/12148/bpt6k408034j	La Lisette de Béranger : souvenirs intimes / Thalès Bernard	Bernard, Thalès (1821-1873). Auteur du texte	given-name mismatch
reject	bernard-tristan-1866-09-07	https://gallica.bnf.fr/ark:/12148/bpt6k408034j	La Lisette de Béranger : souvenirs intimes / Thalès Bernard	Bernard, Thalès (1821-1873). Auteur du texte	given-name mismatch
accept	hermant-abel-1862-02-03	https://gallica.bnf.fr/ark:/12148/bpt6k66378d	M. de Courpière marié (nouveaux souvenirs) / Abel Hermant	Hermant, Abel (1862-1950). Auteur du texte	creator+year+memoir-title
accept	reclus-elisee-1830-03-15	https://gallica.bnf.fr/ark:/12148/bpt6k775296	Le Mississipi : études et souvenirs / [Signé : Élisée Reclus	Reclus, Élisée (1830-1905). Auteur du texte	creator+year+memoir-title
reject	daudet-ernest-1837-05-31	https://gallica.bnf.fr/ark:/12148/bd6t541978666	Souvenirs d'un homme de lettres / Alphonse Daudet	Daudet, Alphonse (1840-1897). Auteur du texte	given-name mismatch
accept	sue-eugene-1804-01-26	https://gallica.bnf.fr/ark:/12148/bpt6k6551733w	Les misères des enfants trouvés, ou Les mémoires d'un valet 	Sue, Eugène (1804-1857). Auteur du texte	creator+year+memoir-title
accept	sue-eugene-1804-01-26	https://gallica.bnf.fr/ark:/12148/bpt6k6154207n	Mathilde, mémoires d'une jeune femme, par M. Eugène Süe. Nou	Sue, Eugène (1804-1857). Auteur du texte	creator+year+memoir-title
reject	bertrand-louis-1866-03-25	https://gallica.bnf.fr/ark:/12148/bpt6k2050150	Archéologie celtique et gauloise : mémoires et documents rel	Bertrand, Alexandre (1820-1902). Auteur du texte	given-name mismatch
accept	hermant-abel-1862-02-03	https://gallica.bnf.fr/ark:/12148/bd6t54169302b	Mémoires pour servir à l'histoire de la société. Les confide	Hermant, Abel (1862-1950). Auteur du texte	creator+year+memoir-title
accept	goncourt-edmond-1822-05-26	https://gallica.bnf.fr/ark:/12148/bpt6k58315120	Sophie Arnould, d'après sa correspondance et ses mémoires in	Goncourt, Edmond de (1822-1896). Auteur du texte	creator+year+memoir-title
reject	goncourt-edmond-1822-05-26	https://gallica.bnf.fr/ark:/12148/bpt6k58315120	Sophie Arnould, d'après sa correspondance et ses mémoires in	Goncourt, Jules de (1830-1870). Auteur du texte	given-name mismatch
accept	about-edmond-1828-02-14	https://gallica.bnf.fr/ark:/12148/bpt6k58053898	Le fellah : souvenirs d'Égypte (6e éd.) / Edmond About	About, Edmond (1828-1885). Auteur du texte	creator+year+memoir-title
accept	sarcey-francisque-1827-10-08	https://gallica.bnf.fr/ark:/12148/bpt6k62092287	Le siège de Paris : impressions et souvenirs / Francisque Sa	Sarcey, Francisque (1827-1899). Auteur du texte	creator+year+memoir-title
accept	nisard-desire-1806-03-20	https://gallica.bnf.fr/ark:/12148/bpt6k54061806	Souvenirs et notes biographiques (juillet 1881) / par Désiré	Nisard, Désiré (1806-1888). Auteur du texte	creator+year+memoir-title
accept	fabre-emile-1869-03-24	https://gallica.bnf.fr/ark:/12148/bpt6k3359305k	De Thalie à Melpomène : souvenirs de théâtre / Émile Fabre	Fabre, Émile (1869-1955). Auteur du texte	creator+year+memoir-title
reject	fabre-ferdinand-1827-06-09	https://gallica.bnf.fr/ark:/12148/bpt6k3359305k	De Thalie à Melpomène : souvenirs de théâtre / Émile Fabre	Fabre, Émile (1869-1955). Auteur du texte	given-name mismatch
accept	sarcey-francisque-1827-10-08	https://gallica.bnf.fr/ark:/12148/bpt6k64686026	Le siège de Paris : impressions et souvenirs / Francisque Sa	Sarcey, Francisque (1827-1899). Auteur du texte	creator+year+memoir-title
reject	benoit-peter-1834-08-17	https://gallica.bnf.fr/ark:/12148/bpt6k934954p	Souvenirs et lettres / Renée de Benoit, née Van Berchem	Benoit, Renée de (1892-1919). Auteur du texte	given-name mismatch
reject	benoit-pierre-1886-07-16	https://gallica.bnf.fr/ark:/12148/bpt6k934954p	Souvenirs et lettres / Renée de Benoit, née Van Berchem	Benoit, Renée de (1892-1919). Auteur du texte	given-name mismatch
reject	haussonville-gabriel-1843-09-21	https://gallica.bnf.fr/ark:/12148/bpt6k2054848	Le comte de Paris : souvenirs personnels / comte d'Haussonvi	Haussonville, Gabriel-Paul-Othenin d' (1843-1924). Auteur du	given-name mismatch
reject	gide-charles-1847-06-28	https://gallica.bnf.fr/ark:/12148/bpt6k20188w	Journal, 1939-1949. 2 ; Souvenirs ([2e édition]) / André Gid	Gide, André (1869-1951). Auteur du texte	given-name mismatch
reject	haussonville-gabriel-1843-09-21	https://gallica.bnf.fr/ark:/12148/bpt6k364871	Souvenirs et mélanges / par M. le comte d'Haussonville,...	Haussonville, Joseph-Othenin-Bernard de Cléron (1809-1884 ; 	given-name mismatch
accept	malot-hector-1830-05-20	https://gallica.bnf.fr/ark:/12148/bpt6k64056s	Miss Clifton : souvenirs d'un blessé / par Hector Malot	Malot, Hector (1830-1907). Auteur du texte	creator+year+memoir-title
accept	marmier-xavier-1808-06-22	https://gallica.bnf.fr/ark:/12148/bpt6k105465r	Souvenirs de voyages et traditions populaires / par X. Marmi	Marmier, Xavier (1808-1892). Auteur du texte	creator+year+memoir-title
accept	marmier-xavier-1808-06-22	https://gallica.bnf.fr/ark:/12148/bpt6k1054664	Nouveaux souvenirs de voyage. Franche-Comté / par X. Marmier	Marmier, Xavier (1808-1892). Auteur du texte	creator+year+memoir-title
reject	sue-eugene-1804-01-26	https://gallica.bnf.fr/ark:/12148/bpt6k6478823b	Extrait des Mémoires littéraires et critiques sur la médecin	Sue, Pierre (1739-1816). Auteur du texte	given-name mismatch
reject	moreau-abel-1893-01-08	https://gallica.bnf.fr/ark:/12148/bpt6k65659296	Mémoires pour servir à l'histoire de notre tems , par rappor	Moreau, Jacob-Nicolas (1717-1804). Auteur du texte	given-name mismatch
reject	lecomte-georges-1867-07-09	https://gallica.bnf.fr/ark:/12148/bpt6k87050493	Nouveaux mémoires sur l'état présent de la Chine . Par le P.	Le Comte, Louis (1655-1728). Auteur du texte	given-name mismatch
reject	bourgeois-pierre-1898-12-04	https://gallica.bnf.fr/ark:/12148/bpt6k81684c	Les sources de l'histoire de France : XVIIe siècle (1610-171	Bourgeois, Émile (1857-1934). Auteur du texte	given-name mismatch
reject	cheruel-pierre-1809-01-17	https://gallica.bnf.fr/ark:/12148/bpt6k2047469	De l'administration de Louis XIV, 1661-1672 : d'après les mé	Chéruel, Adolphe (1809-1891). Auteur du texte	given-name mismatch
accept	franck-adolphe-1809-10-02	https://gallica.bnf.fr/ark:/12148/bpt6k902816	Les métaux sont des corps composés : mémoires présentés à l'	Franck, Adolphe (1809-1893). Auteur du texte	creator+year+memoir-title
reject	lacroix-francis-1895-11-29	https://gallica.bnf.fr/ark:/12148/bpt6k70631663	Mémoires pour servir à l'histoire de la révolution de Saint-	Lacroix, Pamphile de (1774-1841). Auteur du texte	given-name mismatch
reject	lenormand-henri-1882-05-03	https://gallica.bnf.fr/ark:/12148/bpt6k96336233	Mémoires historiques et secrets de l'impératrice Joséphine. 	Le Normand, Marie-Anne Adélaïde (1772-1843). Auteur du texte	given-name mismatch
reject	simon-jules-1814-12-27	https://gallica.bnf.fr/ark:/12148/bpt6k57857107	Mémoires originaux. Traitement isopathique de la tuberculose	Simon, Vincent-Léon (1846-1911). Auteur du texte	given-name mismatch
accept	marmier-xavier-1808-06-22	https://gallica.bnf.fr/ark:/12148/bpt6k9692198f	Impressions et souvenirs d'un voyageur chrétien / par Xavier	Marmier, Xavier (1808-1892). Auteur du texte	creator+year+memoir-title
reject	martin-hans-1886-11-09	https://gallica.bnf.fr/ark:/12148/bpt6k5658360m	Souvenirs d'un ex-officier, 1812-1815 / [Jacques-François Ma	Martin, Jacques (1794-1874). Auteur du texte	given-name mismatch
reject	martin-henri-1810-02-20	https://gallica.bnf.fr/ark:/12148/bpt6k5658360m	Souvenirs d'un ex-officier, 1812-1815 / [Jacques-François Ma	Martin, Jacques (1794-1874). Auteur du texte	given-name mismatch
reject	dumesnil-rene-1879-06-19	https://gallica.bnf.fr/ark:/12148/bpt6k96223756	Souvenirs de lectures : histoire et morale / par A. Du Mesni	Du Mesnil, Armand (1819-1903). Auteur du texte	given-name mismatch
reject	halevy-daniel-1872-12-12	https://gallica.bnf.fr/ark:/12148/bpt6k5477904t	Notes et souvenirs, 1871-1872 (14e édition) / par Ludovic Ha	Halévy, Ludovic (1834-1908). Auteur du texte	given-name mismatch
accept	dujardin-edouard-1861-11-10	https://gallica.bnf.fr/ark:/12148/bpt6k3351742r	Rencontres avec Houston Stewart Chamberlain : souvenirs et c	Dujardin, Édouard (1861-1949). Auteur du texte	creator+year+memoir-title
reject	dujardin-marie-chenou-1893-09-09	https://gallica.bnf.fr/ark:/12148/bpt6k3351742r	Rencontres avec Houston Stewart Chamberlain : souvenirs et c	Dujardin, Édouard (1861-1949). Auteur du texte	given-name mismatch
accept	souvestre-emile-1806-04-15	https://gallica.bnf.fr/ark:/12148/bpt6k34104236	Souvenirs d'un Bas-Breton. Série 2 / par Émile Souvestre	Souvestre, Émile (1806-1854). Auteur du texte	creator+year+memoir-title
reject	daudet-ernest-1837-05-31	https://gallica.bnf.fr/ark:/12148/bpt6k10455528	Lettres de mon moulin : impressions et souvenirs / par Alpho	Daudet, Alphonse (1840-1897). Auteur du texte	given-name mismatch
reject	conscience-henry-1812-12-03	https://gallica.bnf.fr/ark:/12148/bd6t5396736w	Souvenirs de jeunesse / par Henri Conscience ; traduction de	Conscience, Hendrik (1812-1883). Auteur du texte	given-name mismatch
reject	allard-maurice-1860-05-01	https://gallica.bnf.fr/ark:/12148/bpt6k63686197	Souvenirs d'Orient. La Dobroutcha / par le Dr Camille Allard	Allard, Camille (1832-1864). Auteur du texte	given-name mismatch
accept	claretie-jules-1840-12-03	https://gallica.bnf.fr/ark:/12148/bpt6k405865m	Souvenirs du dîner Bixio / Jules Claretie ; préf. de Georges	Claretie, Jules (1840-1913). Auteur du texte	creator+year+memoir-title
reject	daudet-ernest-1837-05-31	https://gallica.bnf.fr/ark:/12148/bpt6k6724p	L'hécatombe : récits et souvenirs politiques, 1914-1918 / Lé	Daudet, Léon (1867-1942). Auteur du texte	given-name mismatch
reject	daudet-ernest-1837-05-31	https://gallica.bnf.fr/ark:/12148/bpt6k67269	La pluie de sang : nouveaux souvenirs (1914-1918) / Léon Dau	Daudet, Léon (1867-1942). Auteur du texte	given-name mismatch
accept	montegut-emile-1825-06-23	https://gallica.bnf.fr/ark:/12148/bpt6k1022057	Tableaux de la France : souvenirs de Bourgogne / par Émile M	Montégut, Émile (1825-1895). Auteur du texte / Autrice du te	creator+year+memoir-title
reject	sorel-albert-1842-08-13	https://gallica.bnf.fr/ark:/12148/bpt6k73377j	Mémoires de Marguerite de Valois ... auxquels on a ajouté so	Sorel, Charles (1582?-1674). Auteur du texte	given-name mismatch
reject	sorel-georges-1847-11-02	https://gallica.bnf.fr/ark:/12148/bpt6k73377j	Mémoires de Marguerite de Valois ... auxquels on a ajouté so	Sorel, Charles (1582?-1674). Auteur du texte	given-name mismatch
reject	daudet-ernest-1837-05-31	https://gallica.bnf.fr/ark:/12148/bpt6k12699696	Souvenirs des milieux littéraires, politiques artistiques et	Daudet, Léon (1867-1942). Auteur du texte	given-name mismatch
reject	villiers-adam-1838-11-07	https://gallica.bnf.fr/ark:/12148/bpt6k1189195	Mémoires de la vie du comte D***, avant sa retraite. T.1 / ,	Villiers, Pierre de (1648-1728). Auteur du texte	given-name mismatch
reject	moreau-abel-1893-01-08	https://gallica.bnf.fr/ark:/12148/bpt6k732193	Exposition et défense de notre Constitution monarchique fran	Moreau, Jacob-Nicolas (1717-1804). Auteur du texte	given-name mismatch
reject	feydeau-georges-1862-12-08	https://gallica.bnf.fr/ark:/12148/bpt6k3792372	Mémoires d'une demoiselle de bonne famille rédigés par elle-	Feydeau, Ernest (1821-1873). Auteur du texte	given-name mismatch
accept	nisard-desire-1806-03-20	https://gallica.bnf.fr/ark:/12148/bpt6k9675503q	Souvenirs de voyages : France, Belgique, Prusse rhénane, Ang	Nisard, Désiré (1806-1888). Auteur du texte	creator+year+memoir-title
accept	claretie-jules-1840-12-03	https://gallica.bnf.fr/ark:/12148/bpt6k6464633h	Paris assiégé : tableaux et souvenirs, septembre 1870-janvie	Claretie, Jules (1840-1913). Auteur du texte	creator+year+memoir-title
reject	riviere-jacques-1886-07-15	https://gallica.bnf.fr/ark:/12148/bpt6k5802413j	Souvenirs de la Nouvelle Calédonie. L'Insurrection Canaque p	Rivière, Henri (1827-1883). Auteur du texte	given-name mismatch
accept	sarcey-francisque-1827-10-08	https://gallica.bnf.fr/ark:/12148/bpt6k64640195	Le siège de Paris : impressions et souvenirs (30e édition) /	Sarcey, Francisque (1827-1899). Auteur du texte	creator+year+memoir-title
reject	halevy-daniel-1872-12-12	https://gallica.bnf.fr/ark:/12148/bd6t5369809d	Souvenirs et portraits : études sur les beaux-arts / par F. 	Halévy, Fromental (1799-1862). Auteur du texte	given-name mismatch
reject	silvestre-charles-1889-02-02	https://gallica.bnf.fr/ark:/12148/bpt6k62908x	Au pays des souvenirs : mes maîtres et mes maîtresses / Arma	Silvestre, Armand (1837-1901). Auteur du texte / Autrice du 	given-name mismatch
reject	petit-henri-1900-02-23	https://gallica.bnf.fr/ark:/12148/bpt6k1080550	Souvenirs et impressions de voyage : quatre jours à Rome / E	Petit, Eugène (1850-1931). Auteur du texte	given-name mismatch
reject	lecomte-georges-1867-07-09	https://gallica.bnf.fr/ark:/12148/bpt6k143745d	La Ferté-Milon (Aisne) : souvenirs historiques et monuments 	Lecomte, Maurice (1869-1936). Auteur du texte	given-name mismatch
reject	sorel-albert-1842-08-13	https://gallica.bnf.fr/ark:/12148/bpt6k64235115	La fortune de la Cour, ouvrage curieux tiré des Mémoires d'u	Sorel, Charles (1582?-1674). Auteur du texte	given-name mismatch
reject	sorel-georges-1847-11-02	https://gallica.bnf.fr/ark:/12148/bpt6k64235115	La fortune de la Cour, ouvrage curieux tiré des Mémoires d'u	Sorel, Charles (1582?-1674). Auteur du texte	given-name mismatch
reject	lefevre-frederic-1889-05-07	https://gallica.bnf.fr/ark:/12148/bpt6k1510739x	Memoires de l'Academie des sciences, inscriptions, belles le	Lefèvre, André (1718-1768). Auteur du texte	given-name mismatch
reject	petit-henri-1900-02-23	https://gallica.bnf.fr/ark:/12148/bpt6k5460955p	Le patriotisme américain ou Mémoires sur l'établissement de 	Petit, Émilien (1713-1780?). Auteur du texte	given-name mismatch
accept	thierry-augustin-1795-05-10	https://gallica.bnf.fr/ark:/12148/bpt6k3181413	Histoire de France , traduite et extraite des chroniques ori	Thierry, Augustin (1795-1856). Auteur du texte	creator+year+memoir-title
reject	rossi-carlo-1892-02-14	https://gallica.bnf.fr/ark:/12148/bpt6k9800590w	Physique et physique du globe : divers mémoires de MM. Tynda	Rossi, Michele Stefano de (1834-1898). Auteur du texte	given-name mismatch
reject	rossi-vittorio-g-1898-01-08	https://gallica.bnf.fr/ark:/12148/bpt6k9800590w	Physique et physique du globe : divers mémoires de MM. Tynda	Rossi, Michele Stefano de (1834-1898). Auteur du texte	given-name mismatch
reject	benoit-peter-1834-08-17	https://gallica.bnf.fr/ark:/12148/bpt6k6439357m	Travaux et mémoires du Bureau international des poids et mes	Benoît, René (1844-1922). Auteur du texte	given-name mismatch
reject	benoit-pierre-1886-07-16	https://gallica.bnf.fr/ark:/12148/bpt6k6439357m	Travaux et mémoires du Bureau international des poids et mes	Benoît, René (1844-1922). Auteur du texte	given-name mismatch
reject	benoit-peter-1834-08-17	https://gallica.bnf.fr/ark:/12148/bpt6k6439357m	Travaux et mémoires du Bureau international des poids et mes	Benoît, René (1844-1922). Auteur du texte	given-name mismatch
reject	benoit-pierre-1886-07-16	https://gallica.bnf.fr/ark:/12148/bpt6k6439357m	Travaux et mémoires du Bureau international des poids et mes	Benoît, René (1844-1922). Auteur du texte	given-name mismatch
accept	goncourt-edmond-1822-05-26	https://gallica.bnf.fr/ark:/12148/bpt6k1083446	Sophie Arnould, d'après sa correspondance et ses mémoires in	Goncourt, Edmond de (1822-1896). Auteur du texte	creator+year+memoir-title
reject	goncourt-edmond-1822-05-26	https://gallica.bnf.fr/ark:/12148/bpt6k1083446	Sophie Arnould, d'après sa correspondance et ses mémoires in	Goncourt, Jules de (1830-1870). Auteur du texte	given-name mismatch
reject	lecomte-georges-1867-07-09	https://gallica.bnf.fr/ark:/12148/bpt6k1116390	Eclaircissement sur la denonciation faite a N. S. P. le pape	Le Comte, Louis (1655-1728). Auteur du texte	given-name mismatch
reject	lacroix-francis-1895-11-29	https://gallica.bnf.fr/ark:/12148/bd6t5935245t	Mémoires sur la reine Hortense et la famille impériale. Tome	Lacroix, Frédéric (1811-1863). Auteur du texte / Autrice du 	given-name mismatch
reject	lacretelle-jacques-1888-07-14	https://gallica.bnf.fr/ark:/12148/bpt6k6228009f	Mémoires sur les journées révolutionnaires et les coups d'Ét	Lacretelle, Pierre-Louis (1751-1824). Auteur du texte	given-name mismatch
reject	bailly-jules-1832-12-13	https://gallica.bnf.fr/ark:/12148/bpt6k2042474	Mémoires de Bailly. T. 1 / , avec une notice sur sa vie, des	Bailly, Jean Sylvain (1736-1793). Auteur du texte	given-name mismatch
reject	curel-francois-1854-06-10	https://gallica.bnf.fr/ark:/12148/bpt6k65238064	Boutades d'un chasseur, souvenirs et mélanges, par M. L. de 	Curel, Léonce de (1797-1863). Auteur du texte	given-name mismatch
accept	daudet-ernest-1837-05-31	https://gallica.bnf.fr/ark:/12148/bpt6k56565702	La Terreur blanche : épisodes et souvenirs (1815) (3e éditio	Daudet, Ernest (1837-1921). Auteur du texte	creator+year+memoir-title
accept	riviere-jacques-1886-07-15	https://gallica.bnf.fr/ark:/12148/bpt6k9465424	Allemand , souvenirs et réflexions d'un prisonnier de guerre	Rivière, Jacques (1886-1925). Auteur du texte	creator+year+memoir-title
accept	fleuriot-zenaide-1829-10-28	https://gallica.bnf.fr/ark:/12148/bpt6k5805469v	Papillonne. Souvenirs de jeunesse d'un vieux campagnard, nou	Fleuriot, Zénaïde (1829-1890). Auteur du texte	creator+year+memoir-title
reject	lemonnier-camille-1844-03-23	https://gallica.bnf.fr/ark:/12148/bpt6k5833328s	Les mille et un souvenirs d'un homme de théâtre / Alphonse L	Lemonnier, Alphonse (1842-1907). Auteur du texte	given-name mismatch
reject	daudet-ernest-1837-05-31	https://gallica.bnf.fr/ark:/12148/bpt6k6505253s	Lettres de mon moulin : impressions et souvenirs (7e édition	Daudet, Alphonse (1840-1897). Auteur du texte	given-name mismatch
reject	guerin-andre-1899-12-01	https://gallica.bnf.fr/ark:/12148/bpt6k107004m	Rome et Pie IX : quelques souvenirs / par l'abbé P. [sic] Gu	Guérin, Louis Remi (1834-1868). Auteur du texte	given-name mismatch
reject	lebrun-firmin-1802-02-27	https://gallica.bnf.fr/ark:/12148/bpt6k1075100	Souvenirs des guerres de Crimée et d'Italie / par le général	Lebrun, Joseph (1809-1889). Auteur du texte	given-name mismatch
accept	marmier-xavier-1808-06-22	https://gallica.bnf.fr/ark:/12148/bpt6k370003d	Impressions et souvenirs d'un voyageur chrétien. Réimpr. 188	Marmier, Xavier (1808-1892). Auteur du texte	creator+year+memoir-title
reject	allard-maurice-1860-05-01	https://gallica.bnf.fr/ark:/12148/bpt6k57276029	Souvenirs d'Orient. Les Échelles du Levant, par le Dr C. All	Allard, Camille (1832-1864). Auteur du texte	given-name mismatch
reject	faure-elie-1873-04-04	https://gallica.bnf.fr/ark:/12148/bpt6k5469822r	Rapports faits à l'Institut, Académie royale des sciences , 	Faure, Nicolas-Jean (1782-1856). Auteur du texte	given-name mismatch
reject	faure-gabriel-1877-05-15	https://gallica.bnf.fr/ark:/12148/bpt6k5469822r	Rapports faits à l'Institut, Académie royale des sciences , 	Faure, Nicolas-Jean (1782-1856). Auteur du texte	given-name mismatch
accept	daudet-ernest-1837-05-31	https://gallica.bnf.fr/ark:/12148/bpt6k61331706	La Terreur blanche : épisodes et souvenirs de la réaction da	Daudet, Ernest (1837-1921). Auteur du texte	creator+year+memoir-title
reject	sue-eugene-1804-01-26	https://gallica.bnf.fr/ark:/12148/bpt6k56235546	Henri le chancelier, souvenirs d'un voyage dans l'Amérique C	Sue, Joseph (1819-1888). Auteur du texte	given-name mismatch
accept	about-edmond-1828-02-14	https://gallica.bnf.fr/ark:/12148/bpt6k34107823	Nouvelles et souvenirs (6e édition) / Edmond About,... ; ouv	About, Edmond (1828-1885). Auteur du texte	creator+year+memoir-title
accept	simon-jules-1814-12-27	https://gallica.bnf.fr/ark:/12148/bpt6k5439085p	Souvenirs du quatre septembre. Le Gouvernement de la défense	Simon, Jules (1814-1896). Auteur du texte	creator+year+memoir-title
accept	daudet-ernest-1837-05-31	https://gallica.bnf.fr/ark:/12148/bpt6k5545585p	Mon frère et moi : souvenirs d'enfance et de jeunesse / par 	Daudet, Ernest (1837-1921). Auteur du texte	creator+year+memoir-title
reject	figuier-louis-1819-02-15	https://gallica.bnf.fr/ark:/12148/bpt6k994178v	Mos de Lavène : scènes et souvenirs du bas Languedoc / par M	Figuier, Juliette (1829-1879). Auteur du texte	given-name mismatch
reject	figuier-louis-1819-02-15	https://gallica.bnf.fr/ark:/12148/bpt6k9450128	La prédicante des Cévennes : scènes et souvenirs du Languedo	Figuier, Juliette (1829-1879). Auteur du texte	given-name mismatch
reject	ribot-theodule-1839-12-18	https://gallica.bnf.fr/ark:/12148/bpt6k755914	Lettres à un ami : souvenirs de ma vie politique (7e édition	Ribot, Alexandre (1842-1923). Auteur du texte	given-name mismatch
reject	chabannes-jacques-1900-10-13	https://gallica.bnf.fr/ark:/12148/bpt6k6307325z	Lettres de M. le Mis de Chabannes à S. Exc. M. le Cte de Bla	Chabannes, Jean-Frédéric de (1762-1836 ; marquis de Curton).	given-name mismatch
reject	cheruel-pierre-1809-01-17	https://gallica.bnf.fr/ark:/12148/bd6t5351508n	Mémoires sur la vie publique et privée de Fouquet,... d'aprè	Chéruel, Adolphe (1809-1891). Auteur du texte	given-name mismatch
reject	ducasse-andre-1894-07-23	https://gallica.bnf.fr/ark:/12148/bpt6k6507563t	Le maréchal Marmont, duc de Raguse, devant l'histoire : exam	Du Casse, Albert (1813-1893). Auteur du texte	given-name mismatch
reject	bertrand-louis-1866-03-25	https://gallica.bnf.fr/ark:/12148/bpt6k9799247w	Recueil de memoires et d'observations sur la formation &amp;	Bertrand, Élie (1713-1797). Auteur du texte	given-name mismatch
reject	perier-gaston-1879-02-07	https://gallica.bnf.fr/ark:/12148/bpt6k97513786	Lettres, opuscules et mémoires de madame Périer et de Jacque	Périer, Gilberte (1620-1687). Auteur du texte	given-name mismatch
reject	perier-gaston-1879-02-07	https://gallica.bnf.fr/ark:/12148/bpt6k97513786	Lettres, opuscules et mémoires de madame Périer et de Jacque	Périer, Marguerite (1646-1733). Auteur du texte	given-name mismatch
accept	soulie-frederic-1800-12-23	https://gallica.bnf.fr/ark:/12148/bpt6k5742132q	Confession générale, par Frédéric Soulié...	Soulié, Frédéric (1800-1847). Auteur du texte	creator+year+memoir-title
accept	veuillot-louis-1813-10-11	https://gallica.bnf.fr/ark:/12148/bpt6k58202539	Les Français en Algérie, souvenirs d'un voyage fait en 1841,	Veuillot, Louis (1813-1883). Auteur du texte	creator+year+memoir-title
reject	figuier-louis-1819-02-15	https://gallica.bnf.fr/ark:/12148/bpt6k5702638t	Les Soeurs de lait, scènes et souvenirs du Bas-Languedoc, pa	Figuier, Juliette (1829-1879). Auteur du texte	given-name mismatch
reject	royer-clemence-1830-04-21	https://gallica.bnf.fr/ark:/12148/bpt6k5701613p	Aventures de voyage, tableaux, récits et souvenirs du Levant	Royer, Alphonse (1803-1875). Auteur du texte	given-name mismatch
reject	ducasse-andre-1894-07-23	https://gallica.bnf.fr/ark:/12148/bpt6k5720227k	Souvenirs de Saint-Cyr et de l'école d'état-major / Baron Du	Du Casse, Albert (1813-1893). Auteur du texte	given-name mismatch
accept	riviere-jacques-1886-07-15	https://gallica.bnf.fr/ark:/12148/bpt6k8630316s	L'Allemand, souvenirs et réflexions d'un prisonnier de guerr	Rivière, Jacques (1886-1925). Auteur du texte	creator+year+memoir-title
reject	guerin-andre-1899-12-01	https://gallica.bnf.fr/ark:/12148/bpt6k6212448s	La Terre Sainte. Son histoire, ses souvenirs, ses sites, ses	Guérin, Victor (1821-1891). Auteur du texte	given-name mismatch
reject	daudet-ernest-1837-05-31	https://gallica.bnf.fr/ark:/12148/bpt6k1031111	Premier voyage, premier mensonge : souvenirs de mon enfance 	Daudet, Alphonse (1840-1897). Auteur du texte	given-name mismatch
reject	lenormand-henri-1882-05-03	https://gallica.bnf.fr/ark:/12148/bpt6k74003d	Les oracles sibyllins, ou La suite des souvenirs prophétique	Le Normand, Marie-Anne Adélaïde (1772-1843). Auteur du texte	given-name mismatch
accept	claretie-jules-1840-12-03	https://gallica.bnf.fr/ark:/12148/bpt6k37211g	La canne de M. Michelet : promenades et souvenirs / Jules Cl	Claretie, Jules (1840-1913). Auteur du texte	creator+year+memoir-title
accept	feval-paul-1816-09-29	https://gallica.bnf.fr/ark:/12148/bpt6k64566g	Le mari embaumé : souvenirs d'un page de M. de Vendôme / par	Féval, Paul (1816-1887). Auteur du texte	creator+year+memoir-title
reject	haussonville-gabriel-1843-09-21	https://gallica.bnf.fr/ark:/12148/bpt6k2048067	Ma jeunesse, 1814-1830, souvenirs / par le Cte d'Haussonvill	Haussonville, Joseph-Othenin-Bernard de Cléron (1809-1884 ; 	given-name mismatch
reject	sainte-beuve-charles-1804-12-23	https://gallica.bnf.fr/ark:/12148/bpt6k5452641z	Mémoires de Beaumarchais dans l'Affaire Goezman (Nouvelle éd	Sainte-Beuve, Charles-Augustin (1804-1869). Auteur du texte	given-name mismatch
reject	moreau-abel-1893-01-08	https://gallica.bnf.fr/ark:/12148/bpt6k6565037n	Mémoires pour servir à l'histoire de notre tems. Volume 1 / 	Moreau, Jacob-Nicolas (1717-1804). Auteur du texte	given-name mismatch
reject	moreau-abel-1893-01-08	https://gallica.bnf.fr/ark:/12148/bpt6k6544717f	Mémoires pour servir à l'histoire de notre tems. Volume 1 / 	Moreau, Jacob-Nicolas (1717-1804). Auteur du texte	given-name mismatch
reject	martin-hans-1886-11-09	https://gallica.bnf.fr/ark:/12148/bpt6k58416969	Mémoires de François Martin, fondateur de Pondichéry (1665-1	Martin, François (1634-1706). Auteur du texte	given-name mismatch
reject	martin-henri-1810-02-20	https://gallica.bnf.fr/ark:/12148/bpt6k58416969	Mémoires de François Martin, fondateur de Pondichéry (1665-1	Martin, François (1634-1706). Auteur du texte	given-name mismatch
reject	lacroix-francis-1895-11-29	https://gallica.bnf.fr/ark:/12148/bd6t5922620d	Mémoires curieux sur l'histoire des moeurs et de la prostitu	Lacroix, Paul (1806-1884). Auteur du texte	given-name mismatch
reject	bourgeois-pierre-1898-12-04	https://gallica.bnf.fr/ark:/12148/bpt6k930999v	Derniers échos de la campagne de France dans la Brie champen	Bourgeois, Armand (1841-1911). Auteur du texte	given-name mismatch
accept	daudet-ernest-1837-05-31	https://gallica.bnf.fr/ark:/12148/bpt6k939253h	Histoire diplomatique de l'alliance franco-russe, 1873-1893 	Daudet, Ernest (1837-1921). Auteur du texte	creator+year+memoir-title
reject	fabre-emile-1869-03-24	https://gallica.bnf.fr/ark:/12148/bpt6k5657447s	Grande Kabylie : légendes et souvenirs / C. Fabre ; illustra	Fabre, Césaire (1858-1935). Auteur du texte	given-name mismatch
reject	fabre-ferdinand-1827-06-09	https://gallica.bnf.fr/ark:/12148/bpt6k5657447s	Grande Kabylie : légendes et souvenirs / C. Fabre ; illustra	Fabre, Césaire (1858-1935). Auteur du texte	given-name mismatch
reject	lacroix-francis-1895-11-29	https://gallica.bnf.fr/ark:/12148/bpt6k5664965s	Quand j'étais jeune, souvenirs d'un vieux, par Paul-L. Jacob	Lacroix, Paul (1806-1884). Auteur du texte	given-name mismatch
reject	ducasse-andre-1894-07-23	https://gallica.bnf.fr/ark:/12148/bpt6k1417083v	Souvenirs d'un officier du 2e de zouaves / [par le général J	Du Casse, Albert (1813-1893). Auteur du texte	given-name mismatch
reject	lefevre-frederic-1889-05-07	https://gallica.bnf.fr/ark:/12148/bpt6k6119356x	Souvenirs de la conspiration de La Rochelle, dite des quatre	Lefèvre, Isidore-Simon (1796-1848). Auteur du texte	given-name mismatch
reject	halevy-daniel-1872-12-12	https://gallica.bnf.fr/ark:/12148/bpt6k220633w	Derniers souvenirs et portraits / par F. Halévy ; précédés d	Halévy, Fromental (1799-1862). Auteur du texte	given-name mismatch
reject	dujardin-edouard-1861-11-10	https://gallica.bnf.fr/ark:/12148/bpt6k102744s	Voyages aux Pyrénées ; Souvenirs du Midi par un homme du Nor	Dujardin, Victor (1830-1897). Auteur du texte	given-name mismatch
reject	dujardin-marie-chenou-1893-09-09	https://gallica.bnf.fr/ark:/12148/bpt6k102744s	Voyages aux Pyrénées ; Souvenirs du Midi par un homme du Nor	Dujardin, Victor (1830-1897). Auteur du texte	given-name mismatch
reject	durand-oswald-1888-02-09	https://gallica.bnf.fr/ark:/12148/bpt6k6305411n	Trois nouveaux mémoires sur l'action nerveuse : 1°recherches	Durand, François Auguste (1808-18..?). Auteur du texte	given-name mismatch
reject	ducasse-andre-1894-07-23	https://gallica.bnf.fr/ark:/12148/bpt6k63655478	Mémoires pour servir à l'hitoire de la campagne de 1812 en R	Du Casse, Albert (1813-1893). Auteur du texte	given-name mismatch
reject	leblanc-maurice-1864-12-11	https://gallica.bnf.fr/ark:/12148/bpt6k57748864	Mémoires de l'ouvrier François Leblanc, adjoint au maire de 	Leblanc, François (1819-1896). Auteur du texte	given-name mismatch
reject	bertrand-louis-1866-03-25	https://gallica.bnf.fr/ark:/12148/bpt6k57028640	Mémoires historiques sur les missions des ordres religieux e	Bertrand, Joseph (1801-1884). Auteur du texte	given-name mismatch
reject	albert-charles-daudet-1869-11-23	https://gallica.bnf.fr/ark:/12148/bpt6k2064267	Mémoires du duc de Luynes sur la Cour de Louis XV (1735-1758	Albert, Charles-Philippe d' (1695-1758). Auteur du texte	given-name mismatch
reject	lacroix-francis-1895-11-29	https://gallica.bnf.fr/ark:/12148/bpt6k9762172m	Un Professeur de rhétorique, notes et souvenirs sur M. le ch	Lacroix, Lucien (1855-1922). Auteur du texte	given-name mismatch
reject	lebrun-firmin-1802-02-27	https://gallica.bnf.fr/ark:/12148/bpt6k930790t	Souvenirs militaires 1866-1870 : préliminaires de la guerre,	Lebrun, Joseph (1809-1889). Auteur du texte	given-name mismatch
reject	lacretelle-jacques-1888-07-14	https://gallica.bnf.fr/ark:/12148/bpt6k97622274	Souvenirs du général Lacretelle (3e éd.) / publiés par Jacqu	Lacretelle, Charles Nicolas (1822-1891). Auteur du texte	given-name mismatch
reject	fabre-emile-1869-03-24	https://gallica.bnf.fr/ark:/12148/bpt6k63713785	Souvenirs entomologiques : études sur l'instinct et les moeu	Fabre, Jean-Henri (1823-1915). Auteur du texte	given-name mismatch
reject	fabre-ferdinand-1827-06-09	https://gallica.bnf.fr/ark:/12148/bpt6k63713785	Souvenirs entomologiques : études sur l'instinct et les moeu	Fabre, Jean-Henri (1823-1915). Auteur du texte	given-name mismatch
reject	fabre-emile-1869-03-24	https://gallica.bnf.fr/ark:/12148/bpt6k146098x	Souvenirs entomologiques... : études sur l'instinct et les m	Fabre, Jean-Henri (1823-1915). Auteur du texte	given-name mismatch
reject	fabre-ferdinand-1827-06-09	https://gallica.bnf.fr/ark:/12148/bpt6k146098x	Souvenirs entomologiques... : études sur l'instinct et les m	Fabre, Jean-Henri (1823-1915). Auteur du texte	given-name mismatch
accept	hermant-abel-1862-02-03	https://gallica.bnf.fr/ark:/12148/bpt6k828338	Souvenirs de la vie frivole : les spectacles de la rue, le b	Hermant, Abel (1862-1950). Auteur du texte	creator+year+memoir-title
accept	veuillot-louis-1813-10-11	https://gallica.bnf.fr/ark:/12148/bpt6k392051	Les français en Algérie : souvenirs d'un voyage fait en 1841	Veuillot, Louis (1813-1883). Auteur du texte	creator+year+memoir-title
reject	figuier-louis-1819-02-15	https://gallica.bnf.fr/ark:/12148/bd6t53938441c	Le Gardian de la Camargue, scènes et souvenirs des maremmes 	Figuier, Juliette (1829-1879). Auteur du texte	given-name mismatch
reject	raynal-paul-1885-07-25	https://gallica.bnf.fr/ark:/12148/bpt6k98181797	Mémoires historiques militaires et politiques de l'Europe, d	Raynal, Guillaume-Thomas (1713-1796). Auteur du texte	given-name mismatch
reject	dumesnil-rene-1879-06-19	https://gallica.bnf.fr/ark:/12148/bpt6k8709331p	Divers opuscules tirez des mémoires de M. Antoine Loisel, ..	Du Mesnil, Baptiste (1517-1569). Auteur du texte	given-name mismatch
reject	moreau-abel-1893-01-08	https://gallica.bnf.fr/ark:/12148/bpt6k6564112v	Mémoires pour servir à l'histoire de notre tems. Volume 1 / 	Moreau, Jacob-Nicolas (1717-1804). Auteur du texte	given-name mismatch
accept	houssaye-arsene-1814-03-28	https://gallica.bnf.fr/ark:/12148/bpt6k14139132	La confession de Caroline / Arsène Houssaye	Houssaye, Arsène (1814-1896). Auteur du texte	creator+year+memoir-title
reject	smith-tomaso-1886-06-15	https://gallica.bnf.fr/ark:/12148/bpt6k884520w	Frank, souvenirs d'une vie heureuse (3e édition) / par Mme P	Smith, Hannah Whitall (1832-1911). Auteur du texte	given-name mismatch
reject	simon-jules-1814-12-27	https://gallica.bnf.fr/ark:/12148/bpt6k54247480	Hier et aujourd'hui ou Souvenirs d'enfance du bon pays vendô	Simon, Édouard (1807-18..). Auteur du texte	given-name mismatch
reject	feydeau-georges-1862-12-08	https://gallica.bnf.fr/ark:/12148/bpt6k5544446x	Souvenirs d'une cocodette écrits par elle-même / [par Ernest	Feydeau, Ernest (1821-1873). Auteur du texte	given-name mismatch
reject	dumesnil-rene-1879-06-19	https://gallica.bnf.fr/ark:/12148/bpt6k6497479k	Corot : souvenirs intimes / par Henri Dumesnil ; avec un por	Dumesnil, Henri (1823-19..). Auteur du texte	given-name mismatch
reject	fabre-emile-1869-03-24	https://gallica.bnf.fr/ark:/12148/bpt6k15176531	Souvenirs entomologiques. Etudes sur l'instinct et les moeur	Fabre, Jean-Henri (1823-1915). Auteur du texte	given-name mismatch
reject	fabre-ferdinand-1827-06-09	https://gallica.bnf.fr/ark:/12148/bpt6k15176531	Souvenirs entomologiques. Etudes sur l'instinct et les moeur	Fabre, Jean-Henri (1823-1915). Auteur du texte	given-name mismatch
accept	janin-jules-1804-02-16	https://gallica.bnf.fr/ark:/12148/bpt6k103094m	Fontainebleau, paysages, légendes, souvenirs, fantaisies / p	Janin, Jules (1804-1874). Auteur du texte	creator+year+memoir-title
reject	bernard-charles-1804-02-25	https://gallica.bnf.fr/ark:/12148/bpt6k103094m	Fontainebleau, paysages, légendes, souvenirs, fantaisies / p	Bernard, Frédéric (1820-1868). Auteur du texte	given-name mismatch
reject	bernard-jean-1888-07-30	https://gallica.bnf.fr/ark:/12148/bpt6k103094m	Fontainebleau, paysages, légendes, souvenirs, fantaisies / p	Bernard, Frédéric (1820-1868). Auteur du texte	given-name mismatch
reject	bernard-tristan-1866-09-07	https://gallica.bnf.fr/ark:/12148/bpt6k103094m	Fontainebleau, paysages, légendes, souvenirs, fantaisies / p	Bernard, Frédéric (1820-1868). Auteur du texte	given-name mismatch
reject	desnoyers-louis-1802-02-23	https://gallica.bnf.fr/ark:/12148/bpt6k103094m	Fontainebleau, paysages, légendes, souvenirs, fantaisies / p	Desnoyers, Fernand (1828-1869). Auteur du texte	given-name mismatch
accept	houssaye-arsene-1814-03-28	https://gallica.bnf.fr/ark:/12148/bpt6k103094m	Fontainebleau, paysages, légendes, souvenirs, fantaisies / p	Houssaye, Arsène (1814-1896). Auteur du texte	creator+year+memoir-title
accept	tillier-claude-1801-04-11	https://gallica.bnf.fr/ark:/12148/bpt6k103094m	Fontainebleau, paysages, légendes, souvenirs, fantaisies / p	Tillier, Claude (1801-1844). Auteur du texte	creator+year+memoir-title
accept	vacquerie-auguste-1819-11-19	https://gallica.bnf.fr/ark:/12148/bpt6k103094m	Fontainebleau, paysages, légendes, souvenirs, fantaisies / p	Vacquerie, Auguste (1819-1895). Auteur du texte	creator+year+memoir-title
accept	monselet-charles-1825-04-30	https://gallica.bnf.fr/ark:/12148/bpt6k103094m	Fontainebleau, paysages, légendes, souvenirs, fantaisies / p	Monselet, Charles (1825-1888). Auteur du texte	creator+year+memoir-title
reject	le-bon-gustave-1841-05-07	https://gallica.bnf.fr/ark:/12148/bpt6k96819835	Souvenirs d'une ambassade extraordinaire au Japon / par M. l	Lebon, Georges (1845-1923). Auteur du texte	given-name mismatch
reject	faure-elie-1873-04-04	https://gallica.bnf.fr/ark:/12148/bpt6k65015844	Souvenirs du Nord, ou La guerre, la Russie et les Russes ou 	Faure, Raymond (1786-1850). Auteur du texte	given-name mismatch
reject	faure-gabriel-1877-05-15	https://gallica.bnf.fr/ark:/12148/bpt6k65015844	Souvenirs du Nord, ou La guerre, la Russie et les Russes ou 	Faure, Raymond (1786-1850). Auteur du texte	given-name mismatch
accept	hermant-abel-1862-02-03	https://gallica.bnf.fr/ark:/12148/bpt6k3410318j	Monsieur de Courpière marié (nouveaux souvenirs) : ouvrage i	Hermant, Abel (1862-1950). Auteur du texte	creator+year+memoir-title
accept	erckmann-emile-1822-05-20	https://gallica.bnf.fr/ark:/12148/bpt6k1228826	Souvenirs d'un ancien chef de chantier à l'isthme de Suez / 	Erckmann, Émile (1822-1899). Auteur du texte	creator+year+memoir-title
reject	faure-elie-1873-04-04	https://gallica.bnf.fr/ark:/12148/bpt6k5679771n	Souvenirs du Midi, ou l'Espagne telle qu'elle est sous ses p	Faure, Raymond (1786-1850). Auteur du texte	given-name mismatch
reject	faure-gabriel-1877-05-15	https://gallica.bnf.fr/ark:/12148/bpt6k5679771n	Souvenirs du Midi, ou l'Espagne telle qu'elle est sous ses p	Faure, Raymond (1786-1850). Auteur du texte	given-name mismatch
accept	le-goffic-charles-1863-07-14	https://gallica.bnf.fr/ark:/12148/bpt6k54612708	Poésies complètes : Amour breton, Le bois dormant, Le pardon	Le Goffic, Charles (1863-1932). Auteur du texte	creator+year+memoir-title
accept	marmier-xavier-1808-06-22	https://gallica.bnf.fr/ark:/12148/bpt6k10955124	Un été au bord de la Baltique et de la mer du Nord, souvenir	Marmier, Xavier (1808-1892). Auteur du texte	creator+year+memoir-title
reject	durand-oswald-1888-02-09	https://gallica.bnf.fr/ark:/12148/bpt6k6516674x	Mémoires sur Napoléon, l'impératrice Marie-Louise et la cour	Durand, Sophie (1772-1850). Auteur du texte	given-name mismatch
accept	claretie-jules-1840-12-03	https://gallica.bnf.fr/ark:/12148/bpt6k6365959v	La France envahie (juillet à septembre 1870) : Forbach et Se	Claretie, Jules (1840-1913). Auteur du texte	creator+year+memoir-title
accept	daudet-ernest-1837-05-31	https://gallica.bnf.fr/ark:/12148/bpt6k1172322k	Souvenirs et révélations. Histoire diplomatique de l'allianc	Daudet, Ernest (1837-1921). Auteur du texte	creator+year+memoir-title
reject	lefevre-frederic-1889-05-07	https://gallica.bnf.fr/ark:/12148/bpt6k63900131	Mémoires de l'Académie des sciences, inscriptions, belles-le	Lefèvre, André (1718-1768). Auteur du texte	given-name mismatch
reject	guerin-andre-1899-12-01	https://gallica.bnf.fr/ark:/12148/bpt6k5760097n	Essais sur la méthode sous-cutanée, comprenant deux mémoires	Guérin, Jules (1801-1886). Auteur du texte	given-name mismatch
reject	le-bon-gustave-1841-05-07	https://gallica.bnf.fr/ark:/12148/bpt6k6507577v	Souvenirs de l'armée de Metz : conférence faite au Cercle mi	Lebon, Georges (1845-1923). Auteur du texte	given-name mismatch
reject	bernard-charles-1804-02-25	https://gallica.bnf.fr/ark:/12148/bpt6k6583138b	Les d'Urfé souvenirs historiques et littéraires du Forez au 	Bernard, Auguste (1811-1868). Auteur du texte	given-name mismatch
reject	bernard-jean-1888-07-30	https://gallica.bnf.fr/ark:/12148/bpt6k6583138b	Les d'Urfé souvenirs historiques et littéraires du Forez au 	Bernard, Auguste (1811-1868). Auteur du texte	given-name mismatch
reject	bernard-tristan-1866-09-07	https://gallica.bnf.fr/ark:/12148/bpt6k6583138b	Les d'Urfé souvenirs historiques et littéraires du Forez au 	Bernard, Auguste (1811-1868). Auteur du texte	given-name mismatch
reject	lenormand-henri-1882-05-03	https://gallica.bnf.fr/ark:/12148/bpt6k6150597v	Anniversaire de la mort de l'impératrice Joséphine . Par Mll	Le Normand, Marie-Anne Adélaïde (1772-1843). Auteur du texte	given-name mismatch
accept	simon-jules-1814-12-27	https://gallica.bnf.fr/ark:/12148/bpt6k24328j	Souvenirs du 4 septembre : Origine et chute du Second Empire	Simon, Jules (1814-1896). Auteur du texte	creator+year+memoir-title
reject	ridder-alfons-1882-05-07	https://gallica.bnf.fr/ark:/12148/bpt6k1092638s	Le Chemin de fer belge, ou Recueil des mémoires et devis pou	Ridder, Gustave Nicolas Joseph de (1795-1862). Auteur du tex	given-name mismatch
reject	martin-hans-1886-11-09	https://gallica.bnf.fr/ark:/12148/bpt6k6492071b	La bataille et la retraite de Leipzig : extrait des souvenir	Martin, Jacques (1794-1874). Auteur du texte	given-name mismatch
reject	martin-henri-1810-02-20	https://gallica.bnf.fr/ark:/12148/bpt6k6492071b	La bataille et la retraite de Leipzig : extrait des souvenir	Martin, Jacques (1794-1874). Auteur du texte	given-name mismatch
reject	petit-henri-1900-02-23	https://gallica.bnf.fr/ark:/12148/bpt6k6372455t	Louis Bertrand, souvenirs de Dijon : lecture faite à l'Acadé	Petit, Auguste (1808-1886). Auteur du texte	given-name mismatch
accept	fleuriot-zenaide-1829-10-28	https://gallica.bnf.fr/ark:/12148/bpt6k56853556	Papillonne : souvenirs de jeunesse d'un vieux campagnard (4e	Fleuriot, Zénaïde (1829-1890). Auteur du texte	creator+year+memoir-title
reject	launay-pierre-jean-1900-12-27	https://gallica.bnf.fr/ark:/12148/bpt6k374571q	Les sauvages Ba-Hnars (Cochinchine orientale) : souvenirs d'	Launay, Adrien (1853-1927). Auteur du texte	given-name mismatch
reject	schlumberger-jean-1877-05-26	https://gallica.bnf.fr/ark:/12148/bpt6k2413678	Les îles des princes ; Le palais et l'église des Blachernes 	Schlumberger, Gustave (1844-1929). Auteur du texte	given-name mismatch
reject	lecomte-georges-1867-07-09	https://gallica.bnf.fr/ark:/12148/bpt6k6387725j	Souvenirs de la campagne du Nord (1870-1871). Partie 1 / par	Lecomte, Maxime (1846-1914). Auteur du texte	given-name mismatch
accept	souvestre-emile-1806-04-15	https://gallica.bnf.fr/ark:/12148/bpt6k58428361	Souvenirs d'un vieillard, la dernière étape, par Émile Souve	Souvestre, Émile (1806-1854). Auteur du texte	creator+year+memoir-title
reject	moreau-abel-1893-01-08	https://gallica.bnf.fr/ark:/12148/bpt6k6546169q	Souvenirs de la Petite et de la Grande Roquette. Tome 1 / re	Moreau, Georges (1842-1897). Auteur du texte	given-name mismatch
reject	moreau-abel-1893-01-08	https://gallica.bnf.fr/ark:/12148/bpt6k379458r	Souvenirs de la Petite et de la Grande Roquette : recueillis	Moreau, Georges (1842-1897). Auteur du texte	given-name mismatch
accept	feval-paul-1816-09-29	https://gallica.bnf.fr/ark:/12148/bpt6k6365347k	Madame Gil Blas : souvenirs et aventures d'une femme de notr	Féval, Paul (1816-1887). Auteur du texte	creator+year+memoir-title
reject	lenormand-henri-1882-05-03	https://gallica.bnf.fr/ark:/12148/bpt6k1523498z	Les Souvenirs prophétiques d'une sibylle sur les causes secr	Le Normand, Marie-Anne Adélaïde (1772-1843). Auteur du texte	given-name mismatch
reject	moreau-abel-1893-01-08	https://gallica.bnf.fr/ark:/12148/bpt6k922465	Souvenirs d'un gouverneur de la Banque de France : histoire 	Moreau, É́mile (1868-1950). Auteur du texte	given-name mismatch
reject	morand-paul-1888-03-13	https://gallica.bnf.fr/ark:/12148/bpt6k1069698d	Mémoires sur la nature, les effets, propriétés, &amp; avanta	Morand, Jean-François-Clément (1726-1784). Auteur du texte	given-name mismatch
accept	curel-francois-1854-06-10	https://gallica.bnf.fr/ark:/12148/bpt6k5835757h	Théâtre complet. Tome 2 / François de Curel,... ; textes rem	Curel, François de (1854-1928). Auteur du texte	creator+year+memoir-title
accept	curel-francois-1854-06-10	https://gallica.bnf.fr/ark:/12148/bpt6k299292h	Théâtre complet : textes remaniés par l'auteur avec l'histor	Curel, François de (1854-1928). Auteur du texte	creator+year+memoir-title
reject	tardieu-charles-1838-02-09	https://gallica.bnf.fr/ark:/12148/bpt6k1161626	Les voyages à travers l'Europe et l'Afrique d'un archéologue	Tardieu, Ambroise (1840-1912). Auteur du texte	given-name mismatch
reject	leroy-beaulieu-anatole-1842-02-12	https://gallica.bnf.fr/ark:/12148/bpt6k1040267	Des causes qui influent sur le taux de l'intérêt et des cons	Leroy-Beaulieu, Paul (1843-1916). Auteur du texte	given-name mismatch
reject	guerin-andre-1899-12-01	https://gallica.bnf.fr/ark:/12148/bpt6k36685w	La Terre sainte. [Première partie] : son histoire, ses souve	Guérin, Victor (1821-1891). Auteur du texte	given-name mismatch
reject	hermant-abel-1862-02-03	https://gallica.bnf.fr/ark:/12148/bpt6k1231918	Mémoires de Godefroi Hermant, docteur de Sorbonne, chanoine 	Hermant, Godefroi (1617-1690). Auteur du texte	given-name mismatch
reject	cohen-gustave-1879-12-24	https://gallica.bnf.fr/ark:/12148/bpt6k6257810c	Collection des meilleures dissertations, notices et traités 	Cohen, Jean (1781-1848). Auteur du texte	given-name mismatch
reject	cohen-joseph-1886-01-02	https://gallica.bnf.fr/ark:/12148/bpt6k6257810c	Collection des meilleures dissertations, notices et traités 	Cohen, Jean (1781-1848). Auteur du texte	given-name mismatch
reject	cohen-gustave-1879-12-24	https://gallica.bnf.fr/ark:/12148/bpt6k62575429	Collection des meilleures dissertations, notices et traités 	Cohen, Jean (1781-1848). Auteur du texte	given-name mismatch
reject	cohen-joseph-1886-01-02	https://gallica.bnf.fr/ark:/12148/bpt6k62575429	Collection des meilleures dissertations, notices et traités 	Cohen, Jean (1781-1848). Auteur du texte	given-name mismatch
accept	claretie-jules-1840-12-03	https://gallica.bnf.fr/ark:/12148/bpt6k6377216k	La canne de M. Michelet : promenades et souvenirs / Jules Cl	Claretie, Jules (1840-1913). Auteur du texte	creator+year+memoir-title
reject	sainte-beuve-charles-1804-12-23	https://gallica.bnf.fr/ark:/12148/bpt6k35406z	Souvenirs et indiscrétions. Le dîner du vendredi-saint (Nouv	Sainte-Beuve, Charles-Augustin (1804-1869). Auteur du texte	given-name mismatch
reject	raynal-paul-1885-07-25	https://gallica.bnf.fr/ark:/12148/bpt6k98188342	Mémoires historiques, militaires et politiques de l'Europe, 	Raynal, Guillaume-Thomas (1713-1796). Auteur du texte	given-name mismatch
accept	daudet-ernest-1837-05-31	https://gallica.bnf.fr/ark:/12148/bpt6k91293f	Daniel de Kerfons : confession d'un homme du monde / Ernest 	Daudet, Ernest (1837-1921). Auteur du texte	creator+year+memoir-title
reject	leblanc-maurice-1864-12-11	https://gallica.bnf.fr/ark:/12148/bpt6k82272h	Les voyages fameux du Sieur Vincent Le Blanc marseillois , q	Le Blanc, Vincent (1554-1640? ; voyageur marseillais). Auteu	given-name mismatch
reject	martin-hans-1886-11-09	https://gallica.bnf.fr/ark:/12148/bpt6k64645s	Mélanges d'archéologie, d'histoire et de littérature : colle	Martin, Arthur (1801-1856). Auteur du texte	given-name mismatch
reject	martin-henri-1810-02-20	https://gallica.bnf.fr/ark:/12148/bpt6k64645s	Mélanges d'archéologie, d'histoire et de littérature : colle	Martin, Arthur (1801-1856). Auteur du texte	given-name mismatch
reject	reynaud-jean-1806-02-14	https://gallica.bnf.fr/ark:/12148/bpt6k63669773	Journal de marche du 27e mobiles, Isère : souvenirs de l'arm	Reynaud, Jean (1847-....). Auteur du texte	year mismatch (1847 vs 1806)
reject	allard-maurice-1860-05-01	https://gallica.bnf.fr/ark:/12148/bpt6k990734q	Souvenirs littéraires de l'institution de Notre-Dame-des-Cou	Allard, Julien S. (1815-1887). Auteur du texte	given-name mismatch
accept	daudet-ernest-1837-05-31	https://gallica.bnf.fr/ark:/12148/bpt6k64972134	Daniel de Kerfons : confession d'un homme du monde. Tome 1 /	Daudet, Ernest (1837-1921). Auteur du texte	creator+year+memoir-title
reject	faure-elie-1873-04-04	https://gallica.bnf.fr/ark:/12148/bpt6k5586669b	Souvenirs de la Roquette : au pied de l'échafaud / par l'abb	Faure, Jean-Baptiste (1833-1892). Auteur du texte	given-name mismatch
reject	faure-gabriel-1877-05-15	https://gallica.bnf.fr/ark:/12148/bpt6k5586669b	Souvenirs de la Roquette : au pied de l'échafaud / par l'abb	Faure, Jean-Baptiste (1833-1892). Auteur du texte	given-name mismatch
accept	feuillet-octave-1821-08-11	https://gallica.bnf.fr/ark:/12148/bpt6k6181267t	Les souvenirs de jeunesse : comédie mêlée de couplets, en qu	Feuillet, Octave (1821-1890). Auteur du texte	creator+year+memoir-title
reject	petit-henri-1900-02-23	https://gallica.bnf.fr/ark:/12148/bpt6k166669m	Mon voyage au Soudan français de Dakar (Sénégal), à Conakry 	Petit, André (1853-1936). Auteur du texte	given-name mismatch
reject	tardieu-charles-1838-02-09	https://gallica.bnf.fr/ark:/12148/bpt6k76971v	Question médico-légale de l'identité dans ses rapports avec 	Tardieu, Ambroise (1818-1879). Auteur du texte	given-name mismatch
reject	martin-hans-1886-11-09	https://gallica.bnf.fr/ark:/12148/bpt6k5865119k	Relation concernant les événemens qui sont arrivés à Thomas 	Martin, Thomas (1783-1834 ; de Gallardon). Auteur du texte	given-name mismatch
reject	martin-henri-1810-02-20	https://gallica.bnf.fr/ark:/12148/bpt6k5865119k	Relation concernant les événemens qui sont arrivés à Thomas 	Martin, Thomas (1783-1834 ; de Gallardon). Auteur du texte	given-name mismatch
accept	janin-jules-1804-02-16	https://gallica.bnf.fr/ark:/12148/bpt6k55310040	La confession. Tome 1 / par l'auteur de "L'âne mort et la fe	Janin, Jules (1804-1874). Auteur du texte	creator+year+memoir-title
reject	lacroix-francis-1895-11-29	https://gallica.bnf.fr/ark:/12148/bpt6k56612411	Simples récits : Un valet d'autrefois ; Le secret de la conf	Lacroix, Paul (1806-1884). Auteur du texte	given-name mismatch
reject	margueritte-victor-1866-12-01	https://gallica.bnf.fr/ark:/12148/bpt6k9685218d	L'avril ; La confession posthume / Paul Margueritte ; illust	Margueritte, Paul (1860-1918). Auteur du texte	given-name mismatch
reject	durand-oswald-1888-02-09	https://gallica.bnf.fr/ark:/12148/bd6t57840026	Voyage au Sénégal, ou Mémoires historiques, philosophiques e	Durand, Jean-Baptiste-Léonard (1742-1812). Auteur du texte	given-name mismatch
reject	feydeau-georges-1862-12-08	https://gallica.bnf.fr/ark:/12148/bpt6k10575666	Souvenirs d'une cocodette (Édition non adoucie, illustrée d'	Feydeau, Ernest (1821-1873). Auteur du texte	given-name mismatch
reject	sainte-beuve-charles-1804-12-23	https://gallica.bnf.fr/ark:/12148/bpt6k97581741	Lettres et souvenirs d'enseignement d'Eugène Gandar, publiés	Sainte-Beuve, Charles-Augustin (1804-1869). Auteur du texte	given-name mismatch
reject	moreau-abel-1893-01-08	https://gallica.bnf.fr/ark:/12148/bpt6k1424941z	Mes souvenirs, par Jacob-Nicolas Moreau, né en 1717, mort en	Moreau, Jacob-Nicolas (1717-1804). Auteur du texte	given-name mismatch
reject	droz-gustave-1832-06-09	https://gallica.bnf.fr/ark:/12148/bd6t542084553	Mémoires pour servir à l'histoire de la ville de Pontarlier 	Droz, François-Nicolas-Eugène (1735-1805). Auteur du texte	given-name mismatch
reject	roux-francois-1897-03-09	https://gallica.bnf.fr/ark:/12148/bpt6k29598g	Édouard Schuré : son oeuvre et sa pensée / Alphonse Roux et 	Roux, Alphonse (1874-1937). Auteur du texte	given-name mismatch
accept	schure-edouard-1841-01-21	https://gallica.bnf.fr/ark:/12148/bpt6k29598g	Édouard Schuré : son oeuvre et sa pensée / Alphonse Roux et 	Schuré, Édouard (1841-1929). Auteur du texte	creator+year+memoir-title
reject	martin-hans-1886-11-09	https://gallica.bnf.fr/ark:/12148/bpt6k61287531	Relation concernant les événemens qui sont arrivés à Thomas 	Martin, Thomas (1783-1834 ; de Gallardon). Auteur du texte	given-name mismatch
reject	martin-henri-1810-02-20	https://gallica.bnf.fr/ark:/12148/bpt6k61287531	Relation concernant les événemens qui sont arrivés à Thomas 	Martin, Thomas (1783-1834 ; de Gallardon). Auteur du texte	given-name mismatch
reject	leblanc-maurice-1864-12-11	https://gallica.bnf.fr/ark:/12148/bpt6k87030326	Les voyages fameux du Sieur Vincent Le Blanc marseillois, qu	Le Blanc, Vincent (1554-1640? ; voyageur marseillais). Auteu	given-name mismatch
reject	morand-paul-1888-03-13	https://gallica.bnf.fr/ark:/12148/bpt6k4220070g	Traité des accouchemens , contenant des observations importa	Morand, Sauveur-François (1697-1773). Auteur du texte	given-name mismatch
accept	paulhan-frederic-1856-04-21	https://gallica.bnf.fr/ark:/12148/bpt6k113274s	La fonction de la mémoire et le souvenir affectif / par Fr. 	Paulhan, Frédéric (1856-1931). Auteur du texte	creator+year+memoir-title
reject	paulhan-jean-1884-12-02	https://gallica.bnf.fr/ark:/12148/bpt6k113274s	La fonction de la mémoire et le souvenir affectif / par Fr. 	Paulhan, Frédéric (1856-1931). Auteur du texte	given-name mismatch
accept	reclus-elisee-1830-03-15	https://gallica.bnf.fr/ark:/12148/bpt6k326247c	Souvenir du 14 octobre : communication personnelle	Reclus, Élisée (1830-1905). Auteur du texte	creator+year+memoir-title
accept	houssaye-arsene-1814-03-28	https://gallica.bnf.fr/ark:/12148/bpt6k54424232	Les mille et une nuits parisiennes. La Confession de Carolin	Houssaye, Arsène (1814-1896). Auteur du texte	creator+year+memoir-title
reject	fuchs-helene-1893-01-04	https://gallica.bnf.fr/ark:/12148/bpt6k15050940	Étude de l'extrémité nord du bassin houiller d'Alais, conces	Fuchs, Edmond (1837-1889). Auteur du texte	given-name mismatch
reject	le-bon-gustave-1841-05-07	https://gallica.bnf.fr/ark:/12148/bpt6k5788916b	Mémoire sur les forestiers de Flandre	Lebon, Philippe Maurice (1770-1837). Auteur du texte	given-name mismatch
reject	perier-gaston-1879-02-07	https://gallica.bnf.fr/ark:/12148/bpt6k6410547k	Mémoire sur la machine de Marly	Périer, Jacques-Constantin (1742-1818). Auteur du texte	given-name mismatch
reject	durand-oswald-1888-02-09	https://gallica.bnf.fr/ark:/12148/bpt6k5462775c	Mémoire sur les fièvres intermittentes , par M. Durand,...	Durand, Jean Antoine (1745-1822). Auteur du texte	given-name mismatch
reject	perier-gaston-1879-02-07	https://gallica.bnf.fr/ark:/12148/bpt6k1265800m	Mémoire sur la machine de Marly. [Signé : Périer.]	Périer, Jacques-Constantin (1742-1818). Auteur du texte	given-name mismatch
reject	baillon-andre-1875-04-27	https://gallica.bnf.fr/ark:/12148/bpt6k11650812	Mémoire sur les loranthacées / par M. H. Baillon	Baillon, Henri (1827-1895). Auteur du texte	given-name mismatch
reject	audiat-pierre-1891-11-15	https://gallica.bnf.fr/ark:/12148/bpt6k54768401	Crazannes : souvenir du 19 mai 1874 / par Louis Audiat	Audiat, Louis (1832-1903). Auteur du texte	given-name mismatch
reject	silvestre-charles-1889-02-02	https://gallica.bnf.fr/ark:/12148/bpt6k5467922g	La gloire du souvenir : poème d'amour / Armand Silvestre	Silvestre, Armand (1837-1901). Auteur du texte	given-name mismatch
reject	belot-gustave-1859-08-07	https://gallica.bnf.fr/ark:/12148/bpt6k5785874h	L'Habitude et le souvenir, histoire parisienne / Adolphe Bel	Belot, Adolphe (1829-1890). Auteur du texte	given-name mismatch
reject	faure-elie-1873-04-04	https://gallica.bnf.fr/ark:/12148/bpt6k994304j	Mémoire sur les prairies artificielles , par E. L. Faure,...	Faure, Louis-Étienne (1759-1850). Auteur du texte	given-name mismatch
reject	faure-gabriel-1877-05-15	https://gallica.bnf.fr/ark:/12148/bpt6k994304j	Mémoire sur les prairies artificielles , par E. L. Faure,...	Faure, Louis-Étienne (1759-1850). Auteur du texte	given-name mismatch
reject	mignet-auguste-1796-05-08	https://gallica.bnf.fr/ark:/12148/bpt6k425213r	Outrage de la censure à la mémoire de Manuel	Mignet, François-Auguste Alexis (1796-1884). Auteur du texte	given-name mismatch
reject	moreau-abel-1893-01-08	https://gallica.bnf.fr/ark:/12148/bpt6k838027	Nouveau mémoire pour servir a l'histoire des Cacouacs	Moreau, Jacob-Nicolas (1717-1804). Auteur du texte	given-name mismatch
reject	simon-jules-1814-12-27	https://gallica.bnf.fr/ark:/12148/bpt6k5408023f	Mémoire sur les maladies scrofuleuses / par le Dr Léon Simon	Simon, Léon (1798-1867). Auteur du texte	given-name mismatch
accept	ribot-theodule-1839-12-18	https://gallica.bnf.fr/ark:/12148/bpt6k255891x	Les maladies de la mémoire (18e édition) / par Th. Ribot,...	Ribot, Théodule (1839-1916). Auteur du texte	creator+year+memoir-title
reject	belot-gustave-1859-08-07	https://gallica.bnf.fr/ark:/12148/bpt6k5619168f	Deux Femmes. L'Habitude et le souvenir. La Comtesse Emma / A	Belot, Adolphe (1829-1890). Auteur du texte	given-name mismatch
reject	martin-hans-1886-11-09	https://gallica.bnf.fr/ark:/12148/bpt6k5727116m	Échos d'une voix solitaire : souvenir de Pierre Martin,... à	Martin, Pierre (1793-1864). Auteur du texte	given-name mismatch
reject	martin-henri-1810-02-20	https://gallica.bnf.fr/ark:/12148/bpt6k5727116m	Échos d'une voix solitaire : souvenir de Pierre Martin,... à	Martin, Pierre (1793-1864). Auteur du texte	given-name mismatch
reject	martin-hans-1886-11-09	https://gallica.bnf.fr/ark:/12148/bpt6k5786438k	Mémoire sur l'étiologie du piedbot, par Ferdinand Martin,...	Martin, Ferdinand (1795-1866). Auteur du texte	given-name mismatch
reject	martin-henri-1810-02-20	https://gallica.bnf.fr/ark:/12148/bpt6k5786438k	Mémoire sur l'étiologie du piedbot, par Ferdinand Martin,...	Martin, Ferdinand (1795-1866). Auteur du texte	given-name mismatch
reject	bazin-rene-1853-12-26	https://gallica.bnf.fr/ark:/12148/bpt6k97863315	Mémoire sur les principes généraux du chinois vulgaire / par	Bazin, Antoine-Pierre-Louis (1799-1862). Auteur du texte	given-name mismatch
reject	gide-charles-1847-06-28	https://gallica.bnf.fr/ark:/12148/bd6t54190092r	Si le grain ne meurt... Souvenir d'enfance et de jeunesse / 	Gide, André (1869-1951). Auteur du texte	given-name mismatch
reject	duguet-xavier-1895-08-27	https://gallica.bnf.fr/ark:/12148/bpt6k1505368j	Mémoire sur le spirituel de la mission des FF. Prêcheurs à S	Duguet, Charles Damien (1749-....). Auteur du texte	given-name mismatch
reject	faure-elie-1873-04-04	https://gallica.bnf.fr/ark:/12148/bpt6k9482646	Tracé de Villedaigne à Narbonne par Montredon : mémoire adre	Faure, Hippolyte (1811-1897). Auteur du texte	given-name mismatch
reject	faure-gabriel-1877-05-15	https://gallica.bnf.fr/ark:/12148/bpt6k9482646	Tracé de Villedaigne à Narbonne par Montredon : mémoire adre	Faure, Hippolyte (1811-1897). Auteur du texte	given-name mismatch
accept	courteline-georges-1858-06-25	https://gallica.bnf.fr/ark:/12148/bpt6k66064w	Margot ; [Un souvenir du siège] / Georges Courteline ; illus	Courteline, Georges (1858-1929). Auteur du texte	creator+year+memoir-title
reject	roux-francois-1897-03-09	https://gallica.bnf.fr/ark:/12148/bpt6k5620957w	Mémoire sur la staphyloraphie, ou suture du voile du palais,	Roux, Philibert-Joseph (1780-1854). Auteur du texte	given-name mismatch
accept	bailly-jules-1832-12-13	https://gallica.bnf.fr/ark:/12148/bpt6k54933524	A la mémoire de Maria-Philomène Preud'homme : 19 avril 1860 	Bailly, Jules (1832-1896). Auteur du texte	creator+year+memoir-title
reject	bailly-jules-1832-12-13	https://gallica.bnf.fr/ark:/12148/bd6t5369453m	Mémoire sur la meilleure manière d'éclairer pendant les nuit	Bailly, Jean Sylvain (1736-1793). Auteur du texte	given-name mismatch
reject	lacretelle-jacques-1888-07-14	https://gallica.bnf.fr/ark:/12148/bpt6k92113x	Mémoire sur l'institution des Bureaux des finances et l'util	Lacretelle, Pierre-Louis (1751-1824). Auteur du texte	given-name mismatch
reject	martin-hans-1886-11-09	https://gallica.bnf.fr/ark:/12148/bpt6k282496	Daniel Manin. précédé d'"Un Souvenir de Manin" (2e édition) 	Martin, Henri (1810-1883). Auteur du texte	given-name mismatch
accept	martin-henri-1810-02-20	https://gallica.bnf.fr/ark:/12148/bpt6k282496	Daniel Manin. précédé d'"Un Souvenir de Manin" (2e édition) 	Martin, Henri (1810-1883). Auteur du texte	creator+year+memoir-title
reject	bertrand-louis-1866-03-25	https://gallica.bnf.fr/ark:/12148/bpt6k6373094v	Mémoire sur la topographie médicale du département du Puy-de	Bertrand, Charles Alexandre Hippolyte Amable (1777-1849). Au	given-name mismatch
reject	moreau-abel-1893-01-08	https://gallica.bnf.fr/ark:/12148/bpt6k58248860	Mémoire sur le traitement des hallucinations par le Datura s	Moreau, Jacques-Joseph (1804-1884). Auteur du texte	given-name mismatch
reject	houssaye-arsene-1814-03-28	https://gallica.bnf.fr/ark:/12148/bpt6k54275984	Mémoire pour six mille pétitionnaires qu'on empêche d'avoir 	Houssaye, Edouard (1829-18..?). Auteur du texte	given-name mismatch
reject	riviere-jacques-1886-07-15	https://gallica.bnf.fr/ark:/12148/bpt6k8510597	Mémoire minéralogique et géologique sur les roches dioritiqu	Rivière, Alphonse-Auguste (1805-1877). Auteur du texte	given-name mismatch
reject	reynaud-jean-1806-02-14	https://gallica.bnf.fr/ark:/12148/bpt6k1269518h	Mémoire sur l'éclairage et le balisage des côtes de France /	Reynaud, Léonce (1803-1880). Auteur du texte	given-name mismatch
reject	paris-gaston-1839-08-09	https://gallica.bnf.fr/ark:/12148/bd6t54202849w	Nouvelles recherches sur l'auteur du Songe du vergier. Premi	Paris, Paulin (1800-1881). Auteur du texte	given-name mismatch
reject	martin-hans-1886-11-09	https://gallica.bnf.fr/ark:/12148/bpt6k1417745k	Madame Geoffrin chez le roi de Pologne Stanislas Auguste , m	Martin, Marietta (1902-1944). Auteur du texte	given-name mismatch
reject	martin-henri-1810-02-20	https://gallica.bnf.fr/ark:/12148/bpt6k1417745k	Madame Geoffrin chez le roi de Pologne Stanislas Auguste , m	Martin, Marietta (1902-1944). Auteur du texte	given-name mismatch
reject	guilloux-louis-1899-01-15	https://gallica.bnf.fr/ark:/12148/bpt6k6370977h	A la mémoire de messire Amédée de Savignhac : au profit de l	Guilloux, Alexis Jean Marie (1819-1885). Auteur du texte	given-name mismatch
reject	renard-jules-1864-02-22	https://gallica.bnf.fr/ark:/12148/bpt6k6518703t	Mémoire en forme d'introduction pour servir à l'histoire de 	Renard, Athanase (1796-1875). Auteur du texte	given-name mismatch
reject	briquet-georges-1898-02-05	https://gallica.bnf.fr/ark:/12148/bpt6k5496236m	Recherches sur l'étiologie des tubercules : mémoire lu à la 	Briquet, Pierre (1796-1881). Auteur du texte	given-name mismatch
reject	comte-auguste-1798-01-19	https://gallica.bnf.fr/ark:/12148/bpt6k6108700b	Mémoire adressé à la chambre d'accusation de la Cour royale 	Comte, Charles (1782-1837). Auteur du texte	given-name mismatch
reject	desnoyers-louis-1802-02-23	https://gallica.bnf.fr/ark:/12148/bpt6k34120347	Rapport sur le mémoire de M. Huet Jeanne d'Arc dans la musiq	Desnoyers, Edmond (1805-1902). Auteur du texte	given-name mismatch
reject	simon-jules-1814-12-27	https://gallica.bnf.fr/ark:/12148/bpt6k881401f	Arachnides recueillis par Mr. G. Potanine en Chine et en Mon	Simon, Eugène (1848-1924). Auteur du texte	given-name mismatch
reject	schlumberger-jean-1877-05-26	https://gallica.bnf.fr/ark:/12148/bpt6k62780626	Nouveau mémoire sur l'utilité du canal des houillères de la 	Schlumberger, Jules-Albert (1804-1892). Auteur du texte	given-name mismatch
reject	le-roy-edouard-1870-06-18	https://gallica.bnf.fr/ark:/12148/bpt6k1506377t	Memoire sur l'horlogerie , contenant diverses remarques sur 	Le Roy, Pierre (1717-1785). Auteur du texte	given-name mismatch
reject	le-roy-eugene-1836-11-29	https://gallica.bnf.fr/ark:/12148/bpt6k1506377t	Memoire sur l'horlogerie , contenant diverses remarques sur 	Le Roy, Pierre (1717-1785). Auteur du texte	given-name mismatch
reject	leroy-pierre-1900-08-24	https://gallica.bnf.fr/ark:/12148/bpt6k1506377t	Memoire sur l'horlogerie , contenant diverses remarques sur 	Le Roy, Pierre (1717-1785). Auteur du texte	year mismatch (1717 vs 1900)
reject	lacordaire-jean-1802-05-12	https://gallica.bnf.fr/ark:/12148/bpt6k6454631d	Mémoire pour le rétablissement en France de l'ordre des Frèr	Lacordaire, Henri-Dominique (1802-1861). Auteur du texte	given-name mismatch
reject	perier-gaston-1879-02-07	https://gallica.bnf.fr/ark:/12148/bd6t54355464r	Mémoire pour servir à l'étude du dolercyl , suivi de notes s	Périer, Gilberte (1620-1687). Auteur du texte	given-name mismatch
reject	bourgeois-pierre-1898-12-04	https://gallica.bnf.fr/ark:/12148/bpt6k6495042j	Souvenir au R. P. Chauveau S. J. au nom de l'ouvroir des rel	Bourgeois, Thomas (1841-1907). Auteur du texte	given-name mismatch
reject	silvestre-charles-1889-02-02	https://gallica.bnf.fr/ark:/12148/bpt6k5460017w	Poésies de Armand Silvestre, 1866-1872. [Préface de George S	Silvestre, Armand (1837-1901). Auteur du texte	given-name mismatch
reject	croisset-francois-1876-01-22	https://gallica.bnf.fr/ark:/12148/bpt6k164644g	Le souvenir de Robert de Flers / Francis de Croisset. Les pr	Croisset, Francis de (1877-1937). Auteur du texte	given-name mismatch
reject	croisset-francois-1876-01-22	https://gallica.bnf.fr/ark:/12148/bpt6k164644g	Le souvenir de Robert de Flers / Francis de Croisset. Les pr	Croisset, Francis de (1877-1937). Auteur du texte	given-name mismatch
accept	flers-robert-1872-11-25	https://gallica.bnf.fr/ark:/12148/bpt6k164644g	Le souvenir de Robert de Flers / Francis de Croisset. Les pr	Flers, Robert de (1872-1927). Auteur du texte	creator+year+memoir-title
reject	martin-hans-1886-11-09	https://gallica.bnf.fr/ark:/12148/bpt6k57863639	Mémoire sur une nouvelle méthode de traitement des fractures	Martin, Ferdinand (1795-1866). Auteur du texte	given-name mismatch
reject	martin-henri-1810-02-20	https://gallica.bnf.fr/ark:/12148/bpt6k57863639	Mémoire sur une nouvelle méthode de traitement des fractures	Martin, Ferdinand (1795-1866). Auteur du texte	given-name mismatch
reject	lacroix-francis-1895-11-29	https://gallica.bnf.fr/ark:/12148/bpt6k6291073c	Mémoire pour le sieur Pierre-Paul Sirven, feudiste, habitant	Lacroix, Pierre-Firmin de (1732-1786). Auteur du texte	given-name mismatch
reject	lacroix-francis-1895-11-29	https://gallica.bnf.fr/ark:/12148/bpt6k97605746	Le granite des Pyrénées et ses phénomènes de contact (premie	Lacroix, Alfred (1863-1948). Auteur du texte	given-name mismatch
reject	roux-francois-1897-03-09	https://gallica.bnf.fr/ark:/12148/bpt6k58355216	Formulaire aide-mémoire de la Faculté de médecine et des méd	Roux, Fernand (1853-19..). Auteur du texte	given-name mismatch
reject	martin-hans-1886-11-09	https://gallica.bnf.fr/ark:/12148/bpt6k6551728k	Note de M. Th.-H. Martin sur la théorie des parallèles, à l'	Martin, Thomas-Henri (1813-1884). Auteur du texte	given-name mismatch
reject	martin-henri-1810-02-20	https://gallica.bnf.fr/ark:/12148/bpt6k6551728k	Note de M. Th.-H. Martin sur la théorie des parallèles, à l'	Martin, Thomas-Henri (1813-1884). Auteur du texte	given-name mismatch
reject	faure-elie-1873-04-04	https://gallica.bnf.fr/ark:/12148/bpt6k11644406	La loi des ports et La Nouvelle : mémoire adressé à M. le mi	Faure, Hippolyte (1811-1897). Auteur du texte	given-name mismatch
reject	faure-gabriel-1877-05-15	https://gallica.bnf.fr/ark:/12148/bpt6k11644406	La loi des ports et La Nouvelle : mémoire adressé à M. le mi	Faure, Hippolyte (1811-1897). Auteur du texte	given-name mismatch
reject	martin-hans-1886-11-09	https://gallica.bnf.fr/ark:/12148/bpt6k5797065p	Académie impériale de Reims. Étude sur Linguet, par M. Henry	Martin, Henri (1810-1883). Auteur du texte	given-name mismatch
accept	martin-henri-1810-02-20	https://gallica.bnf.fr/ark:/12148/bpt6k5797065p	Académie impériale de Reims. Étude sur Linguet, par M. Henry	Martin, Henri (1810-1883). Auteur du texte	creator+year+memoir-title
reject	vogue-eugene-1848-02-25	https://gallica.bnf.fr/ark:/12148/bpt6k937014b	Mémoire sur l'amélioration des terres de Boucard et d'Aubign	Vogüé, Léonce-Louis-Melchior (1805-1877 ; marquis de). Auteu	given-name mismatch
reject	martin-hans-1886-11-09	https://gallica.bnf.fr/ark:/12148/bpt6k57862399	Premier mémoire sur le piedbot : lu à l'Académie royale de m	Martin, Ferdinand (1795-1866). Auteur du texte	given-name mismatch
reject	martin-henri-1810-02-20	https://gallica.bnf.fr/ark:/12148/bpt6k57862399	Premier mémoire sur le piedbot : lu à l'Académie royale de m	Martin, Ferdinand (1795-1866). Auteur du texte	given-name mismatch
reject	truc-gonzague-1877-11-15	https://gallica.bnf.fr/ark:/12148/bpt6k5463001z	Ataxie locomotrice et lésions cardiaques, leurs relations pa	Truc, Hermentaire (1856-1929). Auteur du texte	given-name mismatch
reject	roux-francois-1897-03-09	https://gallica.bnf.fr/ark:/12148/bpt6k165620j	Formulaire aide-mémoire de la Faculté de médecine et des méd	Roux, Fernand (1853-19..). Auteur du texte	given-name mismatch
reject	roux-francois-1897-03-09	https://gallica.bnf.fr/ark:/12148/bpt6k5834065b	Formulaire aide-mémoire de la Faculté de médecine et des méd	Roux, Fernand (1853-19..). Auteur du texte	given-name mismatch
accept	figuier-louis-1819-02-15	https://gallica.bnf.fr/ark:/12148/bpt6k97648873	Mémoire sur le ligneux et sur quelques produits qui lui sont	Figuier, Louis (1819-1894). Auteur du texte	creator+year+memoir-title
reject	guerin-andre-1899-12-01	https://gallica.bnf.fr/ark:/12148/bpt6k5723751w	Mémoire sur les caractères généraux du rachitisme : lu à l'A	Guérin, Jules (1801-1886). Auteur du texte	given-name mismatch
accept	feval-paul-1816-09-29	https://gallica.bnf.fr/ark:/12148/bpt6k6365022q	Madame Pistache / par Paul Féval, suivi de. [Un bal dans une	Féval, Paul (1816-1887). Auteur du texte	creator+year+memoir-title
reject	simon-jules-1814-12-27	https://gallica.bnf.fr/ark:/12148/bpt6k315787s	Souvenir français et Escorte d'honneur. Rennes. Cérémonie re	Simon, Francis (1860-1937). Auteur du texte	given-name mismatch
reject	lemonnier-camille-1844-03-23	https://gallica.bnf.fr/ark:/12148/bpt6k54873486	Formule d'un traité d'arbitrage entre nations : mémoire prés	Lemonnier, Charles (1806-1891). Auteur du texte	given-name mismatch
reject	jullian-camille-1859-03-15	https://gallica.bnf.fr/ark:/12148/bpt6k6269401x	Mémoire sur le Midi , présenté au Directoire exécutif, par L	Jullian, Louis (1769-1836?). Auteur du texte	given-name mismatch
reject	lefevre-frederic-1889-05-07	https://gallica.bnf.fr/ark:/12148/bpt6k5679660h	Aide-mémoire de physique : à l'usage des élèves de la classe	Lefèvre, Julien (1852-1916). Auteur du texte	given-name mismatch
reject	martin-hans-1886-11-09	https://gallica.bnf.fr/ark:/12148/bpt6k5626465k	Note sur l'enfoncement et l'élongation des dents, par le Dr 	Martin, Claude (1843-1911). Auteur du texte	given-name mismatch
reject	martin-henri-1810-02-20	https://gallica.bnf.fr/ark:/12148/bpt6k5626465k	Note sur l'enfoncement et l'élongation des dents, par le Dr 	Martin, Claude (1843-1911). Auteur du texte	given-name mismatch
accept	bailly-jules-1832-12-13	https://gallica.bnf.fr/ark:/12148/bpt6k5493360p	A la mémoire de Mme Albert Vilain, née Marie-Hermine Ménétri	Bailly, Jules (1832-1896). Auteur du texte	creator+year+memoir-title
reject	paris-gaston-1839-08-09	https://gallica.bnf.fr/ark:/12148/bpt6k673508	Mémoire sur le coeur de saint Louis et sur la découverte fai	Paris, Paulin (1800-1881). Auteur du texte	given-name mismatch
reject	sue-eugene-1804-01-26	https://gallica.bnf.fr/ark:/12148/bpt6k6481982n	Mémoire sur l'état de la chirurgie à la Chine , suivi d'une 	Sue, Pierre (1739-1816). Auteur du texte	given-name mismatch
reject	bailly-jules-1832-12-13	https://gallica.bnf.fr/ark:/12148/bpt6k5474825q	Discours prononcés à l'inauguration du monument élevé à la m	Bailly, Antoine-Nicolas (1810-1892). Auteur du texte / Autri	given-name mismatch
reject	guerin-andre-1899-12-01	https://gallica.bnf.fr/ark:/12148/bpt6k57237151	Mémoire sur l'étiologie générale des pieds-bots congénitaux 	Guérin, Jules (1801-1886). Auteur du texte	given-name mismatch
reject	guerin-andre-1899-12-01	https://gallica.bnf.fr/ark:/12148/bpt6k5723776q	Mémoire sur l'étiologie générale du strabisme : lu à l'Acadé	Guérin, Jules (1801-1886). Auteur du texte	given-name mismatch
reject	bertrand-louis-1866-03-25	https://gallica.bnf.fr/ark:/12148/bpt6k5701660b	Inauguration du monument élevé à la mémoire de François Arag	Bertrand, Joseph (1822-1900). Auteur du texte	given-name mismatch
reject	guerin-andre-1899-12-01	https://gallica.bnf.fr/ark:/12148/bpt6k5723799q	Mémoire sur une nouvelle méthode de traitement du torticolis	Guérin, Jules (1801-1886). Auteur du texte	given-name mismatch
reject	raynal-paul-1885-07-25	https://gallica.bnf.fr/ark:/12148/bpt6k856095g	Notice sur le T. R. P. Antonin Doussot, dominicain, aumônier	Raynal, Marie-Joseph (1842-1917). Auteur du texte	given-name mismatch
reject	roux-francois-1897-03-09	https://gallica.bnf.fr/ark:/12148/bpt6k58341433	Formulaire aide-mémoire de la Faculté de médecine et des méd	Roux, Fernand (1853-19..). Auteur du texte	given-name mismatch
reject	le-roy-edouard-1870-06-18	https://gallica.bnf.fr/ark:/12148/bpt6k135166x	Rapport fait à l'Académie royale des sciences, le samedi 19 	Le Roy, Jean-Baptiste (1720-1800). Auteur du texte	given-name mismatch
reject	le-roy-eugene-1836-11-29	https://gallica.bnf.fr/ark:/12148/bpt6k135166x	Rapport fait à l'Académie royale des sciences, le samedi 19 	Le Roy, Jean-Baptiste (1720-1800). Auteur du texte	given-name mismatch
reject	leroy-pierre-1900-08-24	https://gallica.bnf.fr/ark:/12148/bpt6k135166x	Rapport fait à l'Académie royale des sciences, le samedi 19 	Le Roy, Jean-Baptiste (1720-1800). Auteur du texte	given-name mismatch
reject	martin-hans-1886-11-09	https://gallica.bnf.fr/ark:/12148/bd6t53866472	Mémoire sur les hypothèses astronomiques des plus anciens ph	Martin, Thomas-Henri (1813-1884). Auteur du texte	given-name mismatch
reject	martin-henri-1810-02-20	https://gallica.bnf.fr/ark:/12148/bd6t53866472	Mémoire sur les hypothèses astronomiques des plus anciens ph	Martin, Thomas-Henri (1813-1884). Auteur du texte	given-name mismatch
reject	desnoyers-louis-1802-02-23	https://gallica.bnf.fr/ark:/12148/bpt6k141493w	État des études archéologiques dans le département du Loiret	Desnoyers, Edmond (1805-1902). Auteur du texte	given-name mismatch
reject	ritter-pierre-1882-08-16	https://gallica.bnf.fr/ark:/12148/bpt6k62824w	De la configuration des continents sur la surface du globe e	Ritter, Carl (1779-1859). Auteur du texte	given-name mismatch
accept	claretie-jules-1840-12-03	https://gallica.bnf.fr/ark:/12148/bd6t541959413	Institut de France. Académie française. Inauguration du monu	Claretie, Jules (1840-1913). Auteur du texte	creator+year+memoir-title
reject	allard-maurice-1860-05-01	https://gallica.bnf.fr/ark:/12148/bd6t54644547q	Mémoire sur les phares électriques comprenant le programme d	Allard, Émile (1818-1892). Auteur du texte	given-name mismatch
reject	beraud-henri-1885-09-21	https://gallica.bnf.fr/ark:/12148/bpt6k9611468t	Les Dunes du nord et du sud-ouest de la France, par M. Bérau	Béraud, Érasme (1809-1871). Auteur du texte	given-name mismatch
reject	faure-elie-1873-04-04	https://gallica.bnf.fr/ark:/12148/bpt6k57381967	Observations sur l'iris, sur les pupilles artificielles et s	Faure, Nicolas-Jean (1782-1856). Auteur du texte	given-name mismatch
reject	faure-gabriel-1877-05-15	https://gallica.bnf.fr/ark:/12148/bpt6k57381967	Observations sur l'iris, sur les pupilles artificielles et s	Faure, Nicolas-Jean (1782-1856). Auteur du texte	given-name mismatch
reject	moreau-abel-1893-01-08	https://gallica.bnf.fr/ark:/12148/bpt6k3220167	Mémoire contenant le précis des faits, avec leurs piéces jus	Moreau, Jacob-Nicolas (1717-1804). Auteur du texte	given-name mismatch
reject	beraud-henri-1885-09-21	https://gallica.bnf.fr/ark:/12148/bpt6k3296449	Les dunes du nord et du sud-ouest de la France : mémoire lu 	Béraud, Érasme (1809-1871). Auteur du texte	given-name mismatch
reject	le-roy-edouard-1870-06-18	https://gallica.bnf.fr/ark:/12148/bpt6k15069789	Copie d'un mémoire présenté à MM. de l'Académie royale des s	Le Roy, Pierre (1717-1785). Auteur du texte	given-name mismatch
reject	le-roy-eugene-1836-11-29	https://gallica.bnf.fr/ark:/12148/bpt6k15069789	Copie d'un mémoire présenté à MM. de l'Académie royale des s	Le Roy, Pierre (1717-1785). Auteur du texte	given-name mismatch
reject	leroy-pierre-1900-08-24	https://gallica.bnf.fr/ark:/12148/bpt6k15069789	Copie d'un mémoire présenté à MM. de l'Académie royale des s	Le Roy, Pierre (1717-1785). Auteur du texte	year mismatch (1717 vs 1900)
accept	faguet-emile-1847-12-17	https://gallica.bnf.fr/ark:/12148/bd6t54195945r	Inauguration du monument élevé à la mémoire de André Theurie	Faguet, Émile (1847-1916). Auteur du texte	creator+year+memoir-title
reject	benoit-peter-1834-08-17	https://gallica.bnf.fr/ark:/12148/bpt6k6355168s	Paroles prononcées sur la tombe de M. Boigeol-Japy, le 27 dé	Benoît, Hégésippe (1820-1879). Auteur du texte	given-name mismatch
reject	benoit-pierre-1886-07-16	https://gallica.bnf.fr/ark:/12148/bpt6k6355168s	Paroles prononcées sur la tombe de M. Boigeol-Japy, le 27 dé	Benoît, Hégésippe (1820-1879). Auteur du texte	given-name mismatch
reject	bernard-charles-1804-02-25	https://gallica.bnf.fr/ark:/12148/bpt6k9611467d	Mémoire sur la culture du poivrier à la Guiane française, de	Bernard, Louis (1781-1845). Auteur du texte	given-name mismatch
reject	bernard-jean-1888-07-30	https://gallica.bnf.fr/ark:/12148/bpt6k9611467d	Mémoire sur la culture du poivrier à la Guiane française, de	Bernard, Louis (1781-1845). Auteur du texte	given-name mismatch
reject	bernard-tristan-1866-09-07	https://gallica.bnf.fr/ark:/12148/bpt6k9611467d	Mémoire sur la culture du poivrier à la Guiane française, de	Bernard, Louis (1781-1845). Auteur du texte	given-name mismatch
reject	renaudin-andre-1900-10-27	https://gallica.bnf.fr/ark:/12148/bpt6k5495063h	Souvenir d'une messe célébrée en l'église Saint-Nicolas de B	Renaudin, Sébastien (1848-1897). Auteur du texte	given-name mismatch
reject	viviani-alberta-1894-07-11	https://gallica.bnf.fr/ark:/12148/bpt6k97602174	Mémoire sur une nouvelle espèce de minéral découverte en Lig	Viviani, Domenico (1772-1840). Auteur du texte	given-name mismatch
reject	guerin-andre-1899-12-01	https://gallica.bnf.fr/ark:/12148/bpt6k63073323	Mémoire sur l'intervention de la pression atmosphérique dans	Guérin, Jules (1801-1886). Auteur du texte	given-name mismatch
reject	guerin-andre-1899-12-01	https://gallica.bnf.fr/ark:/12148/bpt6k5724789n	Mémoire sur l'étiologie générale des déviations latérales de	Guérin, Jules (1801-1886). Auteur du texte	given-name mismatch
reject	leblanc-maurice-1864-12-11	https://gallica.bnf.fr/ark:/12148/bpt6k96191510	Mémoire sur les affections de nature rhumatismale qu'on obse	Leblanc, Camille (1827-1903). Auteur du texte	given-name mismatch
reject	comte-auguste-1798-01-19	https://gallica.bnf.fr/ark:/12148/bpt6k6108713z	Mémoire adressé à la chambre du conseil du tribunal de la Se	Comte, Charles (1782-1837). Auteur du texte	given-name mismatch
reject	petit-henri-1900-02-23	https://gallica.bnf.fr/ark:/12148/bpt6k9601581r	À la mémoire de François-Honoré Joly-Magnier, décédé à Leury	Petit, Cyrille (1829-1895). Auteur du texte	given-name mismatch
reject	guerin-andre-1899-12-01	https://gallica.bnf.fr/ark:/12148/bpt6k61214777	Essai d'une généralisation de la méthode sous-cutanée, mémoi	Guérin, Jules (1801-1886). Auteur du texte	given-name mismatch
reject	le-roy-edouard-1870-06-18	https://gallica.bnf.fr/ark:/12148/bpt6k1506349h	Suite du Précis sur les montres marines de France ; avec un 	Le Roy, Pierre (1717-1785). Auteur du texte	given-name mismatch
reject	le-roy-eugene-1836-11-29	https://gallica.bnf.fr/ark:/12148/bpt6k1506349h	Suite du Précis sur les montres marines de France ; avec un 	Le Roy, Pierre (1717-1785). Auteur du texte	given-name mismatch
reject	leroy-pierre-1900-08-24	https://gallica.bnf.fr/ark:/12148/bpt6k1506349h	Suite du Précis sur les montres marines de France ; avec un 	Le Roy, Pierre (1717-1785). Auteur du texte	year mismatch (1717 vs 1900)
reject	guerin-andre-1899-12-01	https://gallica.bnf.fr/ark:/12148/bpt6k5612176t	Mémoire sur les déviations simulées de la colonne vertébrale	Guérin, Jules (1801-1886). Auteur du texte	given-name mismatch
accept	boissier-gaston-1823-08-15	https://gallica.bnf.fr/ark:/12148/bpt6k6457970g	Inauguration du monument élevé à la mémoire de Sainte-Beuve,	Boissier, Gaston (1823-1908). Auteur du texte	creator+year+memoir-title
reject	lacretelle-jacques-1888-07-14	https://gallica.bnf.fr/ark:/12148/bpt6k6119266z	Mémoire pour Mr. P.-L. Lacretelle (aîné) contre le jugement 	Lacretelle, Pierre-Louis (1751-1824). Auteur du texte	given-name mismatch
reject	guerin-andre-1899-12-01	https://gallica.bnf.fr/ark:/12148/bpt6k5723739f	Mémoire sur les variétés anatomiques du pied-bot congénital 	Guérin, Jules (1801-1886). Auteur du texte	given-name mismatch
reject	guerin-andre-1899-12-01	https://gallica.bnf.fr/ark:/12148/bpt6k57237366	Mémoire sur l'extension sigmoïde et la flexion dans le trait	Guérin, Jules (1801-1886). Auteur du texte	given-name mismatch
reject	fabricius-jan-1871-09-30	https://gallica.bnf.fr/ark:/12148/bpt6k166955p	La première invasion des Normands dans l'Espagne musulmane e	Fabricius, Adam Kristoffer (1822-1902). Auteur du texte	given-name mismatch
reject	fabricius-jan-1871-09-30	https://gallica.bnf.fr/ark:/12148/bpt6k147718m	La connaissance de la péninsule espagnole par les hommes du 	Fabricius, Adam Kristoffer (1822-1902). Auteur du texte	given-name mismatch
reject	le-roy-edouard-1870-06-18	https://gallica.bnf.fr/ark:/12148/bpt6k1506976g	Mémoire sur la meilleure manière de mesurer le tems en mer..	Le Roy, Pierre (1717-1785). Auteur du texte	given-name mismatch
reject	le-roy-eugene-1836-11-29	https://gallica.bnf.fr/ark:/12148/bpt6k1506976g	Mémoire sur la meilleure manière de mesurer le tems en mer..	Le Roy, Pierre (1717-1785). Auteur du texte	given-name mismatch
reject	leroy-pierre-1900-08-24	https://gallica.bnf.fr/ark:/12148/bpt6k1506976g	Mémoire sur la meilleure manière de mesurer le tems en mer..	Le Roy, Pierre (1717-1785). Auteur du texte	year mismatch (1717 vs 1900)
reject	comte-auguste-1798-01-19	https://gallica.bnf.fr/ark:/12148/bpt6k6125374w	Mémoire adressé à la chambre d'accusation de la Cour royale 	Comte, Charles (1782-1837). Auteur du texte	given-name mismatch
reject	vogue-eugene-1848-02-25	https://gallica.bnf.fr/ark:/12148/bpt6k14119922	Complément du "Mémoire sur l'amélioration des terres de Bouc	Vogüé, Léonce-Louis-Melchior (1805-1877 ; marquis de). Auteu	given-name mismatch
reject	faure-elie-1873-04-04	https://gallica.bnf.fr/ark:/12148/bpt6k30405205	Le Berger des Alpes, ou Mémoire sur la manière d'élever, de 	Faure, Louis-Étienne (1759-1850). Auteur du texte	given-name mismatch
reject	faure-gabriel-1877-05-15	https://gallica.bnf.fr/ark:/12148/bpt6k30405205	Le Berger des Alpes, ou Mémoire sur la manière d'élever, de 	Faure, Louis-Étienne (1759-1850). Auteur du texte	given-name mismatch
reject	guerin-andre-1899-12-01	https://gallica.bnf.fr/ark:/12148/bpt6k4224707c	Mémoire sur l'établissement des bains de mer de Dieppe : adr	Guérin, Jules (1801-1886). Auteur du texte	given-name mismatch
reject	lacordaire-jean-1802-05-12	https://gallica.bnf.fr/ark:/12148/bpt6k6210302t	Vie de saint Dominique : précédée du Mémoire pour le rétabli	Lacordaire, Henri-Dominique (1802-1861). Auteur du texte	given-name mismatch
reject	fabre-emile-1869-03-24	https://gallica.bnf.fr/ark:/12148/bpt6k97540390	A la mémoire du très regretté Dr Charles d'Espiney : allocut	Fabre, Antonin (1837-1919). Auteur du texte	given-name mismatch
reject	fabre-ferdinand-1827-06-09	https://gallica.bnf.fr/ark:/12148/bpt6k97540390	A la mémoire du très regretté Dr Charles d'Espiney : allocut	Fabre, Antonin (1837-1919). Auteur du texte	given-name mismatch
reject	cheruel-pierre-1809-01-17	https://gallica.bnf.fr/ark:/12148/bpt6k96128302	Mémoire sur le commerce maritime de Rouen, depuis les temps 	Chéruel, Adolphe (1809-1891). Auteur du texte	given-name mismatch
reject	le-roy-edouard-1870-06-18	https://gallica.bnf.fr/ark:/12148/bpt6k15131584	Mémoire sur les travaux qui ont rapport à l'exploitation de 	Leroy, Paul-Marie (1733?-1795). Auteur du texte	given-name mismatch
reject	le-roy-eugene-1836-11-29	https://gallica.bnf.fr/ark:/12148/bpt6k15131584	Mémoire sur les travaux qui ont rapport à l'exploitation de 	Leroy, Paul-Marie (1733?-1795). Auteur du texte	given-name mismatch
reject	leroy-pierre-1900-08-24	https://gallica.bnf.fr/ark:/12148/bpt6k15131584	Mémoire sur les travaux qui ont rapport à l'exploitation de 	Leroy, Paul-Marie (1733?-1795). Auteur du texte	given-name mismatch
reject	devaux-pierre-1897-01-02	https://gallica.bnf.fr/ark:/12148/bpt6k78004q	De l'instruction obligatoire comme remède aux maux sociaux :	Devaux, Paul (1801-1880). Auteur du texte	given-name mismatch
reject	guerin-andre-1899-12-01	https://gallica.bnf.fr/ark:/12148/bpt6k5724104g	Mémoire sur un cas de luxation traumatique de la seconde ver	Guérin, Jules (1801-1886). Auteur du texte	given-name mismatch
reject	guerin-andre-1899-12-01	https://gallica.bnf.fr/ark:/12148/bpt6k5462833c	Mémoire sur les mouvements de flexion et d'inclinaison de la	Guérin, Jules (1801-1886). Auteur du texte	given-name mismatch
reject	le-franc-marie-1879-10-04	https://gallica.bnf.fr/ark:/12148/bd6t5374910h	Mémoire présenté à l'Académie royale de Metz, sur cette ques	Lefranc, Émile (1798-1854). Auteur du texte	given-name mismatch
reject	guillaumin-emile-1873-11-10	https://gallica.bnf.fr/ark:/12148/bpt6k28163g	Mémoire à l'appui d'un placet présenté à l'Empereur sur la q	Guillaumin, Augustin (1802-1881). Auteur du texte	given-name mismatch
reject	petit-henri-1900-02-23	https://gallica.bnf.fr/ark:/12148/bpt6k6138625n	Lettre à M. le Président de l'Académie impériale de médecine	Petit, Charles (1797-1856). Auteur du texte	given-name mismatch
reject	guerin-andre-1899-12-01	https://gallica.bnf.fr/ark:/12148/bpt6k57237062	Premier mémoire sur le traitement des déviations de l'épine 	Guérin, Jules (1801-1886). Auteur du texte	given-name mismatch
reject	allard-maurice-1860-05-01	https://gallica.bnf.fr/ark:/12148/bpt6k5510845t	Dépréciation des richesses : mémoire lu à l'Académie des sci	Allard, Alphonse (1831-1900). Auteur du texte	given-name mismatch
reject	le-bidois-robert-1897-10-08	https://gallica.bnf.fr/ark:/12148/bpt6k6580528d	Renseignements sur les caractères distinctifs des bonnes et 	Le Bidois, Joseph Isidore (1795-1864). Auteur du texte	given-name mismatch
reject	durand-oswald-1888-02-09	https://gallica.bnf.fr/ark:/12148/bd6t5386435b	Traité historique des eaux et bains de Plombières, de Bourbo	Durand, Léopold (1666-1749). Auteur du texte	given-name mismatch
reject	bertrand-louis-1866-03-25	https://gallica.bnf.fr/ark:/12148/bpt6k6305464s	Notice historique sur la distribution des décorations de la 	Bertrand, Pierre-Jean-Baptiste (1782-1844). Auteur du texte	given-name mismatch
reject	le-roy-edouard-1870-06-18	https://gallica.bnf.fr/ark:/12148/bpt6k5784167n	La presse devant les Conseils de guerre à l'île de la Réunio	Le Roy, Édouard (1847-1919). Auteur du texte	year mismatch (1847 vs 1870)
reject	le-roy-eugene-1836-11-29	https://gallica.bnf.fr/ark:/12148/bpt6k5784167n	La presse devant les Conseils de guerre à l'île de la Réunio	Le Roy, Édouard (1847-1919). Auteur du texte	given-name mismatch
reject	leroy-pierre-1900-08-24	https://gallica.bnf.fr/ark:/12148/bpt6k5784167n	La presse devant les Conseils de guerre à l'île de la Réunio	Le Roy, Édouard (1847-1919). Auteur du texte	given-name mismatch
reject	durand-oswald-1888-02-09	https://gallica.bnf.fr/ark:/12148/bpt6k9628629v	Instituts au droit coutumier du duché de Bourgogne . Avec le	Durand, Bernard (1556?-1621). Auteur du texte	given-name mismatch
reject	silvestre-charles-1889-02-02	https://gallica.bnf.fr/ark:/12148/bpt6k30788490	Mémoire et instruction sur les troupeaux de progression, c'e	Silvestre, Augustin-François de (1762-1851). Auteur du texte	given-name mismatch
reject	tardieu-charles-1838-02-09	https://gallica.bnf.fr/ark:/12148/bpt6k6568982h	Mémoire sur la coralline, et sur le danger que présente l'em	Tardieu, Ambroise (1818-1879). Auteur du texte	given-name mismatch
reject	tardieu-charles-1838-02-09	https://gallica.bnf.fr/ark:/12148/bpt6k9737617v	Dictionnaire iconographique de l'ancienne Auvergne, c'est-à-	Tardieu, Ambroise (1840-1912). Auteur du texte	given-name mismatch
reject	moreau-abel-1893-01-08	https://gallica.bnf.fr/ark:/12148/bpt6k3040689h	Mémoire pour servir à l'histoire des Cacouacs [par J.-N. Mor	Moreau, Jacob-Nicolas (1717-1804). Auteur du texte	given-name mismatch
reject	allard-maurice-1860-05-01	https://gallica.bnf.fr/ark:/12148/bpt6k9616338w	Mémoire sur l'intensité et la portée des phares : comprenant	Allard, Émile (1818-1892). Auteur du texte	given-name mismatch
reject	bernard-charles-1804-02-25	https://gallica.bnf.fr/ark:/12148/bpt6k3052687k	Quelle est la meilleure manière de cultiver l'amandier et qu	Bernard, Pons-Joseph (1748-1816). Auteur du texte	given-name mismatch
reject	bernard-jean-1888-07-30	https://gallica.bnf.fr/ark:/12148/bpt6k3052687k	Quelle est la meilleure manière de cultiver l'amandier et qu	Bernard, Pons-Joseph (1748-1816). Auteur du texte	given-name mismatch
reject	bernard-tristan-1866-09-07	https://gallica.bnf.fr/ark:/12148/bpt6k3052687k	Quelle est la meilleure manière de cultiver l'amandier et qu	Bernard, Pons-Joseph (1748-1816). Auteur du texte	given-name mismatch
reject	bourgeois-pierre-1898-12-04	https://gallica.bnf.fr/ark:/12148/bpt6k83039c	Voyages intéressans dans différentes colonies françaises, es	Bourgeois, Nicolas-Louis (1710?-1776?). Auteur du texte	given-name mismatch
reject	le-roy-edouard-1870-06-18	https://gallica.bnf.fr/ark:/12148/bpt6k1518514w	Voyage fait par ordre du roi en 1768, pour éprouver les mont	Le Roy, Pierre (1717-1785). Auteur du texte	given-name mismatch
reject	le-roy-eugene-1836-11-29	https://gallica.bnf.fr/ark:/12148/bpt6k1518514w	Voyage fait par ordre du roi en 1768, pour éprouver les mont	Le Roy, Pierre (1717-1785). Auteur du texte	given-name mismatch
reject	leroy-pierre-1900-08-24	https://gallica.bnf.fr/ark:/12148/bpt6k1518514w	Voyage fait par ordre du roi en 1768, pour éprouver les mont	Le Roy, Pierre (1717-1785). Auteur du texte	year mismatch (1717 vs 1900)
reject	brochard-victor-1848-06-29	https://gallica.bnf.fr/ark:/12148/bd6t54186095k	Du Mode de propagation du choléra et de la nature contagieus	Brochard, André-Théodore (1810-1883). Auteur du texte	given-name mismatch
reject	silvestre-charles-1889-02-02	https://gallica.bnf.fr/ark:/12148/bpt6k840520t	A Messieurs de la Cour impériale de Paris, 1 ° chambre, audi	Silvestre, Théophile (1823-1876). Auteur du texte	given-name mismatch
reject	petit-henri-1900-02-23	https://gallica.bnf.fr/ark:/12148/bpt6k5829152b	Exposé d'un Rapport fait à l'Académie de médecine... sur une	Petit, Charles (1797-1856). Auteur du texte	given-name mismatch
reject	roux-francois-1897-03-09	https://gallica.bnf.fr/ark:/12148/bpt6k56129028	Mémoire et observations sur la réunion immédiate de la plaie	Roux, Philibert-Joseph (1780-1854). Auteur du texte	given-name mismatch
reject	janin-jules-1804-02-16	https://gallica.bnf.fr/ark:/12148/bpt6k9600720f	Réflexions sur le triste sort des personnes, qui sous une ap	Janin, Jean (1731-1765). Auteur du texte	given-name mismatch
reject	bailly-jules-1832-12-13	https://gallica.bnf.fr/ark:/12148/bpt6k6462252v	Pompe funèbre a la mémoire du T. Ill. F. Nicolas Frété , Off	Bailly, Antoine (1780-1848). Auteur du texte	given-name mismatch
reject	martin-hans-1886-11-09	https://gallica.bnf.fr/ark:/12148/bpt6k8728838j	Les Vies des saints dont on fait l'office dans le cours de l	Martin, Simon (1595-1653 ; minime). Auteur du texte	given-name mismatch
reject	martin-henri-1810-02-20	https://gallica.bnf.fr/ark:/12148/bpt6k8728838j	Les Vies des saints dont on fait l'office dans le cours de l	Martin, Simon (1595-1653 ; minime). Auteur du texte	given-name mismatch
accept	dhotel-andre-1900-09-01	https://gallica.bnf.fr/ark:/12148/bpt6k10037683	Mémoires de Sébastien / par André Dhôtel	Dhôtel, André (1900-1991). Auteur du texte	creator+year+memoir-title
accept	carcopino-jerome-1881-06-27	https://gallica.bnf.fr/ark:/12148/bpt6k3357774k	Souvenirs romains / Jérôme Carcopino,...	Carcopino, Jérôme (1881-1970). Auteur du texte	creator+year+memoir-title
reject	jullian-camille-1859-03-15	https://gallica.bnf.fr/ark:/12148/bpt6k3349237x	Mémoires d'une bergère / texte et dessins de Philippe Jullia	Jullian, Philippe (1919-1977). Auteur du texte	given-name mismatch
reject	arnoux-alexandre-1884-02-27	https://gallica.bnf.fr/ark:/12148/bpt6k3335380r	Les loups de la mal'côte : mémoires d'un barreur / Pierre Ar	Arnoux, Pierre (1930-2018). Auteur du texte	given-name mismatch
reject	cohen-gustave-1879-12-24	https://gallica.bnf.fr/ark:/12148/bpt6k48050431	Crème et châtiment : mémoires d'un entarteur : entretiens av	Cohen, Marc (1958-....). Auteur du texte	given-name mismatch
reject	cohen-joseph-1886-01-02	https://gallica.bnf.fr/ark:/12148/bpt6k48050431	Crème et châtiment : mémoires d'un entarteur : entretiens av	Cohen, Marc (1958-....). Auteur du texte	given-name mismatch
accept	siegfried-andre-1875-04-21	https://gallica.bnf.fr/ark:/12148/bpt6k3390170s	Mes souvenirs d'enfance / André Siegfried	Siegfried, André (1875-1959). Auteur du texte	creator+year+memoir-title
reject	dumesnil-rene-1879-06-19	https://gallica.bnf.fr/ark:/12148/bpt6k8152v	Mémoires en réponse aux mémoires d'Hippolyte Clairon ([Repro	Dumesnil, Marie-Françoise (1713-1803). Auteur du texte	given-name mismatch
accept	maynial-edouard-1879-12-09	https://gallica.bnf.fr/ark:/12148/bpt6k34026660	Casanova après les "Mémoires" : la fin d'un aventurier / Édo	Maynial, Édouard (1879-1966). Auteur du texte	creator+year+memoir-title
reject	borel-henri-1869-11-23	https://gallica.bnf.fr/ark:/12148/bpt6k3393125w	Souvenirs d'un vieux colonialiste / Marius Borel	Borel, Marius (1872-1962). Auteur du texte	given-name mismatch
accept	gebhart-emile-1839-07-19	https://gallica.bnf.fr/ark:/12148/bd6t5776794j	Souvenirs d'un vieil Athénien / Emile Gebhart,...	Gebhart, Émile (1839-1908). Auteur du texte	creator+year+memoir-title
reject	lacroix-francis-1895-11-29	https://gallica.bnf.fr/ark:/12148/bpt6k44881s	Mémoires pour servir à l'histoire de la révolution de Saint-	Lacroix, Pamphile de (1774-1841). Auteur du texte / Autrice 	given-name mismatch
accept	chevrillon-andre-1864-05-03	https://gallica.bnf.fr/ark:/12148/bpt6k10037119	Portrait de Taine : souvenirs... ([8e éd.]) / André Chevrill	Chevrillon, André (1864-1957). Auteur du texte	creator+year+memoir-title
accept	grancher-marcel-1897-08-12	https://gallica.bnf.fr/ark:/12148/bpt6k33926207	La fin des haricots : souvenirs / Marcel E. Grancher,...	Grancher, Marcel Étienne (1897-1976). Auteur du texte	creator+year+memoir-title
accept	carcopino-jerome-1881-06-27	https://gallica.bnf.fr/ark:/12148/bpt6k33574964	Souvenirs de sept ans : 1937-1944 / Jérôme Carcopino	Carcopino, Jérôme (1881-1970). Auteur du texte	creator+year+memoir-title
reject	bernard-charles-1804-02-25	https://gallica.bnf.fr/ark:/12148/bpt6k3336582k	Égratignures : souvenirs d'un gone mal léché / Jacques Berna	Bernard, Jacques (1940-....). Auteur du texte	given-name mismatch
reject	bernard-jean-1888-07-30	https://gallica.bnf.fr/ark:/12148/bpt6k3336582k	Égratignures : souvenirs d'un gone mal léché / Jacques Berna	Bernard, Jacques (1940-....). Auteur du texte	given-name mismatch
reject	bernard-tristan-1866-09-07	https://gallica.bnf.fr/ark:/12148/bpt6k3336582k	Égratignures : souvenirs d'un gone mal léché / Jacques Berna	Bernard, Jacques (1940-....). Auteur du texte	given-name mismatch
reject	frederix-gustave-1834-05-20	https://gallica.bnf.fr/ark:/12148/bpt6k3348672f	Souvenirs du tir aux hommes (3e édition) / Pierre Frédérix	Frédérix, Pierre (1897-1970). Auteur du texte	given-name mismatch
reject	martin-hans-1886-11-09	https://gallica.bnf.fr/ark:/12148/bpt6k3386453w	Gérardmer cité martyre... : souvenirs et documents (2e éditi	Martin, Gilbert (1913-2002). Auteur du texte	given-name mismatch
reject	martin-henri-1810-02-20	https://gallica.bnf.fr/ark:/12148/bpt6k3386453w	Gérardmer cité martyre... : souvenirs et documents (2e éditi	Martin, Gilbert (1913-2002). Auteur du texte	given-name mismatch
accept	guirec-jean-charton-1898-07-31	https://gallica.bnf.fr/ark:/12148/bpt6k33945319	La belle comédie : récit, souvenirs littéraires, 1919-1939 /	Guirec, Jean (1898-1988). Auteur du texte	creator+year+memoir-title
accept	marbo-camille-1883-04-11	https://gallica.bnf.fr/ark:/12148/bpt6k3359085k	A travers deux siècles : souvenirs et rencontres (1883-1967)	Marbo, Camille (1883-1969). Auteur du texte	creator+year+memoir-title
reject	madaule-jacques-1898-10-11	https://gallica.bnf.fr/ark:/12148/bpt6k33631734	L'arbre planté : souvenirs et documents / Pierre Madaule ; p	Madaule, Pierre (1922-2006). Auteur du texte	given-name mismatch
accept	harcourt-robert-1881-11-23	https://gallica.bnf.fr/ark:/12148/bpt6k3380747b	Souvenirs de captivité et d'évasions (Édition définitive) / 	Harcourt, Robert d' (1881-1965). Auteur du texte	creator+year+memoir-title
reject	lemaitre-jules-1853-04-27	https://gallica.bnf.fr/ark:/12148/bpt6k87824	Souvenirs publiés par son fils (Reprod. en fac-sim.) / Frédé	Lemaître, Frédérick (1800-1876). Auteur du texte	given-name mismatch
accept	harcourt-robert-1881-11-23	https://gallica.bnf.fr/ark:/12148/bpt6k3368385k	Souvenirs de captivité et d'évasion : 1915-1918 / Robert d'H	Harcourt, Robert d' (1881-1965). Auteur du texte	creator+year+memoir-title
reject	pivert-marceau-1895-10-02	https://gallica.bnf.fr/ark:/12148/bpt6k3384597s	Le Parti socialiste et ses hommes : souvenirs d'un militant 	Pivert, Charles (1899-1981). Auteur du texte	given-name mismatch
accept	dekobra-maurice-1885-05-26	https://gallica.bnf.fr/ark:/12148/bpt6k3382855v	Sous le signe du cobra : mes souvenirs de globe-trotter / Ma	Dekobra, Maurice (1885-1973). Auteur du texte	creator+year+memoir-title
accept	hillairet-jacques-coussillan-1886-07-31	https://gallica.bnf.fr/ark:/12148/bpt6k3336063h	Le palais du Louvre : sa vie, ses grands souvenirs historiqu	Hillairet, Jacques (1886-1984). Auteur du texte	creator+year+memoir-title
accept	arnoux-alexandre-1884-02-27	https://gallica.bnf.fr/ark:/12148/bpt6k3368994m	Moriana et Galvani : un intermède, des souvenirs de théâtre 	Arnoux, Alexandre (1884-1973). Auteur du texte	creator+year+memoir-title
reject	fabre-emile-1869-03-24	https://gallica.bnf.fr/ark:/12148/bpt6k99159x	Souvenirs entomologiques : études sur l'instinct et les moeu	Fabre, Jean-Henri (1823-1915). Auteur du texte	given-name mismatch
reject	fabre-ferdinand-1827-06-09	https://gallica.bnf.fr/ark:/12148/bpt6k99159x	Souvenirs entomologiques : études sur l'instinct et les moeu	Fabre, Jean-Henri (1823-1915). Auteur du texte	given-name mismatch
accept	lalou-rene-1889-09-03	https://gallica.bnf.fr/ark:/12148/bpt6k3347247p	Le Chef : confession lyrique / René Lalou	Lalou, René (1889-1960). Auteur du texte	creator+year+memoir-title
reject	jullian-camille-1859-03-15	https://gallica.bnf.fr/ark:/12148/bpt6k3357145s	Pilote d'essai["Double bang"], souvenirs écrits en collabora	Jullian, Marcel (1922-2004). Auteur du texte	given-name mismatch
accept	leautaud-paul-1872-01-18	https://gallica.bnf.fr/ark:/12148/bpt6k3370335g	Mélange : souvenirs de Basoche, ménagerie intime, amour, fem	Léautaud, Paul (1872-1956). Auteur du texte	creator+year+memoir-title
accept-MANUAL	houssaye-arsene-1814-03-28	https://gallica.bnf.fr/ark:/12148/bpt6k6507482t	Les confessions : souvenirs d'un demi-siècle, 1830-1880. Tom	souvenirs d un demi-siecle, multi-vol autobiography
reject-MANUAL	houssaye-arsene-1814-03-28	https://gallica.bnf.fr/ark:/12148/bpt6k241259c	Les confessions : souvenirs d'un demi-siècle 1830-1880 / Ars	edition-duplicate
accept-MANUAL	houssaye-arsene-1814-03-28	https://gallica.bnf.fr/ark:/12148/bpt6k87468	Les confessions. Tome 1 / Arsène Houssaye	souvenirs d un demi-siecle, multi-vol autobiography
accept-MANUAL	quinet-edgar-1803-02-17	https://gallica.bnf.fr/ark:/12148/bpt6k9816878m	Oeuvres complètes d'Edgar Quinet ; 15. Histoire de mes idées	explicit autobiography
reject-MANUAL	bloy-leon-1846-07-11	https://gallica.bnf.fr/ark:/12148/bpt6k255557	Autobiographie d'une enfant / Bloy	manual pass: fiction/third-person/memorial/academic/theatre/anthology/mixed
reject-MANUAL	souvestre-emile-1806-04-15	https://gallica.bnf.fr/ark:/12148/bpt6k56854863	Confessions d'un ouvrier / par Émile Souvestre	manual pass: fiction/third-person/memorial/academic/theatre/anthology/mixed
reject-MANUAL	souvestre-emile-1806-04-15	https://gallica.bnf.fr/ark:/12148/bpt6k58467254	Confessions d'un ouvrier, publiées par Émile Souvestre	manual pass: fiction/third-person/memorial/academic/theatre/anthology/mixed
reject-MANUAL	souvestre-emile-1806-04-15	https://gallica.bnf.fr/ark:/12148/bpt6k98181478	Confessions d'un ouvrier (Nouvelle édition) / publiées par É	manual pass: fiction/third-person/memorial/academic/theatre/anthology/mixed
reject-MANUAL	souvestre-emile-1806-04-15	https://gallica.bnf.fr/ark:/12148/bpt6k2032453	Confessions d'un ouvrier (Nouv. éd.) / publ. par Emile Souve	manual pass: fiction/third-person/memorial/academic/theatre/anthology/mixed
accept-MANUAL	gebhart-emile-1839-07-19	https://gallica.bnf.fr/ark:/12148/bpt6k1068836	Petits mémoires / Émile Gebhart,...	first-person short memoirs
reject-MANUAL	stapleaux-leopold-1831-10-16	https://gallica.bnf.fr/ark:/12148/bpt6k54257615	Mémoires secrets du Second empire	manual pass: fiction/third-person/memorial/academic/theatre/anthology/mixed
accept-MANUAL	monselet-charles-1825-04-30	https://gallica.bnf.fr/ark:/12148/bpt6k370995	Petits mémoires littéraires / Charles Monselet	own literary memoirs
reject-MANUAL	soulie-frederic-1800-12-23	https://gallica.bnf.fr/ark:/12148/bpt6k5812738p	Les Mémoires du diable / Frédéric Soulié	manual pass: fiction/third-person/memorial/academic/theatre/anthology/mixed
reject-MANUAL	sue-eugene-1804-01-26	https://gallica.bnf.fr/ark:/12148/bpt6k66141h	Mémoires d'un mari. 1 / Eugène Sue	manual pass: fiction/third-person/memorial/academic/theatre/anthology/mixed
reject-MANUAL	soulie-frederic-1800-12-23	https://gallica.bnf.fr/ark:/12148/bpt6k2070145	Les mémoires du Diable / par Frédéric Soulié	manual pass: fiction/third-person/memorial/academic/theatre/anthology/mixed
reject-MANUAL	bazin-rene-1853-12-26	https://gallica.bnf.fr/ark:/12148/bd6t54353087r	Mémoires d'une vieille fille / René Bazin,...	manual pass: fiction/third-person/memorial/academic/theatre/anthology/mixed
reject-MANUAL	souvestre-emile-1806-04-15	https://gallica.bnf.fr/ark:/12148/bpt6k58139504	Le Droit chemin, confessions d'un ouvrier, publié par Émile 	manual pass: fiction/third-person/memorial/academic/theatre/anthology/mixed
reject-MANUAL	bernard-tristan-1866-09-07	https://gallica.bnf.fr/ark:/12148/bpt6k82677b	Mémoires d'un jeune homme rangé / Tristan Bernard	manual pass: fiction/third-person/memorial/academic/theatre/anthology/mixed
accept-MANUAL	flammarion-camille-1842-02-26	https://gallica.bnf.fr/ark:/12148/bpt6k83470m	Mémoires biographiques et philosophiques d'un astronome / Ca	genuine autobiography of astronomer
reject-MANUAL	simon-jules-1814-12-27	https://gallica.bnf.fr/ark:/12148/bpt6k9681998m	Les derniers mémoires des autres / Jules Simon,... ; illustr	manual pass: fiction/third-person/memorial/academic/theatre/anthology/mixed
reject-MANUAL	marmier-xavier-1808-06-22	https://gallica.bnf.fr/ark:/12148/bpt6k913090	Les mémoires d'un orphelin (2e édition) / par X. Marmier	manual pass: fiction/third-person/memorial/academic/theatre/anthology/mixed
reject-MANUAL	goncourt-edmond-1822-05-26	https://gallica.bnf.fr/ark:/12148/bpt6k2026664	Journal des Goncourt : mémoires de la vie littéraire.... 1e 	manual pass: fiction/third-person/memorial/academic/theatre/anthology/mixed
reject-MANUAL	sue-eugene-1804-01-26	https://gallica.bnf.fr/ark:/12148/bpt6k56229407	Mathilde : mémoires d'une jeune femme. Tome 1 / par Eugène S	manual pass: fiction/third-person/memorial/academic/theatre/anthology/mixed
reject-MANUAL	soulie-frederic-1800-12-23	https://gallica.bnf.fr/ark:/12148/bpt6k5739432n	Les mémoires du diable. Edition 4,Volume 2 / par Frédéric So	manual pass: fiction/third-person/memorial/academic/theatre/anthology/mixed
reject-MANUAL	ajalbert-jean-1863-06-10	https://gallica.bnf.fr/ark:/12148/bpt6k4221142t	Mémoires en vrac : au temps du symbolisme, 1880-1890 / Jean 	manual pass: fiction/third-person/memorial/academic/theatre/anthology/mixed
reject-MANUAL	guillaumin-emile-1873-11-10	https://gallica.bnf.fr/ark:/12148/bd6t5413614k	La Vie d'un simple , mémoires d'un métayer. 2e édition	manual pass: fiction/third-person/memorial/academic/theatre/anthology/mixed
accept-MANUAL	sarcey-francisque-1827-10-08	https://gallica.bnf.fr/ark:/12148/bpt6k6507585d	Souvenirs de jeunesse / Francisque Sarcey	youth memoirs
accept-MANUAL	lorrain-jean-1855-08-09	https://gallica.bnf.fr/ark:/12148/bpt6k82500g	Sensations et souvenirs / Jean Lorrain	personal impressions volume
reject-MANUAL	sue-eugene-1804-01-26	https://gallica.bnf.fr/ark:/12148/bpt6k5810511q	Oeuvres choisies de M. Eugène Süe. Fernand Duplessis, Mémoir	manual pass: fiction/third-person/memorial/academic/theatre/anthology/mixed
reject-MANUAL	boissier-gaston-1823-08-15	https://gallica.bnf.fr/ark:/12148/bpt6k1091462f	De l'autorité des mémoires du duc de Saint-Simon / par G. Bo	manual pass: fiction/third-person/memorial/academic/theatre/anthology/mixed
accept-MANUAL	monselet-charles-1825-04-30	https://gallica.bnf.fr/ark:/12148/bpt6k57318952	Mes souvenirs littéraires / par Charles Monselet	own literary memoirs
accept-MANUAL	descaves-lucien-1861-03-18	https://gallica.bnf.fr/ark:/12148/bpt6k3382280v	Souvenirs d'un ours / Lucien Descaves,...	first-person memoirs
reject-MANUAL	soulie-frederic-1800-12-23	https://gallica.bnf.fr/ark:/12148/bpt6k9612811q	Les mille et un romans. t. 2, Les mémoires du diable / par F	manual pass: fiction/third-person/memorial/academic/theatre/anthology/mixed
reject-MANUAL	about-edmond-1828-02-14	https://gallica.bnf.fr/ark:/12148/bpt6k62077112	Le fellah : souvenirs d'Égypte / Edmond About	manual pass: fiction/third-person/memorial/academic/theatre/anthology/mixed
reject-MANUAL	hermant-abel-1862-02-03	https://gallica.bnf.fr/ark:/12148/bpt6k3385767n	Souvenirs de la vie mondaine / Abel Hermant,...	manual pass: fiction/third-person/memorial/academic/theatre/anthology/mixed
accept-MANUAL	houssaye-arsene-1814-03-28	https://gallica.bnf.fr/ark:/12148/bpt6k215323r	Souvenirs de jeunesse : 1830-1850 / Arsène Houssaye	youth memoirs (same work as WS — text source WS)
reject-MANUAL	gebhart-emile-1839-07-19	https://gallica.bnf.fr/ark:/12148/bpt6k107542s	Souvenirs d'un vieil Athénien / Emile Gebhart,...	manual pass: fiction/third-person/memorial/academic/theatre/anthology/mixed
reject-MANUAL	hermant-abel-1862-02-03	https://gallica.bnf.fr/ark:/12148/bpt6k33515511	Les grands bourgeois : mémoires pour servir à l'histoire de 	manual pass: fiction/third-person/memorial/academic/theatre/anthology/mixed
accept-MANUAL	loisy-alfred-1857-02-28	https://gallica.bnf.fr/ark:/12148/bpt6k6555498f	Mémoires pour servir à l'histoire religieuse de notre temps.	own religious-history memoirs
reject-MANUAL	simon-jules-1814-12-27	https://gallica.bnf.fr/ark:/12148/bpt6k9681023s	Mémoires des autres / Jules Simon ; ill. de Noël Saunier ; g	manual pass: fiction/third-person/memorial/academic/theatre/anthology/mixed
reject-MANUAL	sue-eugene-1804-01-26	https://gallica.bnf.fr/ark:/12148/bpt6k66115z	Les misères des enfants trouvés, ou Les mémoires d'un valet 	manual pass: fiction/third-person/memorial/academic/theatre/anthology/mixed
reject-MANUAL	simon-jules-1814-12-27	https://gallica.bnf.fr/ark:/12148/bpt6k2070111	Mémoires des autres / Jules Simon ; ill. de Noël Saunier ; g	manual pass: fiction/third-person/memorial/academic/theatre/anthology/mixed
reject-MANUAL	laffitte-pierre-1823-02-21	https://gallica.bnf.fr/ark:/12148/bpt6k65101713	Testament d'Auguste Comte, avec les documents qui s'y rappor	manual pass: fiction/third-person/memorial/academic/theatre/anthology/mixed
reject-MANUAL	comte-auguste-1798-01-19	https://gallica.bnf.fr/ark:/12148/bpt6k65101713	Testament d'Auguste Comte, avec les documents qui s'y rappor	manual pass: fiction/third-person/memorial/academic/theatre/anthology/mixed
reject-MANUAL	marmier-xavier-1808-06-22	https://gallica.bnf.fr/ark:/12148/bpt6k9814356p	Souvenirs d'un voyageur (Nouvelle édition) / Xavier Marmier,	manual pass: fiction/third-person/memorial/academic/theatre/anthology/mixed
accept-MANUAL	souvestre-emile-1806-04-15	https://gallica.bnf.fr/ark:/12148/bpt6k5812230n	Souvenirs d'un Bas-Breton, par Émile Souvestre	first-person Breton memoirs
reject-MANUAL	malot-hector-1830-05-20	https://gallica.bnf.fr/ark:/12148/bpt6k6114830v	Suzanne : souvenirs d'un blessé / par Hector Malot	manual pass: fiction/third-person/memorial/academic/theatre/anthology/mixed
reject-MANUAL	about-edmond-1828-02-14	https://gallica.bnf.fr/ark:/12148/bpt6k56628593	Nouvelles et souvenirs (3e éd.) / par Edmond About,...	manual pass: fiction/third-person/memorial/academic/theatre/anthology/mixed
reject-MANUAL	tinan-jean-1874-01-19	https://gallica.bnf.fr/ark:/12148/bpt6k9763465t	Jean de Tinan : souvenirs et correspondance / André Lebey	manual pass: fiction/third-person/memorial/academic/theatre/anthology/mixed
reject-MANUAL	about-edmond-1828-02-14	https://gallica.bnf.fr/ark:/12148/bpt6k96247g	Nouvelles et souvenirs (3e éd.) / par Edmond About,...	manual pass: fiction/third-person/memorial/academic/theatre/anthology/mixed
reject-MANUAL	hermant-abel-1862-02-03	https://gallica.bnf.fr/ark:/12148/bpt6k66378d	M. de Courpière marié (nouveaux souvenirs) / Abel Hermant	manual pass: fiction/third-person/memorial/academic/theatre/anthology/mixed
reject-MANUAL	reclus-elisee-1830-03-15	https://gallica.bnf.fr/ark:/12148/bpt6k775296	Le Mississipi : études et souvenirs / [Signé : Élisée Reclus	manual pass: fiction/third-person/memorial/academic/theatre/anthology/mixed
reject-MANUAL	sue-eugene-1804-01-26	https://gallica.bnf.fr/ark:/12148/bpt6k6551733w	Les misères des enfants trouvés, ou Les mémoires d'un valet 	manual pass: fiction/third-person/memorial/academic/theatre/anthology/mixed
reject-MANUAL	sue-eugene-1804-01-26	https://gallica.bnf.fr/ark:/12148/bpt6k6154207n	Mathilde, mémoires d'une jeune femme, par M. Eugène Süe. Nou	manual pass: fiction/third-person/memorial/academic/theatre/anthology/mixed
reject-MANUAL	hermant-abel-1862-02-03	https://gallica.bnf.fr/ark:/12148/bd6t54169302b	Mémoires pour servir à l'histoire de la société. Les confide	manual pass: fiction/third-person/memorial/academic/theatre/anthology/mixed
reject-MANUAL	goncourt-edmond-1822-05-26	https://gallica.bnf.fr/ark:/12148/bpt6k58315120	Sophie Arnould, d'après sa correspondance et ses mémoires in	manual pass: fiction/third-person/memorial/academic/theatre/anthology/mixed
reject-MANUAL	about-edmond-1828-02-14	https://gallica.bnf.fr/ark:/12148/bpt6k58053898	Le fellah : souvenirs d'Égypte (6e éd.) / Edmond About	manual pass: fiction/third-person/memorial/academic/theatre/anthology/mixed
accept-MANUAL	sarcey-francisque-1827-10-08	https://gallica.bnf.fr/ark:/12148/bpt6k62092287	Le siège de Paris : impressions et souvenirs / Francisque Sa	own siege memoir
accept-MANUAL	nisard-desire-1806-03-20	https://gallica.bnf.fr/ark:/12148/bpt6k54061806	Souvenirs et notes biographiques (juillet 1881) / par Désiré	souvenirs + autobiographical notes
accept-MANUAL	fabre-emile-1869-03-24	https://gallica.bnf.fr/ark:/12148/bpt6k3359305k	De Thalie à Melpomène : souvenirs de théâtre / Émile Fabre	own theatre memoirs
reject-MANUAL	sarcey-francisque-1827-10-08	https://gallica.bnf.fr/ark:/12148/bpt6k64686026	Le siège de Paris : impressions et souvenirs / Francisque Sa	edition-duplicate
reject-MANUAL	malot-hector-1830-05-20	https://gallica.bnf.fr/ark:/12148/bpt6k64056s	Miss Clifton : souvenirs d'un blessé / par Hector Malot	manual pass: fiction/third-person/memorial/academic/theatre/anthology/mixed
reject-MANUAL	marmier-xavier-1808-06-22	https://gallica.bnf.fr/ark:/12148/bpt6k105465r	Souvenirs de voyages et traditions populaires / par X. Marmi	manual pass: fiction/third-person/memorial/academic/theatre/anthology/mixed
reject-MANUAL	marmier-xavier-1808-06-22	https://gallica.bnf.fr/ark:/12148/bpt6k1054664	Nouveaux souvenirs de voyage. Franche-Comté / par X. Marmier	manual pass: fiction/third-person/memorial/academic/theatre/anthology/mixed
reject-MANUAL	franck-adolphe-1809-10-02	https://gallica.bnf.fr/ark:/12148/bpt6k902816	Les métaux sont des corps composés : mémoires présentés à l'	manual pass: fiction/third-person/memorial/academic/theatre/anthology/mixed
reject-MANUAL	marmier-xavier-1808-06-22	https://gallica.bnf.fr/ark:/12148/bpt6k9692198f	Impressions et souvenirs d'un voyageur chrétien / par Xavier	manual pass: fiction/third-person/memorial/academic/theatre/anthology/mixed
reject-MANUAL	dujardin-edouard-1861-11-10	https://gallica.bnf.fr/ark:/12148/bpt6k3351742r	Rencontres avec Houston Stewart Chamberlain : souvenirs et c	manual pass: fiction/third-person/memorial/academic/theatre/anthology/mixed
reject-MANUAL	souvestre-emile-1806-04-15	https://gallica.bnf.fr/ark:/12148/bpt6k34104236	Souvenirs d'un Bas-Breton. Série 2 / par Émile Souvestre	edition-duplicate
accept-MANUAL	claretie-jules-1840-12-03	https://gallica.bnf.fr/ark:/12148/bpt6k405865m	Souvenirs du dîner Bixio / Jules Claretie ; préf. de Georges	own dinner-circle memories
reject-MANUAL	montegut-emile-1825-06-23	https://gallica.bnf.fr/ark:/12148/bpt6k1022057	Tableaux de la France : souvenirs de Bourgogne / par Émile M	manual pass: fiction/third-person/memorial/academic/theatre/anthology/mixed
accept-MANUAL	nisard-desire-1806-03-20	https://gallica.bnf.fr/ark:/12148/bpt6k9675503q	Souvenirs de voyages : France, Belgique, Prusse rhénane, Ang	travel memoir
accept-MANUAL	claretie-jules-1840-12-03	https://gallica.bnf.fr/ark:/12148/bpt6k6464633h	Paris assiégé : tableaux et souvenirs, septembre 1870-janvie	siege diary-memoir, own experience
reject-MANUAL	sarcey-francisque-1827-10-08	https://gallica.bnf.fr/ark:/12148/bpt6k64640195	Le siège de Paris : impressions et souvenirs (30e édition) /	edition-duplicate
reject-MANUAL	thierry-augustin-1795-05-10	https://gallica.bnf.fr/ark:/12148/bpt6k3181413	Histoire de France , traduite et extraite des chroniques ori	manual pass: fiction/third-person/memorial/academic/theatre/anthology/mixed
reject-MANUAL	goncourt-edmond-1822-05-26	https://gallica.bnf.fr/ark:/12148/bpt6k1083446	Sophie Arnould, d'après sa correspondance et ses mémoires in	manual pass: fiction/third-person/memorial/academic/theatre/anthology/mixed
reject-MANUAL	daudet-ernest-1837-05-31	https://gallica.bnf.fr/ark:/12148/bpt6k56565702	La Terreur blanche : épisodes et souvenirs (1815) (3e éditio	manual pass: fiction/third-person/memorial/academic/theatre/anthology/mixed
accept-MANUAL	riviere-jacques-1886-07-15	https://gallica.bnf.fr/ark:/12148/bpt6k9465424	Allemand , souvenirs et réflexions d'un prisonnier de guerre	POW memoir 1914-18
reject-MANUAL	fleuriot-zenaide-1829-10-28	https://gallica.bnf.fr/ark:/12148/bpt6k5805469v	Papillonne. Souvenirs de jeunesse d'un vieux campagnard, nou	manual pass: fiction/third-person/memorial/academic/theatre/anthology/mixed
reject-MANUAL	marmier-xavier-1808-06-22	https://gallica.bnf.fr/ark:/12148/bpt6k370003d	Impressions et souvenirs d'un voyageur chrétien. Réimpr. 188	manual pass: fiction/third-person/memorial/academic/theatre/anthology/mixed
reject-MANUAL	daudet-ernest-1837-05-31	https://gallica.bnf.fr/ark:/12148/bpt6k61331706	La Terreur blanche : épisodes et souvenirs de la réaction da	manual pass: fiction/third-person/memorial/academic/theatre/anthology/mixed
reject-MANUAL	about-edmond-1828-02-14	https://gallica.bnf.fr/ark:/12148/bpt6k34107823	Nouvelles et souvenirs (6e édition) / Edmond About,... ; ouv	manual pass: fiction/third-person/memorial/academic/theatre/anthology/mixed
accept-MANUAL	simon-jules-1814-12-27	https://gallica.bnf.fr/ark:/12148/bpt6k5439085p	Souvenirs du quatre septembre. Le Gouvernement de la défense	own political memoir
accept-MANUAL	daudet-ernest-1837-05-31	https://gallica.bnf.fr/ark:/12148/bpt6k5545585p	Mon frère et moi : souvenirs d'enfance et de jeunesse / par 	childhood memoir (same work as PG 30915 — text source PG)
reject-MANUAL	soulie-frederic-1800-12-23	https://gallica.bnf.fr/ark:/12148/bpt6k5742132q	Confession générale, par Frédéric Soulié...	manual pass: fiction/third-person/memorial/academic/theatre/anthology/mixed
accept-MANUAL	veuillot-louis-1813-10-11	https://gallica.bnf.fr/ark:/12148/bpt6k58202539	Les Français en Algérie, souvenirs d'un voyage fait en 1841,	first-person 1841 travel memoir
accept-MANUAL	riviere-jacques-1886-07-15	https://gallica.bnf.fr/ark:/12148/bpt6k8630316s	L'Allemand, souvenirs et réflexions d'un prisonnier de guerr	POW memoir 1914-18
accept-MANUAL	claretie-jules-1840-12-03	https://gallica.bnf.fr/ark:/12148/bpt6k37211g	La canne de M. Michelet : promenades et souvenirs / Jules Cl	promenades et souvenirs, first-person essays
reject-MANUAL	feval-paul-1816-09-29	https://gallica.bnf.fr/ark:/12148/bpt6k64566g	Le mari embaumé : souvenirs d'un page de M. de Vendôme / par	manual pass: fiction/third-person/memorial/academic/theatre/anthology/mixed
reject-MANUAL	daudet-ernest-1837-05-31	https://gallica.bnf.fr/ark:/12148/bpt6k939253h	Histoire diplomatique de l'alliance franco-russe, 1873-1893 	manual pass: fiction/third-person/memorial/academic/theatre/anthology/mixed
reject-MANUAL	hermant-abel-1862-02-03	https://gallica.bnf.fr/ark:/12148/bpt6k828338	Souvenirs de la vie frivole : les spectacles de la rue, le b	manual pass: fiction/third-person/memorial/academic/theatre/anthology/mixed
accept-MANUAL	veuillot-louis-1813-10-11	https://gallica.bnf.fr/ark:/12148/bpt6k392051	Les français en Algérie : souvenirs d'un voyage fait en 1841	first-person 1841 travel memoir
reject-MANUAL	houssaye-arsene-1814-03-28	https://gallica.bnf.fr/ark:/12148/bpt6k14139132	La confession de Caroline / Arsène Houssaye	manual pass: fiction/third-person/memorial/academic/theatre/anthology/mixed
reject-MANUAL	janin-jules-1804-02-16	https://gallica.bnf.fr/ark:/12148/bpt6k103094m	Fontainebleau, paysages, légendes, souvenirs, fantaisies / p	manual pass: fiction/third-person/memorial/academic/theatre/anthology/mixed
reject-MANUAL	houssaye-arsene-1814-03-28	https://gallica.bnf.fr/ark:/12148/bpt6k103094m	Fontainebleau, paysages, légendes, souvenirs, fantaisies / p	manual pass: fiction/third-person/memorial/academic/theatre/anthology/mixed
reject-MANUAL	tillier-claude-1801-04-11	https://gallica.bnf.fr/ark:/12148/bpt6k103094m	Fontainebleau, paysages, légendes, souvenirs, fantaisies / p	manual pass: fiction/third-person/memorial/academic/theatre/anthology/mixed
reject-MANUAL	vacquerie-auguste-1819-11-19	https://gallica.bnf.fr/ark:/12148/bpt6k103094m	Fontainebleau, paysages, légendes, souvenirs, fantaisies / p	manual pass: fiction/third-person/memorial/academic/theatre/anthology/mixed
reject-MANUAL	monselet-charles-1825-04-30	https://gallica.bnf.fr/ark:/12148/bpt6k103094m	Fontainebleau, paysages, légendes, souvenirs, fantaisies / p	manual pass: fiction/third-person/memorial/academic/theatre/anthology/mixed
reject-MANUAL	hermant-abel-1862-02-03	https://gallica.bnf.fr/ark:/12148/bpt6k3410318j	Monsieur de Courpière marié (nouveaux souvenirs) : ouvrage i	manual pass: fiction/third-person/memorial/academic/theatre/anthology/mixed
reject-MANUAL	erckmann-emile-1822-05-20	https://gallica.bnf.fr/ark:/12148/bpt6k1228826	Souvenirs d'un ancien chef de chantier à l'isthme de Suez / 	manual pass: fiction/third-person/memorial/academic/theatre/anthology/mixed
reject-MANUAL	le-goffic-charles-1863-07-14	https://gallica.bnf.fr/ark:/12148/bpt6k54612708	Poésies complètes : Amour breton, Le bois dormant, Le pardon	manual pass: fiction/third-person/memorial/academic/theatre/anthology/mixed
reject-MANUAL	marmier-xavier-1808-06-22	https://gallica.bnf.fr/ark:/12148/bpt6k10955124	Un été au bord de la Baltique et de la mer du Nord, souvenir	manual pass: fiction/third-person/memorial/academic/theatre/anthology/mixed
accept-MANUAL	claretie-jules-1840-12-03	https://gallica.bnf.fr/ark:/12148/bpt6k6365959v	La France envahie (juillet à septembre 1870) : Forbach et Se	own war impressions 1870
reject-MANUAL	daudet-ernest-1837-05-31	https://gallica.bnf.fr/ark:/12148/bpt6k1172322k	Souvenirs et révélations. Histoire diplomatique de l'allianc	manual pass: fiction/third-person/memorial/academic/theatre/anthology/mixed
reject-MANUAL	simon-jules-1814-12-27	https://gallica.bnf.fr/ark:/12148/bpt6k24328j	Souvenirs du 4 septembre : Origine et chute du Second Empire	manual pass: fiction/third-person/memorial/academic/theatre/anthology/mixed
reject-MANUAL	fleuriot-zenaide-1829-10-28	https://gallica.bnf.fr/ark:/12148/bpt6k56853556	Papillonne : souvenirs de jeunesse d'un vieux campagnard (4e	manual pass: fiction/third-person/memorial/academic/theatre/anthology/mixed
accept-MANUAL	souvestre-emile-1806-04-15	https://gallica.bnf.fr/ark:/12148/bpt6k58428361	Souvenirs d'un vieillard, la dernière étape, par Émile Souve	late-life memoirs
reject-MANUAL	feval-paul-1816-09-29	https://gallica.bnf.fr/ark:/12148/bpt6k6365347k	Madame Gil Blas : souvenirs et aventures d'une femme de notr	manual pass: fiction/third-person/memorial/academic/theatre/anthology/mixed
reject-MANUAL	curel-francois-1854-06-10	https://gallica.bnf.fr/ark:/12148/bpt6k5835757h	Théâtre complet. Tome 2 / François de Curel,... ; textes rem	manual pass: fiction/third-person/memorial/academic/theatre/anthology/mixed
reject-MANUAL	curel-francois-1854-06-10	https://gallica.bnf.fr/ark:/12148/bpt6k299292h	Théâtre complet : textes remaniés par l'auteur avec l'histor	manual pass: fiction/third-person/memorial/academic/theatre/anthology/mixed
reject-MANUAL	claretie-jules-1840-12-03	https://gallica.bnf.fr/ark:/12148/bpt6k6377216k	La canne de M. Michelet : promenades et souvenirs / Jules Cl	edition-duplicate
reject-MANUAL	daudet-ernest-1837-05-31	https://gallica.bnf.fr/ark:/12148/bpt6k91293f	Daniel de Kerfons : confession d'un homme du monde / Ernest 	manual pass: fiction/third-person/memorial/academic/theatre/anthology/mixed
reject-MANUAL	daudet-ernest-1837-05-31	https://gallica.bnf.fr/ark:/12148/bpt6k64972134	Daniel de Kerfons : confession d'un homme du monde. Tome 1 /	manual pass: fiction/third-person/memorial/academic/theatre/anthology/mixed
reject-MANUAL	feuillet-octave-1821-08-11	https://gallica.bnf.fr/ark:/12148/bpt6k6181267t	Les souvenirs de jeunesse : comédie mêlée de couplets, en qu	manual pass: fiction/third-person/memorial/academic/theatre/anthology/mixed
reject-MANUAL	janin-jules-1804-02-16	https://gallica.bnf.fr/ark:/12148/bpt6k55310040	La confession. Tome 1 / par l'auteur de "L'âne mort et la fe	manual pass: fiction/third-person/memorial/academic/theatre/anthology/mixed
reject-MANUAL	schure-edouard-1841-01-21	https://gallica.bnf.fr/ark:/12148/bpt6k29598g	Édouard Schuré : son oeuvre et sa pensée / Alphonse Roux et 	manual pass: fiction/third-person/memorial/academic/theatre/anthology/mixed
reject-MANUAL	paulhan-frederic-1856-04-21	https://gallica.bnf.fr/ark:/12148/bpt6k113274s	La fonction de la mémoire et le souvenir affectif / par Fr. 	manual pass: fiction/third-person/memorial/academic/theatre/anthology/mixed
reject-MANUAL	reclus-elisee-1830-03-15	https://gallica.bnf.fr/ark:/12148/bpt6k326247c	Souvenir du 14 octobre : communication personnelle	manual pass: fiction/third-person/memorial/academic/theatre/anthology/mixed
reject-MANUAL	houssaye-arsene-1814-03-28	https://gallica.bnf.fr/ark:/12148/bpt6k54424232	Les mille et une nuits parisiennes. La Confession de Carolin	manual pass: fiction/third-person/memorial/academic/theatre/anthology/mixed
reject-MANUAL	ribot-theodule-1839-12-18	https://gallica.bnf.fr/ark:/12148/bpt6k255891x	Les maladies de la mémoire (18e édition) / par Th. Ribot,...	manual pass: fiction/third-person/memorial/academic/theatre/anthology/mixed
reject-MANUAL	courteline-georges-1858-06-25	https://gallica.bnf.fr/ark:/12148/bpt6k66064w	Margot ; [Un souvenir du siège] / Georges Courteline ; illus	manual pass: fiction/third-person/memorial/academic/theatre/anthology/mixed
reject-MANUAL	bailly-jules-1832-12-13	https://gallica.bnf.fr/ark:/12148/bpt6k54933524	A la mémoire de Maria-Philomène Preud'homme : 19 avril 1860 	manual pass: fiction/third-person/memorial/academic/theatre/anthology/mixed
reject-MANUAL	martin-henri-1810-02-20	https://gallica.bnf.fr/ark:/12148/bpt6k282496	Daniel Manin. précédé d'"Un Souvenir de Manin" (2e édition) 	manual pass: fiction/third-person/memorial/academic/theatre/anthology/mixed
reject-MANUAL	flers-robert-1872-11-25	https://gallica.bnf.fr/ark:/12148/bpt6k164644g	Le souvenir de Robert de Flers / Francis de Croisset. Les pr	manual pass: fiction/third-person/memorial/academic/theatre/anthology/mixed
reject-MANUAL	martin-henri-1810-02-20	https://gallica.bnf.fr/ark:/12148/bpt6k5797065p	Académie impériale de Reims. Étude sur Linguet, par M. Henry	manual pass: fiction/third-person/memorial/academic/theatre/anthology/mixed
reject-MANUAL	figuier-louis-1819-02-15	https://gallica.bnf.fr/ark:/12148/bpt6k97648873	Mémoire sur le ligneux et sur quelques produits qui lui sont	manual pass: fiction/third-person/memorial/academic/theatre/anthology/mixed
reject-MANUAL	feval-paul-1816-09-29	https://gallica.bnf.fr/ark:/12148/bpt6k6365022q	Madame Pistache / par Paul Féval, suivi de. [Un bal dans une	manual pass: fiction/third-person/memorial/academic/theatre/anthology/mixed
reject-MANUAL	bailly-jules-1832-12-13	https://gallica.bnf.fr/ark:/12148/bpt6k5493360p	A la mémoire de Mme Albert Vilain, née Marie-Hermine Ménétri	manual pass: fiction/third-person/memorial/academic/theatre/anthology/mixed
reject-MANUAL	claretie-jules-1840-12-03	https://gallica.bnf.fr/ark:/12148/bd6t541959413	Institut de France. Académie française. Inauguration du monu	manual pass: fiction/third-person/memorial/academic/theatre/anthology/mixed
reject-MANUAL	faguet-emile-1847-12-17	https://gallica.bnf.fr/ark:/12148/bd6t54195945r	Inauguration du monument élevé à la mémoire de André Theurie	manual pass: fiction/third-person/memorial/academic/theatre/anthology/mixed
reject-MANUAL	boissier-gaston-1823-08-15	https://gallica.bnf.fr/ark:/12148/bpt6k6457970g	Inauguration du monument élevé à la mémoire de Sainte-Beuve,	manual pass: fiction/third-person/memorial/academic/theatre/anthology/mixed
reject-MANUAL	dhotel-andre-1900-09-01	https://gallica.bnf.fr/ark:/12148/bpt6k10037683	Mémoires de Sébastien / par André Dhôtel	manual pass: fiction/third-person/memorial/academic/theatre/anthology/mixed
accept-MANUAL	carcopino-jerome-1881-06-27	https://gallica.bnf.fr/ark:/12148/bpt6k3357774k	Souvenirs romains / Jérôme Carcopino,...	first-person Rome years memoir
accept-MANUAL	siegfried-andre-1875-04-21	https://gallica.bnf.fr/ark:/12148/bpt6k3390170s	Mes souvenirs d'enfance / André Siegfried	childhood memoirs
reject-MANUAL	maynial-edouard-1879-12-09	https://gallica.bnf.fr/ark:/12148/bpt6k34026660	Casanova après les "Mémoires" : la fin d'un aventurier / Édo	manual pass: fiction/third-person/memorial/academic/theatre/anthology/mixed
reject-MANUAL	gebhart-emile-1839-07-19	https://gallica.bnf.fr/ark:/12148/bd6t5776794j	Souvenirs d'un vieil Athénien / Emile Gebhart,...	manual pass: fiction/third-person/memorial/academic/theatre/anthology/mixed
reject-MANUAL	chevrillon-andre-1864-05-03	https://gallica.bnf.fr/ark:/12148/bpt6k10037119	Portrait de Taine : souvenirs... ([8e éd.]) / André Chevrill	manual pass: fiction/third-person/memorial/academic/theatre/anthology/mixed
reject-MANUAL	grancher-marcel-1897-08-12	https://gallica.bnf.fr/ark:/12148/bpt6k33926207	La fin des haricots : souvenirs / Marcel E. Grancher,...	manual pass: fiction/third-person/memorial/academic/theatre/anthology/mixed
accept-MANUAL	carcopino-jerome-1881-06-27	https://gallica.bnf.fr/ark:/12148/bpt6k33574964	Souvenirs de sept ans : 1937-1944 / Jérôme Carcopino	first-person memoir 1937-44
reject-MANUAL	guirec-jean-charton-1898-07-31	https://gallica.bnf.fr/ark:/12148/bpt6k33945319	La belle comédie : récit, souvenirs littéraires, 1919-1939 /	manual pass: fiction/third-person/memorial/academic/theatre/anthology/mixed
reject-MANUAL	marbo-camille-1883-04-11	https://gallica.bnf.fr/ark:/12148/bpt6k3359085k	A travers deux siècles : souvenirs et rencontres (1883-1967)	manual pass: fiction/third-person/memorial/academic/theatre/anthology/mixed
reject-MANUAL	harcourt-robert-1881-11-23	https://gallica.bnf.fr/ark:/12148/bpt6k3380747b	Souvenirs de captivité et d'évasions (Édition définitive) / 	manual pass: fiction/third-person/memorial/academic/theatre/anthology/mixed
reject-MANUAL	harcourt-robert-1881-11-23	https://gallica.bnf.fr/ark:/12148/bpt6k3368385k	Souvenirs de captivité et d'évasion : 1915-1918 / Robert d'H	manual pass: fiction/third-person/memorial/academic/theatre/anthology/mixed
accept-MANUAL	dekobra-maurice-1885-05-26	https://gallica.bnf.fr/ark:/12148/bpt6k3382855v	Sous le signe du cobra : mes souvenirs de globe-trotter / Ma	own travel memoirs
reject-MANUAL	hillairet-jacques-coussillan-1886-07-31	https://gallica.bnf.fr/ark:/12148/bpt6k3336063h	Le palais du Louvre : sa vie, ses grands souvenirs historiqu	manual pass: fiction/third-person/memorial/academic/theatre/anthology/mixed
reject-MANUAL	arnoux-alexandre-1884-02-27	https://gallica.bnf.fr/ark:/12148/bpt6k3368994m	Moriana et Galvani : un intermède, des souvenirs de théâtre 	manual pass: fiction/third-person/memorial/academic/theatre/anthology/mixed
reject-MANUAL	lalou-rene-1889-09-03	https://gallica.bnf.fr/ark:/12148/bpt6k3347247p	Le Chef : confession lyrique / René Lalou	manual pass: fiction/third-person/memorial/academic/theatre/anthology/mixed
accept-MANUAL	leautaud-paul-1872-01-18	https://gallica.bnf.fr/ark:/12148/bpt6k3370335g	Mélange : souvenirs de Basoche, ménagerie intime, amour, fem	personal prose: souvenirs de Basoche etc.
accept-MANUAL	ajalbert-jean-1863-06-10	https://gallica.bnf.fr/ark:/12148/bpt6k4221142t	Mémoires en vrac : au temps du symbolisme, 1880-1890 / Jean 	first-person literary memoirs
accept-MANUAL	marmier-xavier-1808-06-22	https://gallica.bnf.fr/ark:/12148/bpt6k9814356p	Souvenirs d'un voyageur (Nouvelle édition) / Xavier Marmier,	travel memoir
accept-MANUAL	marmier-xavier-1808-06-22	https://gallica.bnf.fr/ark:/12148/bpt6k105465r	Souvenirs de voyages et traditions populaires / par X. Marmi	travel + folklore memoir
accept-MANUAL	marmier-xavier-1808-06-22	https://gallica.bnf.fr/ark:/12148/bpt6k1054664	Nouveaux souvenirs de voyage. Franche-Comté / par X. Marmier	travel memoir Franche-Comte
accept-MANUAL	marmier-xavier-1808-06-22	https://gallica.bnf.fr/ark:/12148/bpt6k9692198f	Impressions et souvenirs d'un voyageur chrétien / par Xavier	travel memoir
accept-MANUAL	montegut-emile-1825-06-23	https://gallica.bnf.fr/ark:/12148/bpt6k1022057	Tableaux de la France : souvenirs de Bourgogne / par Émile M	travel essays first-person
reject-MANUAL	marmier-xavier-1808-06-22	https://gallica.bnf.fr/ark:/12148/bpt6k370003d	Impressions et souvenirs d'un voyageur chrétien. Réimpr. 188	edition-duplicate
accept-MANUAL	marmier-xavier-1808-06-22	https://gallica.bnf.fr/ark:/12148/bpt6k10955124	Un été au bord de la Baltique et de la mer du Nord, souvenir	Baltic travel memoir
accept-MANUAL	grancher-marcel-1897-08-12	https://gallica.bnf.fr/ark:/12148/bpt6k33926207	La fin des haricots : souvenirs / Marcel E. Grancher,...	first-person souvenirs
accept-MANUAL	guirec-jean-charton-1898-07-31	https://gallica.bnf.fr/ark:/12148/bpt6k33945319	La belle comédie : récit, souvenirs littéraires, 1919-1939 /	recit, souvenirs litteraires (comedie = metaphor)
accept-MANUAL	marbo-camille-1883-04-11	https://gallica.bnf.fr/ark:/12148/bpt6k3359085k	A travers deux siècles : souvenirs et rencontres (1883-1967)	souvenirs et rencontres 1883-1967
accept-MANUAL	harcourt-robert-1881-11-23	https://gallica.bnf.fr/ark:/12148/bpt6k3380747b	Souvenirs de captivité et d'évasions (Édition définitive) / 	POW memoir 1915-18
reject-MANUAL	harcourt-robert-1881-11-23	https://gallica.bnf.fr/ark:/12148/bpt6k3368385k	Souvenirs de captivité et d'évasion : 1915-1918 / Robert d'H	edition-duplicate
