# P6a FROZEN 2026-07-27. Source: NRC EmoLex v0.92 In105Languages (Nov2017, auto-translated).
# Rules: lowercase; drop NO TRANSLATION; drop multiword; merge collisions by OR.
lang	word	pos	neg
fr	abaissement	0	1
fr	abandon	0	1
fr	abandonner	0	1
fr	abandonné	0	1
fr	abattage	0	1
fr	abattoir	0	1
fr	abba	1	0
fr	abcès	0	1
fr	aberrant	0	1
fr	aberration	0	1
fr	abhorrer	0	1
fr	abject	0	1
fr	abolir	0	1
fr	abolition	0	1
fr	abominable	0	1
fr	abomination	0	1
fr	abondance	1	1
fr	abondant	1	0
fr	abortif	0	1
fr	abrasion	0	1
fr	abri	1	0
fr	abroger	0	1
fr	absence	0	1
fr	absent	0	1
fr	absentéisme	0	1
fr	absolu	1	0
fr	absolution	1	0
fr	absorbé	1	0
fr	abstention	1	0
fr	absurde	0	1
fr	absurdité	0	1
fr	abuser	0	1
fr	abîme	0	1
fr	académie	1	0
fr	académique	1	0
fr	accablant	1	0
fr	acceptable	1	0
fr	acceptation	1	0
fr	accessible	1	0
fr	accident	0	1
fr	accidentel	0	1
fr	acclamation	1	0
fr	accolade	1	0
fr	accommodable	1	0
fr	accompagnement	1	0
fr	accompli	1	0
fr	accomplir	1	0
fr	accomplissement	1	0
fr	accord	1	0
fr	accordé	1	0
fr	accouchement	0	1
fr	accroc	0	1
fr	accroché	0	1
fr	accroupi	0	1
fr	accrédité	1	0
fr	accueilli	1	0
fr	accusateur	0	1
fr	accusatif	0	1
fr	accusation	0	1
fr	accuser	0	1
fr	accusé	0	1
fr	achats	1	0
fr	achèvement	1	0
fr	acide	0	1
fr	acquérir	1	0
fr	acrobate	1	0
fr	action	1	0
fr	actionable	0	1
fr	activation	1	0
fr	activer	1	0
fr	acuité	1	0
fr	adaptable	1	0
fr	adapter	1	0
fr	adapté	1	0
fr	additionneur	0	1
fr	adipeux	0	1
fr	admirable	1	0
fr	admirateur	1	0
fr	admiration	1	0
fr	admirer	1	0
fr	admissible	1	0
fr	admonition	0	1
fr	adorable	1	0
fr	adoration	1	0
fr	adorer	1	0
fr	adresses	1	0
fr	adultère	0	1
fr	adversaire	0	1
fr	adversité	0	1
fr	affable	1	0
fr	affaibli	0	1
fr	affaissement	0	1
fr	affamé	0	1
fr	affection	1	0
fr	affilié	1	0
fr	affiner	1	0
fr	affirmation	1	0
fr	affirmative	1	0
fr	affirmativement	1	0
fr	affirmer	1	0
fr	affleurer	1	0
fr	affliction	0	1
fr	affliger	0	1
fr	affligé	0	1
fr	affluent	1	0
fr	affreux	0	1
fr	affront	0	1
fr	affrontement	0	1
fr	aggravant	0	1
fr	aggravation	0	1
fr	aggravé	0	1
fr	agile	1	0
fr	agilité	1	0
fr	agitation	0	1
fr	agité	0	1
fr	agneau	1	0
fr	agonie	0	1
fr	agresser	1	1
fr	agresseur	0	1
fr	agressif	0	1
fr	agression	0	1
fr	agriculture	1	0
fr	agréable	1	0
fr	aide	1	0
fr	aider	1	0
fr	aigu	0	1
fr	aiguille	1	0
fr	aimable	1	0
fr	aimant	1	0
fr	aimer	1	0
fr	airs	0	1
fr	alarmant	0	1
fr	alarme	0	1
fr	albâtre	1	0
fr	alcool	0	1
fr	alcoolisme	0	1
fr	aliments	1	0
fr	aliénation	0	1
fr	aliéner	0	1
fr	aliéné	0	1
fr	allay	1	0
fr	allegro	1	0
fr	allié	1	0
fr	alléchant	1	1
fr	allégation	0	1
fr	allégeance	1	0
fr	allégement	1	0
fr	alléguer	0	1
fr	aloha	1	0
fr	altercation	0	1
fr	ambassadeur	1	0
fr	ambigu	0	1
fr	ambition	1	0
fr	amen	1	0
fr	amende	1	0
fr	amertume	0	1
fr	ami	1	0
fr	amical	1	0
fr	amiral	1	0
fr	amnistie	1	0
fr	amnésie	0	1
fr	amortisseur	0	1
fr	amour	1	0
fr	amoureux	1	0
fr	amphétamines	0	1
fr	amusant	1	0
fr	amusement	1	0
fr	amuser	1	0
fr	amusé	1	0
fr	amèrement	0	1
fr	amélioration	1	0
fr	améliorer	1	0
fr	amélioré	1	0
fr	aménité	1	0
fr	anaconda	0	1
fr	anal	0	1
fr	analphabète	0	1
fr	analyste	1	0
fr	anarchie	0	1
fr	anarchisme	0	1
fr	anarchiste	0	1
fr	anathème	0	1
fr	ancien	0	1
fr	ancienneté	1	0
fr	ancrage	1	0
fr	ancre	1	0
fr	ancré	0	1
fr	ange	1	0
fr	angine	0	1
fr	angoissant	0	1
fr	angoisse	0	1
fr	angélique	1	0
fr	animer	1	0
fr	animosité	0	1
fr	animus	0	1
fr	animé	1	0
fr	annihilation	0	1
fr	annihiler	0	1
fr	annihilé	0	1
fr	anniversaire	1	0
fr	annulation	0	1
fr	annuler	0	1
fr	anomalie	0	1
fr	anonyme	0	1
fr	anormal	0	1
fr	antagonisme	0	1
fr	antagoniste	0	1
fr	anthrax	0	1
fr	antibiotiques	1	0
fr	antidote	1	0
fr	antifongique	1	0
fr	antipathie	0	1
fr	antipathique	0	1
fr	antique	1	0
fr	antiseptique	1	0
fr	antisocial	0	1
fr	antithèse	0	1
fr	antéchrist	0	1
fr	anxieux	0	1
fr	anxiété	0	1
fr	août	1	0
fr	apache	0	1
fr	apaisant	1	0
fr	apaiser	1	0
fr	apathie	0	1
fr	apathique	0	1
fr	apercevoir	1	0
fr	aplomb	1	0
fr	apologétique	1	0
fr	apparence	0	1
fr	appels	0	1
fr	appendicite	0	1
fr	appentis	0	1
fr	applaudissement	1	0
fr	applaudissements	1	0
fr	apprendre	1	0
fr	apprentissage	1	0
fr	approbation	1	0
fr	appropriation	0	1
fr	approuvant	1	0
fr	approuver	1	0
fr	appréciant	1	0
fr	appréciation	1	0
fr	appréhension	0	1
fr	apprêt	1	0
fr	appât	0	1
fr	apte	1	0
fr	aptitude	1	0
fr	apôtre	1	0
fr	aqueux	0	1
fr	arbitre	1	0
fr	arbre	1	0
fr	archaïque	0	1
fr	archéologie	1	0
fr	ardent	1	0
fr	ardeur	1	0
fr	ardoise	1	0
fr	argent	1	0
fr	argument	0	1
fr	argumentatif	0	1
fr	aride	0	1
fr	aristocratie	1	0
fr	aristocratique	1	0
fr	armements	0	1
fr	armure	1	0
fr	armé	1	1
fr	arpentage	1	0
fr	arrière	0	1
fr	arrière-goût	0	1
fr	arrogance	0	1
fr	arrogant	0	1
fr	arrérages	0	1
fr	arrêt	0	1
fr	arrêter	0	1
fr	arsenic	0	1
fr	art	1	0
fr	articulation	1	0
fr	articuler	1	0
fr	artillerie	0	1
fr	artisan	1	0
fr	artisanat	1	0
fr	artistique	1	0
fr	arôme	1	0
fr	as	1	0
fr	ascendant	1	0
fr	ascension	1	0
fr	asile	0	1
fr	aspiration	1	1
fr	aspirer	1	0
fr	assaillir	0	1
fr	assassin	0	1
fr	assassinat	0	1
fr	assassiner	0	1
fr	assemblée	1	0
fr	assentiment	1	0
fr	asservir	0	1
fr	asservissement	0	1
fr	assignation	0	1
fr	assistance	1	0
fr	assistant	1	0
fr	associer	1	0
fr	assoiffé	0	1
fr	assombri	0	1
fr	assombrir	0	1
fr	assouvir	0	1
fr	assujettir	0	1
fr	assujettissement	0	1
fr	assurance	1	0
fr	assurer	1	0
fr	assuré	1	0
fr	asticot	0	1
fr	astringent	0	1
fr	astrologue	1	0
fr	astronaute	1	0
fr	astronome	1	0
fr	astucieux	1	0
fr	athlète	1	0
fr	athlétique	1	0
fr	athéisme	0	1
fr	athérosclérose	0	1
fr	atome	1	0
fr	atours	1	0
fr	atroce	0	1
fr	atrocité	0	1
fr	atrophie	0	1
fr	attache	0	1
fr	attachement	1	0
fr	attaque	0	1
fr	attaquer	0	1
fr	atteindre	1	0
fr	attendez	0	1
fr	attendre	1	0
fr	attente	1	0
fr	attentif	1	0
fr	attention	1	0
fr	atterré	0	1
fr	attester	1	0
fr	attraction	1	0
fr	attrayant	1	0
fr	atténuation	0	1
fr	atténué	0	1
fr	aubaine	1	0
fr	aube	1	0
fr	audace	1	1
fr	audacieux	1	0
fr	audition	0	1
fr	augmenter	1	1
fr	aumône	0	1
fr	aura	1	0
fr	austère	0	1
fr	austérité	0	1
fr	auteur	1	1
fr	authenticité	1	0
fr	authentique	1	0
fr	autocratique	0	1
fr	autopsie	0	1
fr	autorisation	1	0
fr	autorisé	1	0
fr	autoritaire	0	1
fr	autorité	1	0
fr	auxiliaire	1	0
fr	avalanche	0	1
fr	avance	1	0
fr	avancement	1	0
fr	avancée	1	0
fr	avant	1	0
fr	avant-garde	1	0
fr	avantage	1	0
fr	avantageux	1	0
fr	avare	0	1
fr	avarice	0	1
fr	avatar	1	0
fr	aventure	1	0
fr	aventureux	1	0
fr	averse	0	1
fr	aversion	0	1
fr	aveugle	0	1
fr	aveuglément	0	1
fr	avidité	0	1
fr	avocat	1	1
fr	avortement	0	1
fr	avorter	0	1
fr	avouer	1	1
fr	avènement	1	0
fr	ay	1	0
fr	aîné	1	0
fr	aînés	1	0
fr	aïeux	1	0
fr	babillage	0	1
fr	babiller	0	1
fr	babouin	0	1
fr	baccalauréat	1	0
fr	backwater	0	1
fr	bagarre	0	1
fr	bagatelle	0	1
fr	baiser	1	0
fr	ballade	1	0
fr	balle	0	1
fr	ballet	1	0
fr	bande	0	1
fr	bandit	0	1
fr	banni	0	1
fr	bannir	0	1
fr	bannissement	0	1
fr	banquet	1	0
fr	banshee	0	1
fr	baptême	1	0
fr	barbare	0	1
fr	barbarisme	0	1
fr	barbillon	0	1
fr	barboter	0	1
fr	barde	1	0
fr	barre	1	0
fr	barricade	0	1
fr	barrière	0	1
fr	barré	0	1
fr	bas	0	1
fr	basketball	1	0
fr	bassin	1	0
fr	bastion	1	0
fr	bataille	0	1
fr	battement	0	1
fr	batterie	0	1
fr	battre	0	1
fr	battu	0	1
fr	baume	1	1
fr	bavard	0	1
fr	bavarder	1	0
fr	baïonnette	0	1
fr	beau	1	0
fr	beauté	1	0
fr	becquet	0	1
fr	belligérant	0	1
fr	berceau	1	0
fr	berger	1	0
fr	bestial	0	1
fr	biais	0	1
fr	biaisé	0	1
fr	biberonner	0	1
fr	bibliothèque	1	0
fr	biblique	1	0
fr	bien	1	0
fr	bienfaiteur	1	0
fr	bienheureux	1	0
fr	bienveillance	1	0
fr	bigot	0	1
fr	bile	0	1
fr	bilingue	1	0
fr	biologique	1	0
fr	biopsie	0	1
fr	bizarre	0	1
fr	bière	1	0
fr	blackjack	0	1
fr	blague	0	1
fr	blaireau	0	1
fr	blanc	1	0
fr	blancheur	1	0
fr	blasphème	0	1
fr	blasphématoire	0	1
fr	blennorragie	0	1
fr	blesser	0	1
fr	blessure	0	1
fr	blessé	0	1
fr	bleu	0	1
fr	blindé	1	0
fr	blocus	0	1
fr	blues	0	1
fr	bluffer	0	1
fr	boisson	1	0
fr	boiter	0	1
fr	bombardement	0	1
fr	bombarder	0	1
fr	bombardé	0	1
fr	bombe	0	1
fr	bonbons	1	0
fr	bonheur	1	0
fr	bord	0	1
fr	bordeaux	0	1
fr	bordée	0	1
fr	bosse	0	1
fr	boucher	0	1
fr	bouché	0	1
fr	boucle	1	0
fr	boue	0	1
fr	boueux	0	1
fr	bouffi	0	1
fr	bouleau	0	1
fr	bouledogue	1	0
fr	bouleversement	0	1
fr	bouquet	1	0
fr	bourbier	0	1
fr	bourdonner	1	0
fr	bourdonné	0	1
fr	bourrasque	0	1
fr	bourreau	0	1
fr	bourru	0	1
fr	bout	0	1
fr	bouton	0	1
fr	bouée	1	0
fr	bovine	0	1
fr	boycotter	0	1
fr	braconnage	0	1
fr	branché	1	0
fr	bravade	0	1
fr	bravoure	1	0
fr	brevet	1	0
fr	brigade	0	1
fr	brillant	1	0
fr	briser	0	1
fr	brisé	0	1
fr	brocart	1	0
fr	bronzé	1	0
fr	brouiller	0	1
fr	broyage	0	1
fr	bruit	0	1
fr	brume	0	1
fr	brunt	0	1
fr	brut	0	1
fr	brutal	0	1
fr	brutalité	0	1
fr	brute	0	1
fr	bruyant	1	1
fr	brûlant	0	1
fr	brûlure	0	1
fr	brûlé	0	1
fr	buffet	0	1
fr	bulbeux	0	1
fr	bummer	0	1
fr	bureaucrate	0	1
fr	bureaucratie	0	1
fr	burke	0	1
fr	buss	1	0
fr	but	1	0
fr	butin	0	1
fr	bâillement	0	1
fr	bâtiment	1	0
fr	bébé	1	0
fr	béni	1	0
fr	bénin	1	0
fr	bénir	1	0
fr	bénédiction	1	0
fr	bénédictions	1	0
fr	bénéfique	1	0
fr	bénévole	1	0
fr	bête	0	1
fr	bêtises	0	1
fr	cabale	0	1
fr	cabane	1	1
fr	cabanon	0	1
fr	cabinet	1	0
fr	cacher	0	1
fr	cachette	0	1
fr	cachot	0	1
fr	caché	0	1
fr	cacophonie	0	1
fr	cadavre	0	1
fr	cadeau	1	0
fr	café	1	0
fr	cage	0	1
fr	cagnotte	1	0
fr	caille	0	1
fr	calculateur	0	1
fr	calculatrice	1	0
fr	caleçon	0	1
fr	calme	1	0
fr	calomnie	0	1
fr	calomnier	0	1
fr	camarade	1	0
fr	camaraderie	1	0
fr	cambriolage	0	1
fr	cambrioleur	0	1
fr	canari	1	0
fr	cancer	0	1
fr	candidat	1	0
fr	candide	1	0
fr	cannibale	0	1
fr	cannibalisme	0	1
fr	canular	0	1
fr	capitaine	1	0
fr	capitaliste	1	0
fr	capiteux	0	1
fr	caprice	0	1
fr	captif	0	1
fr	captivant	1	0
fr	captiver	1	0
fr	captivité	0	1
fr	capturer	0	1
fr	capuche	0	1
fr	carcasse	0	1
fr	carcinome	0	1
fr	cardiomyopathie	0	1
fr	carence	0	1
fr	caresse	1	0
fr	caricature	0	1
fr	carie	0	1
fr	carnage	0	1
fr	carnivore	0	1
fr	carol	1	0
fr	carrelage	1	0
fr	carrière	1	0
fr	cartel	0	1
fr	cas	0	1
fr	cascade	1	0
fr	casque	1	0
fr	cassé	0	1
fr	caste	0	1
fr	cataracte	0	1
fr	catastrophe	0	1
fr	catastrophique	0	1
fr	cathartique	1	0
fr	cathédrale	1	0
fr	cathéter	0	1
fr	catégorique	1	0
fr	cauchemar	0	1
fr	caution	1	0
fr	cavalier	1	0
fr	ceinture	0	1
fr	cendre	0	1
fr	cendres	0	1
fr	censurer	0	1
fr	centre	1	0
fr	centurion	1	0
fr	cercueil	0	1
fr	cerf-volant	0	1
fr	cerise	1	0
fr	certitude	1	0
fr	cerveaux	1	0
fr	cess	0	1
fr	cessation	0	1
fr	cesser	0	1
fr	chagrin	0	1
fr	chahuteur	0	1
fr	chaire	1	0
fr	chaleureusement	1	0
fr	chamaillerie	0	1
fr	champignon	0	1
fr	champion	1	0
fr	chanceux	1	0
fr	chancre	0	1
fr	chansonnette	1	0
fr	chant	1	0
fr	chantage	0	1
fr	chanter	1	0
fr	chaotique	0	1
fr	charabia	0	1
fr	charade	0	1
fr	chargeur	1	0
fr	chargé	0	1
fr	charitable	1	0
fr	charité	1	0
fr	charlatan	0	1
fr	charmant	1	0
fr	charme	1	0
fr	charmé	1	1
fr	charnel	0	1
fr	charnu	0	1
fr	charognard	0	1
fr	chasse	0	1
fr	chasseur	0	1
fr	chasteté	1	0
fr	chaton	1	0
fr	chatouiller	1	0
fr	chaudrée	1	0
fr	chaîne	0	1
fr	cheesecake	0	1
fr	chef	1	0
fr	chef-d'oeuvre	1	0
fr	chenu	0	1
fr	cher	1	0
fr	chevalerie	1	0
fr	chevalier	1	0
fr	chevronné	1	0
fr	chicane	0	1
fr	chienne	0	1
fr	chiffons	0	1
fr	chimiste	1	0
fr	chiot	1	0
fr	chloroforme	0	1
fr	choc	0	1
fr	chocolat	1	0
fr	choisi	1	0
fr	choisir	1	0
fr	choix	1	0
fr	choléra	0	1
fr	choral	1	0
fr	chorale	1	0
fr	chronique	0	1
fr	chute	0	1
fr	châtiment	0	1
fr	chéri	1	0
fr	chérir	1	0
fr	chêne	1	0
fr	cicatrice	0	1
fr	cidre	1	0
fr	ciel	1	0
fr	cieux	1	0
fr	cigarette	0	1
fr	cimetière	0	1
fr	cinglé	0	1
fr	cintreuse	0	1
fr	circoncision	1	0
fr	ciseau	1	0
fr	citation	1	1
fr	citoyen	1	0
fr	citron	0	1
fr	civil	1	0
fr	civilisation	1	0
fr	civilisé	1	0
fr	civilité	1	0
fr	clameur	0	1
fr	claque	0	1
fr	claquer	0	1
fr	clarifier	1	0
fr	clarté	1	0
fr	classer	1	0
fr	classique	1	0
fr	classiques	1	0
fr	client	1	0
fr	climax	1	0
fr	clinquant	1	0
fr	clochard	0	1
fr	cloque	0	1
fr	cloître	0	1
fr	clé	0	1
fr	clérical	1	0
fr	coalition	1	0
fr	cocaïne	0	1
fr	cochonneries	0	1
fr	cocu	0	1
fr	coercition	0	1
fr	coeur	1	0
fr	coexister	1	0
fr	cognac	0	1
fr	cogner	0	1
fr	cognitif	1	0
fr	cohérence	1	0
fr	cohérent	1	0
fr	cohésif	1	0
fr	coliques	0	1
fr	collectivement	1	0
fr	collision	0	1
fr	colombe	1	0
fr	colonel	1	0
fr	colossal	1	0
fr	colère	0	1
fr	coma	0	1
fr	comateux	0	1
fr	combat	0	1
fr	combatif	0	1
fr	combattant	0	1
fr	commandant	1	0
fr	commentateur	1	0
fr	commercialisable	1	0
fr	commodité	1	0
fr	commodore	1	0
fr	commonwealth	1	0
fr	commuer	1	0
fr	communauté	1	0
fr	communicatif	1	0
fr	communion	1	0
fr	communiquer	1	0
fr	communisme	0	1
fr	communiste	0	1
fr	commutation	1	0
fr	commémoratif	1	0
fr	commémoration	1	0
fr	commémorer	1	0
fr	compagnon	1	0
fr	compatibilité	1	0
fr	compatible	1	0
fr	compatissant	1	0
fr	compensatoire	1	0
fr	compenser	1	0
fr	complainte	0	1
fr	complaisance	1	0
fr	complet	1	0
fr	complexité	0	1
fr	complexé	0	1
fr	complication	0	1
fr	complicité	1	1
fr	compliquer	0	1
fr	compliqué	0	1
fr	complètement	1	0
fr	complément	1	0
fr	complémentaire	1	0
fr	compléter	1	0
fr	complétude	1	0
fr	compositeur	1	0
fr	compost	0	1
fr	composé	1	0
fr	comprenant	1	0
fr	comprendre	1	0
fr	compris	1	0
fr	compromettre	0	1
fr	compréhension	1	0
fr	compter	1	0
fr	compulsion	0	1
fr	compétence	1	0
fr	compétent	1	0
fr	compétition	0	1
fr	comte	1	0
fr	comtesse	1	0
fr	concentrer	1	0
fr	concentrique	1	0
fr	conciliation	1	0
fr	concordance	1	0
fr	concorde	1	0
fr	condamnation	0	1
fr	condamner	0	1
fr	condamné	0	1
fr	condescendance	0	1
fr	condescendant	0	1
fr	condoléances	1	0
fr	conductivité	1	0
fr	conduire	1	0
fr	confession	0	1
fr	confiance	1	0
fr	confiner	0	1
fr	confiné	0	1
fr	confirmé	1	0
fr	confiscation	0	1
fr	confisquer	0	1
fr	confisqué	0	1
fr	confit	1	0
fr	confiture	1	0
fr	conflit	0	1
fr	confondre	0	1
fr	confondu	0	1
fr	conforme	1	0
fr	conformité	1	0
fr	confort	1	0
fr	confortable	1	0
fr	confusion	0	1
fr	confédéré	1	0
fr	congestion	0	1
fr	congruence	1	0
fr	congrégation	1	0
fr	congédiement	0	1
fr	conjecture	1	0
fr	connaissance	1	0
fr	connaisseur	1	0
fr	connard	0	1
fr	connivence	0	1
fr	conquête	0	1
fr	conscience	1	0
fr	consciencieux	1	0
fr	conscient	1	0
fr	conseil	1	0
fr	conseiller	1	1
fr	conseillé	1	0
fr	conservateur	1	0
fr	conserver	1	0
fr	considérable	1	0
fr	console	1	0
fr	consommé	1	0
fr	consonne	1	0
fr	conspirateur	0	1
fr	conspirer	0	1
fr	constance	1	0
fr	constant	1	0
fr	consternation	0	1
fr	constipation	0	1
fr	constitutionnel	1	0
fr	construction	1	0
fr	construire	1	0
fr	consécration	1	0
fr	conséquences	0	1
fr	contact	1	0
fr	contagieux	0	1
fr	contagion	0	1
fr	contamination	0	1
fr	contaminer	0	1
fr	contaminés	0	1
fr	conte	1	0
fr	contemplation	1	0
fr	content	1	0
fr	contentieux	0	1
fr	contenu	1	0
fr	contestation	0	1
fr	continuer	1	0
fr	contour	1	0
fr	contournement	1	1
fr	contracté	0	1
fr	contradiction	0	1
fr	contradictoire	0	1
fr	contraignant	0	1
fr	contraindre	0	1
fr	contraint	0	1
fr	contrainte	0	1
fr	contraire	0	1
fr	contrariété	0	1
fr	contrasté	0	1
fr	contre	0	1
fr	contrebande	0	1
fr	contrebandier	0	1
fr	contrecarrer	0	1
fr	contredire	0	1
fr	contremaître	1	0
fr	contrevenir	0	1
fr	contribuer	1	0
fr	controverse	0	1
fr	controversé	0	1
fr	convaincant	1	0
fr	convaincre	1	0
fr	convenable	1	0
fr	convention	1	0
fr	convertir	1	0
fr	conviction	0	1
fr	convient	0	1
fr	convoiter	0	1
fr	cool	1	0
fr	coopérant	1	0
fr	coopérative	1	1
fr	coopérer	1	0
fr	copain	1	0
fr	copie	0	1
fr	copieux	1	0
fr	coqueluche	0	1
fr	coquille	0	1
fr	coquin	0	1
fr	corbillard	0	1
fr	cornichon	0	1
fr	cornue	0	1
fr	coroner	0	1
fr	corporel	1	1
fr	corps	0	1
fr	correct	1	0
fr	correctif	1	1
fr	correction	0	1
fr	correspondance	1	0
fr	corroborer	1	0
fr	corrompant	0	1
fr	corrompu	0	1
fr	corrosif	0	1
fr	corrosion	0	1
fr	corruption	0	1
fr	corvée	0	1
fr	cosmopolite	1	0
fr	couche	0	1
fr	couchette	1	0
fr	coucou	0	1
fr	couler	1	0
fr	coulé	0	1
fr	coup	0	1
fr	coupable	0	1
fr	coupe	0	1
fr	coupeur	0	1
fr	coupeurs	1	0
fr	coupure	0	1
fr	cour	1	0
fr	courage	1	0
fr	courageux	1	0
fr	couronnement	1	0
fr	course	1	0
fr	coursing	0	1
fr	courtois	1	0
fr	courtoisie	1	0
fr	coussin	1	0
fr	couvent	1	0
fr	couvert	0	1
fr	crabby	0	1
fr	craignant	0	1
fr	crainte	0	1
fr	craintif	0	1
fr	craintivement	0	1
fr	crampe	0	1
fr	cran	1	0
fr	crapaud	0	1
fr	craquer	0	1
fr	crash	0	1
fr	crasse	0	1
fr	crasseux	0	1
fr	crawl	0	1
fr	credential	1	0
fr	crescendo	1	0
fr	creux	0	1
fr	crevasse	0	1
fr	cri	0	1
fr	criard	0	1
fr	criblé	0	1
fr	crier	0	1
fr	crime	0	1
fr	criminalité	0	1
fr	criminel	0	1
fr	crique	1	0
fr	criquet	0	1
fr	crise	0	1
fr	cristal	1	0
fr	critique	0	1
fr	critiquer	0	1
fr	croire	1	0
fr	croisade	0	1
fr	croissance	1	0
fr	croisé	0	1
fr	croquer	0	1
fr	croustillant	0	1
fr	croître	1	0
fr	cruauté	0	1
fr	crucial	1	0
fr	crucifixion	0	1
fr	cruel	0	1
fr	cruellement	0	1
fr	crypte	0	1
fr	crème	1	0
fr	créatif	1	0
fr	créature	0	1
fr	crédibilité	1	0
fr	crédible	1	0
fr	crédit	1	0
fr	crédité	1	0
fr	crédule	0	1
fr	créer	1	0
fr	cueillir	0	1
fr	cul	0	1
fr	culinaire	1	0
fr	culmination	1	0
fr	culpabilité	0	1
fr	culte	1	1
fr	cultivation	1	0
fr	cultiver	1	0
fr	cultivé	1	0
fr	culture	1	0
fr	cur	0	1
fr	curieux	1	0
fr	curiosité	1	0
fr	cyanure	0	1
fr	cyclone	0	1
fr	cytomégalovirus	0	1
fr	cécité	0	1
fr	céder	0	1
fr	cédé	0	1
fr	céleste	1	0
fr	célèbre	1	0
fr	célébrer	1	0
fr	célébrité	1	1
fr	cérébral	1	0
fr	côte	1	0
fr	d'accord	1	0
fr	dame	1	0
fr	damnation	0	1
fr	damné	0	1
fr	dandy	0	1
fr	danger	0	1
fr	dangereux	0	1
fr	danse	1	0
fr	dauphin	1	0
fr	defier	0	1
fr	degré	1	0
fr	demande	0	1
fr	demandeur	0	1
fr	dentelle	1	1
fr	descriptif	1	0
fr	designer	1	0
fr	despotique	0	1
fr	despotisme	0	1
fr	destination	1	0
fr	destructeur	0	1
fr	destruction	0	1
fr	dette	0	1
fr	deuil	0	1
fr	devant	1	0
fr	dextérité	1	0
fr	diable	0	1
fr	diabolique	0	1
fr	diagnostic	0	1
fr	diamant	1	0
fr	diatribe	0	1
fr	dictateur	0	1
fr	dictatorial	0	1
fr	dictature	0	1
fr	dictionnaire	1	0
fr	didactique	1	0
fr	dieu	1	0
fr	diffamation	0	1
fr	diffamatoire	0	1
fr	difficile	0	1
fr	difficulté	0	1
fr	différé	0	1
fr	digne	1	0
fr	dignité	1	0
fr	digress	0	1
fr	dilemme	0	1
fr	diligence	1	0
fr	diluer	0	1
fr	diminuer	0	1
fr	diminution	0	1
fr	diminué	0	1
fr	diplomatie	1	0
fr	diplomatique	1	0
fr	directeur	0	1
fr	discontinuité	0	1
fr	discordant	0	1
fr	discorde	0	1
fr	discours	1	0
fr	discriminant	0	1
fr	discrimination	0	1
fr	discriminer	0	1
fr	discrédit	0	1
fr	discrétion	1	0
fr	discrétionnaire	1	0
fr	discussion	1	0
fr	discutable	0	1
fr	disgracieux	0	1
fr	disgrâce	0	1
fr	disloquée	0	1
fr	disparition	0	1
fr	disparité	0	1
fr	disparu	0	1
fr	dispersion	0	1
fr	disponible	1	0
fr	disposition	0	1
fr	disposé	1	0
fr	disqualification	0	1
fr	disqualifier	0	1
fr	disqualifié	0	1
fr	dissension	0	1
fr	dissident	0	1
fr	dissimulation	0	1
fr	dissiper	0	1
fr	dissolution	0	1
fr	dissonance	0	1
fr	disséminer	1	0
fr	distant	0	1
fr	distillation	1	0
fr	distinction	1	0
fr	distingué	1	0
fr	distorsion	0	1
fr	distraction	0	1
fr	distraire	0	1
fr	distraits	0	1
fr	divergent	0	1
fr	diverse	1	1
fr	diversifié	1	0
fr	divertir	1	0
fr	divertissant	1	0
fr	divertissement	1	0
fr	divinité	1	0
fr	divisé	0	1
fr	divorce	0	1
fr	diététique	1	0
fr	docteur	1	0
fr	dogmatique	0	1
fr	doldrums	0	1
fr	dominant	0	1
fr	domination	0	1
fr	dominer	1	1
fr	dommage	0	1
fr	don	1	0
fr	donateur	1	0
fr	donnant	1	0
fr	donner	1	0
fr	dotation	1	0
fr	doter	1	0
fr	doté	1	0
fr	double	1	0
fr	douceur	1	0
fr	douche	0	1
fr	douleur	0	1
fr	douloureusement	0	1
fr	douloureux	0	1
fr	doute	0	1
fr	douter	0	1
fr	douteux	0	1
fr	doux	1	0
fr	doué	1	0
fr	drainage	0	1
fr	droit	1	0
fr	drone	0	1
fr	duc	1	0
fr	dun	0	1
fr	duo	1	0
fr	dupe	0	1
fr	duplicité	0	1
fr	durabilité	1	0
fr	durable	1	0
fr	dure	0	1
fr	dureté	1	1
fr	duveteux	1	0
fr	dysenterie	0	1
fr	débat	1	0
fr	débattre	0	1
fr	débauche	0	1
fr	débile	0	1
fr	débiteur	0	1
fr	débordement	0	1
fr	débranché	0	1
fr	débridé	1	1
fr	débris	0	1
fr	débâcle	0	1
fr	décalage	1	1
fr	décence	1	0
fr	décent	1	0
fr	déception	0	1
fr	décevant	0	1
fr	décevoir	0	1
fr	décharge	0	1
fr	décharges	0	1
fr	décharné	0	1
fr	déchaînement	0	1
fr	déchet	0	1
fr	déchets	0	1
fr	déchiré	0	1
fr	déclaration	1	0
fr	déclaratoire	1	0
fr	déclin	0	1
fr	déclinaison	0	1
fr	déclinant	0	1
fr	décliner	0	1
fr	décoloration	0	1
fr	décoloré	0	1
fr	décombres	0	1
fr	décomposition	0	1
fr	décourageant	0	1
fr	découragement	0	1
fr	décourager	0	1
fr	découragé	0	1
fr	découverte	1	0
fr	décret	0	1
fr	décrier	0	1
fr	décrémenter	0	1
fr	décès	0	1
fr	décédé	0	1
fr	déduire	0	1
fr	défaite	0	1
fr	défaut	0	1
fr	défavorable	0	1
fr	défectueux	0	1
fr	défendable	1	0
fr	défendre	1	0
fr	défendu	1	0
fr	défenseur	1	0
fr	défi	0	1
fr	déficience	0	1
fr	déficit	0	1
fr	défiguré	0	1
fr	définitive	1	0
fr	déflation	0	1
fr	déformation	0	1
fr	déformer	0	1
fr	déformé	0	1
fr	défunt	0	1
fr	dégagement	1	0
fr	dégager	1	0
fr	dégonfler	0	1
fr	dégoût	0	1
fr	dégoûter	0	1
fr	dégradant	0	1
fr	dégradation	0	1
fr	dégrader	0	1
fr	dégâts	0	1
fr	dégénérer	0	1
fr	dégénérescence	0	1
fr	déjeuner	1	0
fr	déjoué	0	1
fr	délabré	0	1
fr	délectable	1	0
fr	délibérer	1	0
fr	délibéré	0	1
fr	délicat	0	1
fr	délicatesse	1	0
fr	délice	1	0
fr	délicieux	1	0
fr	délier	1	1
fr	délinquance	0	1
fr	délinquant	0	1
fr	délirant	0	1
fr	délire	0	1
fr	délirer	1	1
fr	délit	0	1
fr	délivrance	1	0
fr	déloyal	0	1
fr	déléguer	1	0
fr	délétère	0	1
fr	démembrement	0	1
fr	démence	0	1
fr	dément	0	1
fr	démission	0	1
fr	démissionner	0	1
fr	démolir	0	1
fr	démolition	0	1
fr	démon	0	1
fr	démoniaque	0	1
fr	démonstratif	1	0
fr	démontrable	1	0
fr	démoralisé	0	1
fr	déménageur	1	0
fr	dénaturer	0	1
fr	dénigrer	0	1
fr	dénoncer	0	1
fr	dénonciation	0	1
fr	départ	0	1
fr	dépasser	1	0
fr	dépendance	1	1
fr	dépendant	1	1
fr	dépense	0	1
fr	dépenses	0	1
fr	dépensé	0	1
fr	dépit	0	1
fr	déplacer	0	1
fr	déplorable	0	1
fr	déplorer	0	1
fr	déportation	0	1
fr	dépossédé	0	1
fr	dépouillé	0	1
fr	dépourvu	0	1
fr	dépravation	0	1
fr	dépravé	0	1
fr	dépressif	0	1
fr	dépression	0	1
fr	déprimant	0	1
fr	déprimer	0	1
fr	déprimé	0	1
fr	dépréciation	0	1
fr	déprécier	0	1
fr	déprécié	0	1
fr	déraisonnable	0	1
fr	déranger	0	1
fr	dérangé	0	1
fr	déraper	0	1
fr	dérision	0	1
fr	dérivation	1	0
fr	dérogation	0	1
fr	dérogatoire	0	1
fr	désaccord	0	1
fr	désactiver	0	1
fr	désactivée	0	1
fr	désagréable	0	1
fr	désappointé	0	1
fr	désapprobateur	0	1
fr	désapprobation	0	1
fr	désapprouver	0	1
fr	désavouer	0	1
fr	désengagement	0	1
fr	désert	0	1
fr	désertion	0	1
fr	déserté	0	1
fr	désespoir	0	1
fr	désespéré	0	1
fr	déshonorer	0	1
fr	désillusion	0	1
fr	désincarné	0	1
fr	désinfection	1	0
fr	désinformation	0	1
fr	désintégration	0	1
fr	désintégrer	0	1
fr	désintéressé	0	1
fr	désinvestissement	0	1
fr	désinvolte	0	1
fr	désirant	1	0
fr	désireux	1	0
fr	désobligeant	0	1
fr	désobéir	0	1
fr	désobéissance	0	1
fr	désobéissant	0	1
fr	désolation	0	1
fr	désordonné	0	1
fr	désordre	0	1
fr	désorganisé	0	1
fr	désuétude	0	1
fr	détachement	0	1
fr	détecter	1	0
fr	détection	1	0
fr	détenir	0	1
fr	détenu	0	1
fr	détermination	1	0
fr	déterminé	1	0
fr	détestable	0	1
fr	détester	0	1
fr	détresse	0	1
fr	détriment	0	1
fr	détritus	0	1
fr	détroits	0	1
fr	détruire	0	1
fr	détruit	0	1
fr	détérioration	0	1
fr	détériorer	0	1
fr	détérioré	0	1
fr	dévastateur	0	1
fr	dévastation	0	1
fr	dévaster	0	1
fr	développer	1	0
fr	dévolution	0	1
fr	dévorer	0	1
fr	dévotionnel	1	0
fr	dévouement	1	0
fr	dîner	1	0
fr	dû	0	1
fr	effacement	0	1
fr	effacer	0	1
fr	efficace	1	0
fr	efficacité	1	0
fr	effiloché	0	1
fr	effondrement	0	1
fr	effondrer	0	1
fr	effort	1	0
fr	effrayer	0	1
fr	effrayé	0	1
fr	effritement	0	1
fr	effronté	0	1
fr	effroyable	0	1
fr	efféminé	0	1
fr	embardée	0	1
fr	embarras	0	1
fr	embarrasser	0	1
fr	embellir	1	0
fr	embellissement	1	0
fr	embolie	0	1
fr	embrasse	1	0
fr	embrasé	1	0
fr	embrouiller	0	1
fr	embrouillé	0	1
fr	embuscade	0	1
fr	emmêlé	0	1
fr	empathie	1	0
fr	empiètement	0	1
fr	emploi	1	0
fr	empoisonnement	0	1
fr	empoisonné	0	1
fr	emprisonnement	0	1
fr	emprisonner	0	1
fr	emprunteur	0	1
fr	enceinte	0	1
fr	encens	0	1
fr	enchanter	1	0
fr	enchanteur	1	0
fr	enchanté	1	0
fr	enchevêtrement	0	1
fr	enchevêtré	0	1
fr	enclave	0	1
fr	encombrement	0	1
fr	encouragement	1	0
fr	encourager	1	0
fr	encourir	0	1
fr	encyclopédie	1	0
fr	endoctrinement	0	1
fr	endolori	0	1
fr	endurance	1	0
fr	endurci	0	1
fr	endémique	0	1
fr	enfance	1	0
fr	enfant	1	0
fr	enfer	0	1
fr	enfin	1	0
fr	engageant	1	0
fr	engagement	1	0
fr	engagé	1	0
fr	engourdi	0	1
fr	engourdissement	0	1
fr	enlèvement	0	1
fr	ennemi	0	1
fr	ennui	0	1
fr	ennuyer	0	1
fr	ennuyeuse	0	1
fr	ennuyeux	0	1
fr	enquête	1	0
fr	enquêter	1	0
fr	enquêteur	1	0
fr	enraciné	1	0
fr	enragé	0	1
fr	enregistrer	1	0
fr	enregistreur	1	0
fr	enrichir	1	0
fr	ensemble	1	0
fr	ensoleillement	1	0
fr	ensoleillé	1	0
fr	entacher	0	1
fr	entaille	0	1
fr	enterrement	0	1
fr	enterré	0	1
fr	enthousiasme	1	0
fr	entorse	0	1
fr	entourer	1	1
fr	entrailles	0	1
fr	entrave	0	1
fr	entraver	0	1
fr	entre	0	1
fr	entreprenant	1	0
fr	envahi	0	1
fr	envahir	0	1
fr	envahisseur	0	1
fr	envieux	0	1
fr	errant	0	1
fr	erratique	0	1
fr	erratum	0	1
fr	erreur	0	1
fr	erroné	0	1
fr	escarmouche	0	1
fr	esclavage	0	1
fr	esclave	0	1
fr	escroc	0	1
fr	espionnage	0	1
fr	espiègle	1	0
fr	esprit	1	0
fr	esprits	1	0
fr	espérer	1	0
fr	essentiel	1	0
fr	esthétique	1	0
fr	estime	1	0
fr	estropié	0	1
fr	euphorie	1	0
fr	euthanasie	0	1
fr	exacerbation	0	1
fr	exacerber	0	1
fr	exagérer	0	1
fr	exagéré	0	1
fr	exaltation	1	0
fr	exalter	1	0
fr	exalté	1	0
fr	examen	0	1
fr	exaspération	0	1
fr	excellence	1	0
fr	excellent	1	0
fr	exceller	1	0
fr	excentrique	0	1
fr	exceptionnel	1	1
fr	exciser	0	1
fr	excitable	1	0
fr	excitation	1	0
fr	exciter	1	0
fr	excité	1	0
fr	exclu	0	1
fr	exclusion	0	1
fr	excrément	0	1
fr	excréments	0	1
fr	excuse	0	1
fr	excuses	1	0
fr	excès	0	1
fr	exemplaire	1	0
fr	exemple	1	0
fr	exemption	1	0
fr	exercé	1	0
fr	exhortation	1	0
fr	exhorter	1	0
fr	exigeant	0	1
fr	exilé	0	1
fr	existence	1	0
fr	exorcisme	0	1
fr	exotique	1	0
fr	expatrié	0	1
fr	expert	1	0
fr	expiation	1	0
fr	expier	1	0
fr	expirer	0	1
fr	expiré	0	1
fr	explique	1	0
fr	exploit	1	0
fr	exploser	0	1
fr	explosif	0	1
fr	explosion	1	1
fr	explétif	0	1
fr	exposé	0	1
fr	expropriation	0	1
fr	expulser	0	1
fr	expulsion	0	1
fr	expédition	1	0
fr	expérimenté	1	0
fr	exquis	1	0
fr	exquisement	1	0
fr	exsangue	1	0
fr	extase	1	0
fr	extensif	1	0
fr	extermination	0	1
fr	exterminer	0	1
fr	extrajudiciaire	0	1
fr	extraordinaire	1	0
fr	extraterrestre	0	1
fr	extrémité	0	1
fr	exubérance	1	0
fr	exécution	0	1
fr	fabricant	1	0
fr	fabrication	0	1
fr	fabriquer	0	1
fr	facilement	1	0
fr	faciliter	1	0
fr	facilité	1	0
fr	fade	0	1
fr	faible	0	1
fr	faiblement	0	1
fr	faillible	0	1
fr	faillite	0	1
fr	faisceau	1	0
fr	faits	1	0
fr	fallacieux	0	1
fr	falsification	0	1
fr	falsifier	0	1
fr	fameusement	1	0
fr	familiarité	1	0
fr	familier	1	0
fr	famine	0	1
fr	fanatique	0	1
fr	fanfare	1	0
fr	fantaisie	1	0
fr	fantomatique	0	1
fr	fantôme	0	1
fr	faon	0	1
fr	farce	0	1
fr	fardeau	0	1
fr	fascinant	1	0
fr	fascination	1	0
fr	fastidieux	0	1
fr	fatal	0	1
fr	fatalité	0	1
fr	fatigant	0	1
fr	fatigue	0	1
fr	fatigué	0	1
fr	faufiler	0	1
fr	faussement	0	1
fr	fausseté	0	1
fr	faute	0	1
fr	faux	0	1
fr	favorable	1	0
fr	favoritisme	1	0
fr	feint	0	1
fr	femelle	1	0
fr	ferme	1	0
fr	fermenter	0	1
fr	fermeture	1	0
fr	fermeté	1	0
fr	fers	0	1
fr	fertile	1	0
fr	ferveur	1	0
fr	fesser	0	1
fr	festival	1	0
fr	fiabilité	1	0
fr	fiable	1	0
fr	fiancé	1	0
fr	fiasco	0	1
fr	fictif	0	1
fr	fidèle	1	0
fr	fidélité	1	0
fr	fiel	0	1
fr	fier	1	0
fr	fierté	1	0
fr	fiesta	1	0
fr	fille	1	0
fr	final	1	0
fr	fissure	0	1
fr	fissuré	0	1
fr	fixation	1	0
fr	flagrant	0	1
fr	flamber	0	1
fr	flasque	0	1
fr	flatteur	1	0
fr	flatulence	0	1
fr	flegme	0	1
fr	fleur	1	0
fr	fleuri	1	0
fr	flirter	1	1
fr	flocon	0	1
fr	floraison	1	0
fr	floral	1	0
fr	flotte	1	0
fr	flou	0	1
fr	fluctuation	0	1
fr	flâneur	0	1
fr	fléau	0	1
fr	flétri	0	1
fr	flétrir	0	1
fr	foi	1	0
fr	folie	0	1
fr	fonctionnalité	1	0
fr	fond	1	0
fr	fondamental	1	0
fr	fondation	1	0
fr	fondu	0	1
fr	football	1	0
fr	force	1	0
fr	forcé	0	1
fr	forger	1	0
fr	forgé	0	1
fr	formatif	1	0
fr	forme	1	0
fr	formidable	1	0
fr	formule	1	0
fr	fornication	0	1
fr	fortement	1	1
fr	forteresse	1	0
fr	fortifier	1	0
fr	fortune	1	0
fr	fou	0	1
fr	fouet	0	1
fr	fouetter	0	1
fr	fouillis	0	1
fr	foule	0	1
fr	fourbe	0	1
fr	fournir	1	0
fr	fourrage	0	1
fr	foyer	1	0
fr	fracasser	0	1
fr	fracture	0	1
fr	fragile	0	1
fr	fragilité	0	1
fr	frais	0	1
fr	franc	1	0
fr	franchise	1	0
fr	frappant	1	0
fr	frapper	0	1
fr	frappé	1	1
fr	fraternel	1	0
fr	fraternité	1	0
fr	fraude	0	1
fr	frauder	0	1
fr	frauduleux	0	1
fr	fraîcheur	1	0
fr	frelaté	0	1
fr	frette	0	1
fr	friction	0	1
fr	fringant	1	0
fr	frisson	1	1
fr	frivole	0	1
fr	froid	0	1
fr	froidement	0	1
fr	froideur	0	1
fr	frotter	0	1
fr	fructueux	1	0
fr	frugal	1	0
fr	frustration	0	1
fr	frustrer	0	1
fr	frustré	0	1
fr	frère	1	0
fr	frémir	0	1
fr	frémissant	0	1
fr	frénésie	0	1
fr	frénétique	0	1
fr	fugitif	0	1
fr	fuite	0	1
fr	fumant	0	1
fr	fumeur	0	1
fr	fumier	0	1
fr	fumisterie	0	1
fr	fumée	0	1
fr	fureur	0	1
fr	furieux	0	1
fr	furtif	0	1
fr	fusible	1	0
fr	fusil	0	1
fr	fusionner	1	0
fr	futile	0	1
fr	futilité	0	1
fr	fuyez	0	1
fr	fâcheux	0	1
fr	fèces	0	1
fr	fébrile	0	1
fr	fécale	0	1
fr	félicité	1	0
fr	féodal	0	1
fr	féodalisme	0	1
fr	féroce	0	1
fr	férocité	0	1
fr	fête	1	1
fr	gaby	0	1
fr	gaffe	0	1
fr	gag	0	1
fr	gage	1	0
fr	gagnant	1	0
fr	gagner	1	0
fr	gaieté	1	0
fr	gain	1	0
fr	gains	1	0
fr	galant	1	0
fr	galanterie	1	0
fr	galbé	1	0
fr	gale	0	1
fr	gambader	1	0
fr	gang	0	1
fr	garant	1	0
fr	garantie	1	0
fr	garde	1	0
fr	garderie	1	0
fr	gardien	1	0
fr	garnir	0	1
fr	garnison	1	0
fr	garçon	0	1
fr	gaspillage	0	1
fr	gaspilleur	0	1
fr	gaufre	0	1
fr	gazette	1	0
fr	gazouiller	1	0
fr	gel	0	1
fr	gelure	0	1
fr	gemme	1	0
fr	gent	0	1
fr	gentil	1	0
fr	gentilhomme	1	0
fr	ghetto	0	1
fr	gifler	0	1
fr	gigantesque	1	0
fr	gitan	0	1
fr	glacial	0	1
fr	glas	0	1
fr	glisser	1	0
fr	gloire	1	0
fr	glorification	1	0
fr	glorifier	1	0
fr	glousser	1	0
fr	glouton	0	1
fr	gnome	0	1
fr	gonflement	0	1
fr	gonflé	0	1
fr	goo	0	1
fr	gorge	0	1
fr	gorille	0	1
fr	gospel	1	0
fr	goudronneux	0	1
fr	gouge	0	1
fr	goujat	0	1
fr	goujon	1	0
fr	gourmandise	0	1
fr	gourou	1	0
fr	goutte	0	1
fr	gouverne	1	0
fr	gouvernement	0	1
fr	gracieusement	1	0
fr	gracieux	1	0
fr	grain	0	1
fr	graisse	0	1
fr	grand-mère	1	0
fr	grandement	0	1
fr	grandeur	1	0
fr	gras	0	1
fr	grave	0	1
fr	grenade	0	1
fr	grenat	1	0
fr	grief	0	1
fr	griffe	0	1
fr	griffonnage	0	1
fr	grille	0	1
fr	griller	0	1
fr	grimacer	0	1
fr	grincement	0	1
fr	grincer	1	0
fr	grincheux	0	1
fr	grippe	0	1
fr	grizzly	0	1
fr	grognement	0	1
fr	grondement	0	1
fr	gronder	0	1
fr	grossesse	0	1
fr	grotesque	0	1
fr	grumeleux	0	1
fr	grégaire	1	0
fr	guerre	0	1
fr	guerrier	1	1
fr	guichet	1	0
fr	guide	1	0
fr	guider	1	0
fr	guillotine	0	1
fr	guzzling	0	1
fr	guérilla	0	1
fr	guérir	1	0
fr	guérison	1	0
fr	guérissable	1	0
fr	gymnaste	1	0
fr	gâcher	0	1
fr	gémissement	0	1
fr	génial	1	0
fr	génie	1	0
fr	général	1	0
fr	généreuse	1	0
fr	généreux	1	0
fr	générosité	1	0
fr	géranium	1	0
fr	gérer	1	0
fr	gériatrique	0	1
fr	gênant	0	1
fr	habile	1	0
fr	habileté	1	0
fr	habiliter	1	0
fr	habitat	1	0
fr	habituel	1	0
fr	hacher	0	1
fr	haine	0	1
fr	hallucination	0	1
fr	halètement	0	1
fr	handicap	0	1
fr	hanter	0	1
fr	hanté	0	1
fr	harceler	0	1
fr	harmonie	1	0
fr	harmonieusement	1	0
fr	harry	0	1
fr	haschisch	0	1
fr	haut	1	0
fr	hautain	0	1
fr	havre	1	0
fr	haïr	0	1
fr	hermaphrodite	0	1
fr	herpès	0	1
fr	herpèsvirus	0	1
fr	heureusement	1	0
fr	heureux	1	0
fr	hideux	0	1
fr	hilarant	1	0
fr	hilarité	1	0
fr	hippie	0	1
fr	holocauste	0	1
fr	homicide	0	1
fr	hommage	1	0
fr	homologie	1	0
fr	homosexualité	0	1
fr	honneur	1	0
fr	honnête	1	0
fr	honnêteté	1	0
fr	honorable	1	0
fr	honteux	0	1
fr	horde	0	1
fr	horizon	1	0
fr	horreur	0	1
fr	horreurs	0	1
fr	horrible	0	1
fr	horriblement	0	1
fr	horrifié	0	1
fr	hospitalité	1	0
fr	hostile	0	1
fr	hostilité	0	1
fr	hostilités	0	1
fr	hourra	1	0
fr	huer	0	1
fr	huissier	1	1
fr	humain	1	0
fr	humanitaire	1	0
fr	humanité	1	0
fr	humble	1	1
fr	humblement	1	0
fr	humiliant	0	1
fr	humiliation	0	1
fr	humilier	0	1
fr	humilité	1	0
fr	humilié	1	0
fr	humoriste	1	0
fr	humoristique	1	0
fr	hurler	0	1
fr	hustler	0	1
fr	huée	0	1
fr	hydre	0	1
fr	hydrocéphalie	0	1
fr	hygiénique	1	0
fr	hymne	1	0
fr	hype	0	1
fr	hyperbole	0	1
fr	hypocrisie	0	1
fr	hypocrite	0	1
fr	hystérie	0	1
fr	hystérique	0	1
fr	hâve	0	1
fr	hébergement	1	0
fr	hédonisme	1	1
fr	hémorragie	0	1
fr	héritage	1	0
fr	héros	1	0
fr	héroïne	1	1
fr	héroïque	1	0
fr	héroïsme	1	0
fr	hérésie	0	1
fr	hérétique	0	1
fr	hésitation	0	1
fr	idiot	0	1
fr	idiotie	0	1
fr	idole	1	0
fr	idolâtrie	0	1
fr	idéalisme	1	0
fr	ignifuger	1	0
fr	ignorance	0	1
fr	ignorant	0	1
fr	ignorer	0	1
fr	ignoré	0	1
fr	illicite	0	1
fr	illimité	1	0
fr	illisible	0	1
fr	illogique	0	1
fr	illusion	0	1
fr	illustre	1	0
fr	illustrer	1	0
fr	illégal	0	1
fr	illégalité	0	1
fr	illégitime	0	1
fr	imaginatif	1	0
fr	imbécile	0	1
fr	imitateur	0	1
fr	imitation	0	1
fr	imiter	1	1
fr	imité	0	1
fr	immaculé	1	0
fr	immature	0	1
fr	immaturité	0	1
fr	immense	1	0
fr	immerger	1	0
fr	immeuble	1	1
fr	immobilité	1	0
fr	immoral	0	1
fr	immoralité	0	1
fr	immortel	1	0
fr	immédiatement	1	1
fr	impair	0	1
fr	imparfaitement	0	1
fr	impartial	1	1
fr	impartialité	1	0
fr	impasse	0	1
fr	impatience	0	1
fr	impatient	0	1
fr	impeccable	1	0
fr	impensable	0	1
fr	imperfection	0	1
fr	imperméabiliser	1	0
fr	imperméable	1	0
fr	impie	0	1
fr	impitoyable	0	1
fr	impiété	0	1
fr	implacable	0	1
fr	impliquer	0	1
fr	impliqué	0	1
fr	impoli	0	1
fr	impopulaire	0	1
fr	importance	1	0
fr	important	1	0
fr	importun	0	1
fr	imposant	1	0
fr	imposer	1	1
fr	imposition	0	1
fr	impossible	0	1
fr	impraticable	0	1
fr	impression	1	0
fr	impressionner	1	0
fr	improductif	0	1
fr	improviser	1	0
fr	imprudent	0	1
fr	imprécision	0	1
fr	imprévisible	0	1
fr	impuissance	0	1
fr	impuissant	0	1
fr	impur	0	1
fr	impureté	0	1
fr	imputation	0	1
fr	impôt	0	1
fr	inacceptable	0	1
fr	inaccessible	0	1
fr	inachevé	0	1
fr	inaction	0	1
fr	inactivité	0	1
fr	inadmissible	0	1
fr	inadéquat	0	1
fr	inaliénable	1	0
fr	inapplicable	0	1
fr	inapproprié	0	1
fr	inattendu	1	1
fr	inattention	0	1
fr	inaudible	0	1
fr	inauguration	1	0
fr	incalculable	0	1
fr	incapable	0	1
fr	incapacité	0	1
fr	incarcération	0	1
fr	incassable	1	0
fr	incendiaire	0	1
fr	incendie	0	1
fr	incendies	0	1
fr	incertain	0	1
fr	incessant	0	1
fr	inceste	0	1
fr	incestueux	0	1
fr	incinération	0	1
fr	incisif	1	0
fr	inciter	0	1
fr	incliner	1	0
fr	inclus	1	0
fr	inclément	0	1
fr	incohérence	0	1
fr	incohérent	0	1
fr	incommode	0	1
fr	incompatible	0	1
fr	incomplétude	0	1
fr	incompréhensible	0	1
fr	incompétence	0	1
fr	incompétent	0	1
fr	inconduite	0	1
fr	inconfortable	0	1
fr	incongru	0	1
fr	inconnu	0	1
fr	inconscient	0	1
fr	inconsidéré	0	1
fr	inconstant	0	1
fr	inconstitutionnel	0	1
fr	incontestable	1	0
fr	incontestablement	1	0
fr	incontesté	1	0
fr	incontrôlable	0	1
fr	incontrôlé	0	1
fr	inconvenance	0	1
fr	inconvénient	0	1
fr	incorrect	0	1
fr	incrimination	0	1
fr	incroyable	0	1
fr	incrédule	0	1
fr	incrédulité	0	1
fr	incube	0	1
fr	incurable	0	1
fr	incursion	0	1
fr	indemne	1	0
fr	indemniser	0	1
fr	indemnité	1	0
fr	indenture	0	1
fr	indestructible	1	0
fr	indicible	0	1
fr	indifférence	0	1
fr	indifférent	0	1
fr	indigent	0	1
fr	indignation	0	1
fr	indigne	0	1
fr	indigné	0	1
fr	indiscipliné	0	1
fr	indiscret	0	1
fr	indisposé	0	1
fr	indistinct	0	1
fr	individualité	1	0
fr	indivise	1	0
fr	indolent	0	1
fr	indomptable	1	0
fr	indulgent	1	0
fr	indécent	0	1
fr	indécis	0	1
fr	indécision	0	1
fr	indéfendable	0	1
fr	indélébile	1	0
fr	indépendance	1	0
fr	indésirable	0	1
fr	indéterminé	0	1
fr	ineffable	1	0
fr	inefficace	0	1
fr	inefficacité	0	1
fr	inepte	0	1
fr	ineptie	0	1
fr	inerte	0	1
fr	inestimable	1	0
fr	inexacte	0	1
fr	inexcusable	0	1
fr	inexplicable	0	1
fr	inexpliqué	0	1
fr	inexpérimenté	0	1
fr	infaillible	1	0
fr	infamie	0	1
fr	infanticide	0	1
fr	infantile	0	1
fr	infarctus	0	1
fr	infecter	0	1
fr	infectieux	0	1
fr	infection	0	1
fr	infertilité	0	1
fr	infestation	0	1
fr	infidèle	0	1
fr	infidélité	0	1
fr	infiltration	1	1
fr	infini	1	0
fr	infirme	0	1
fr	infirmité	0	1
fr	infirmière	1	0
fr	inflammation	0	1
fr	inflation	0	1
fr	inflexible	0	1
fr	infliger	0	1
fr	influence	1	1
fr	influent	1	0
fr	informateur	0	1
fr	information	1	0
fr	informe	0	1
fr	infraction	0	1
fr	infranchissable	0	1
fr	infructueux	0	1
fr	infâme	0	1
fr	inférieur	0	1
fr	infériorité	0	1
fr	ingrat	0	1
fr	ingénieux	1	0
fr	ingérable	0	1
fr	ingérence	0	1
fr	inhiber	0	1
fr	inhospitalier	0	1
fr	inhumain	0	1
fr	inhumanité	0	1
fr	inhumation	0	1
fr	inimaginable	1	1
fr	inimitable	1	0
fr	inintelligible	0	1
fr	ininterrompu	1	0
fr	inintéressant	0	1
fr	iniquité	0	1
fr	injonction	0	1
fr	injuste	0	1
fr	injustice	0	1
fr	injustifiable	0	1
fr	injustifié	0	1
fr	innocence	1	0
fr	innocent	1	0
fr	innovation	1	0
fr	innover	1	0
fr	inoffensif	1	0
fr	inonder	0	1
fr	inopérant	0	1
fr	inoxydable	1	0
fr	inquiet	0	1
fr	inquiétant	0	1
fr	inquiéter	0	1
fr	inquiétude	0	1
fr	insaisissable	0	1
fr	insatisfaction	0	1
fr	insatisfaisant	0	1
fr	insatisfait	0	1
fr	insensé	0	1
fr	insidieux	0	1
fr	insigne	1	0
fr	insignifiance	0	1
fr	insignifiant	0	1
fr	insipide	0	1
fr	insolent	0	1
fr	insolvabilité	0	1
fr	insolvable	0	1
fr	insouciance	0	1
fr	insoutenable	0	1
fr	inspecteur	1	0
fr	inspiration	1	0
fr	inspirer	1	0
fr	inspiré	1	0
fr	instabilité	0	1
fr	instable	0	1
fr	instigation	0	1
fr	instinctif	1	0
fr	instructeur	1	0
fr	instruction	1	0
fr	instruire	1	0
fr	instrumental	1	0
fr	insuffisamment	0	1
fr	insuffisance	0	1
fr	insuffisant	0	1
fr	insultant	0	1
fr	insulter	0	1
fr	insupportable	0	1
fr	insurgé	0	1
fr	insurmontable	0	1
fr	insurrection	0	1
fr	insécurité	0	1
fr	inséparable	1	0
fr	intact	1	0
fr	intellect	1	0
fr	intellectuel	1	0
fr	intelligence	1	0
fr	intelligent	1	0
fr	intenable	0	1
fr	intendant	1	0
fr	intense	1	1
fr	intensifier	0	1
fr	intensité	0	1
fr	interdiction	0	1
fr	interdire	0	1
fr	interdit	0	1
fr	interlocutoire	1	0
fr	interlude	1	0
fr	interminable	1	1
fr	interprète	1	0
fr	interrompre	0	1
fr	interrompu	0	1
fr	intervention	1	1
fr	intestat	0	1
fr	intime	1	0
fr	intimidation	0	1
fr	intimider	0	1
fr	intolérable	0	1
fr	intolérance	0	1
fr	intolérant	0	1
fr	intonation	1	0
fr	intraitable	0	1
fr	intrigue	0	1
fr	intrus	0	1
fr	intrusif	0	1
fr	intrusion	0	1
fr	intrépide	1	0
fr	intuitif	1	0
fr	intuition	1	0
fr	intégrité	1	0
fr	intéressant	1	0
fr	intéressé	1	0
fr	intérieur	1	0
fr	intérêt	1	0
fr	inutile	0	1
fr	invaincu	1	1
fr	invalider	0	1
fr	invalidité	0	1
fr	invariablement	1	0
fr	invasion	0	1
fr	inventeur	1	0
fr	inventif	1	0
fr	invitation	1	0
fr	inviter	1	0
fr	involontaire	0	1
fr	involontairement	0	1
fr	involution	0	1
fr	inébranlable	1	0
fr	inégal	0	1
fr	inégalité	0	1
fr	inégalée	1	0
fr	inéquitable	0	1
fr	inévitable	0	1
fr	irrationalité	0	1
fr	irrationnel	0	1
fr	irrespectueux	0	1
fr	irresponsable	0	1
fr	irritabilité	0	1
fr	irritable	0	1
fr	irritant	0	1
fr	irritation	0	1
fr	irrité	0	1
fr	irréconciliable	0	1
fr	irréductible	1	0
fr	irréfléchi	0	1
fr	irréfutable	1	0
fr	irrégularité	0	1
fr	irrégulier	0	1
fr	irréparable	0	1
fr	irréprochable	1	0
fr	irrésistible	1	1
fr	irrévocable	0	1
fr	irrévérencieux	0	1
fr	isolement	1	1
fr	isolé	0	1
fr	ivre	0	1
fr	ivresse	0	1
fr	jacasser	0	1
fr	jachère	0	1
fr	jalousie	0	1
fr	jaloux	0	1
fr	japper	0	1
fr	jardin	1	0
fr	jargon	0	1
fr	jaunes	0	1
fr	jaunisse	0	1
fr	jet	0	1
fr	jeune	1	0
fr	jeunesse	1	0
fr	jeûne	0	1
fr	john	0	1
fr	joie	1	0
fr	joindre	1	0
fr	joint	1	0
fr	joker	1	0
fr	joli	1	0
fr	joueur	0	1
fr	journaliste	1	1
fr	jovial	1	0
fr	joyeux	1	0
fr	jubilé	1	0
fr	judiciaire	1	0
fr	judicieux	1	0
fr	juger	0	1
fr	junte	0	1
fr	jurer	1	0
fr	jusqu'ici	0	1
fr	juste	1	0
fr	justement	1	0
fr	justice	1	0
fr	justifiable	1	0
fr	justificatif	1	0
fr	justification	1	0
fr	juvénile	0	1
fr	ken	1	0
fr	kern	0	1
fr	keynote	1	0
fr	kidnapper	0	1
fr	kyste	0	1
fr	l'apogée	1	0
fr	l'artillerie	0	1
fr	l'avance	1	0
fr	laborieux	0	1
fr	labyrinthe	0	1
fr	laid	0	1
fr	laisser	0	1
fr	lamenter	0	1
fr	lampée	0	1
fr	lance	0	1
fr	lancement	1	0
fr	languir	0	1
fr	languissant	0	1
fr	lapidé	0	1
fr	laps	0	1
fr	laser	1	0
fr	lassitude	0	1
fr	latent	0	1
fr	latrines	0	1
fr	laurier	1	0
fr	lauriers	1	0
fr	lauréat	1	0
fr	lave	0	1
fr	laxatif	0	1
fr	lecteur	1	0
fr	lemme	1	0
fr	lenteur	0	1
fr	lesbienne	0	1
fr	lettré	1	0
fr	leucémie	0	1
fr	leurre	0	1
fr	leçon	1	0
fr	liaison	0	1
fr	liberté	1	0
fr	librairie	1	0
fr	libre	0	1
fr	librement	1	0
fr	libéral	1	1
fr	libération	1	0
fr	libérer	1	0
fr	licou	0	1
fr	ligue	1	0
fr	limace	0	1
fr	limité	0	1
fr	linguiste	1	0
fr	lion	1	0
fr	lisibilité	1	0
fr	lisible	1	0
fr	lisse	1	0
fr	litige	0	1
fr	litigieux	0	1
fr	litière	0	1
fr	livide	0	1
fr	livraison	1	0
fr	livre	0	1
fr	livresque	1	0
fr	lié	0	1
fr	lobbyiste	0	1
fr	locataire	1	0
fr	location	1	0
fr	locaux	1	0
fr	logique	1	0
fr	loisir	1	0
fr	longévité	1	0
fr	loo	0	1
fr	louable	1	0
fr	louange	1	0
fr	louer	1	0
fr	lourd	0	1
fr	lourdaud	0	1
fr	loué	1	0
fr	lubrique	0	1
fr	lueur	1	0
fr	lugubre	0	1
fr	luminosité	1	0
fr	lustre	1	0
fr	lustré	1	0
fr	lutin	0	1
fr	lutte	0	1
fr	lutté	0	1
fr	luxe	1	0
fr	luxueux	1	0
fr	luxure	0	1
fr	luxuriant	1	1
fr	lyncher	0	1
fr	lyre	1	0
fr	lyrique	1	0
fr	lâche	0	1
fr	lâcheté	0	1
fr	lèpre	0	1
fr	lécher	0	1
fr	légal	1	0
fr	légalisé	1	0
fr	légendaire	1	0
fr	légitime	1	0
fr	léthargie	0	1
fr	macabre	0	1
fr	madden	0	1
fr	mafia	0	1
fr	magique	1	0
fr	magnificence	1	0
fr	magnifique	1	0
fr	magnétisme	1	0
fr	magnétite	1	0
fr	maigre	0	1
fr	maire	1	0
fr	majestueux	1	0
fr	majesté	1	0
fr	majeur	1	0
fr	majordome	1	0
fr	majorité	1	0
fr	mal	0	1
fr	malade	0	1
fr	maladie	0	1
fr	maladif	0	1
fr	maladresse	0	1
fr	maladroit	0	1
fr	malaise	0	1
fr	malchanceux	0	1
fr	malentendu	0	1
fr	malformation	0	1
fr	malheur	0	1
fr	malheureusement	0	1
fr	malheureux	0	1
fr	malhonnête	0	1
fr	malhonnêteté	0	1
fr	malice	0	1
fr	malicieux	0	1
fr	malignité	0	1
fr	malin	0	1
fr	malveillant	0	1
fr	malversation	0	1
fr	malédiction	0	1
fr	maman	0	1
fr	manchon	0	1
fr	mandamus	0	1
fr	mandarin	1	0
fr	manger	1	0
fr	maniaque	0	1
fr	manifesté	1	0
fr	manille	0	1
fr	manipulation	0	1
fr	manipuler	0	1
fr	manivelle	0	1
fr	manières	1	0
fr	maniéré	1	0
fr	manne	1	0
fr	mannequin	0	1
fr	manquant	0	1
fr	manque	0	1
fr	mar	0	1
fr	marais	0	1
fr	marasme	0	1
fr	marge	0	1
fr	mariage	1	0
fr	marier	1	0
fr	marmonner	0	1
fr	marquis	1	0
fr	marqué	1	0
fr	mars	1	0
fr	martingale	0	1
fr	martyr	0	1
fr	martyre	0	1
fr	marécageux	0	1
fr	maréchal	1	0
fr	masculin	1	0
fr	masochisme	0	1
fr	massacre	0	1
fr	massage	1	0
fr	masse	0	1
fr	maternel	1	1
fr	maternité	1	0
fr	matrone	1	0
fr	matérialisme	0	1
fr	matérialiste	0	1
fr	maudire	0	1
fr	maudit	0	1
fr	maussade	0	1
fr	mauvais	0	1
fr	mauviette	0	1
fr	maximum	1	0
fr	maîtresse	0	1
fr	maîtriser	1	1
fr	menace	0	1
fr	menacer	0	1
fr	menaçant	0	1
fr	mendiant	0	1
fr	mendicité	0	1
fr	mendier	0	1
fr	mensonge	0	1
fr	menteur	0	1
fr	mentor	1	0
fr	mer	1	0
fr	mercenaire	0	1
fr	mercure	0	1
fr	merde	0	1
fr	merveille	1	0
fr	merveilleusement	1	0
fr	merveilleux	1	0
fr	mesuré	1	0
fr	meurtre	0	1
fr	meurtrier	0	1
fr	microscopie	1	0
fr	mignonne	1	0
fr	milice	0	1
fr	mime	1	0
fr	mimétisme	0	1
fr	minable	0	1
fr	mince	1	0
fr	minimiser	0	1
fr	ministère	1	0
fr	minorité	0	1
fr	miné	0	1
fr	miracle	1	0
fr	miraculeux	1	0
fr	missionnaire	1	0
fr	misère	0	1
fr	misérable	0	1
fr	misérablement	0	1
fr	miséricordieux	1	0
fr	mite	0	1
fr	mobile	1	0
fr	modeste	1	0
fr	modestie	1	0
fr	modifier	1	0
fr	modèle	1	0
fr	modérateur	1	0
fr	modérer	1	0
fr	moelle	1	0
fr	moindre	0	1
fr	moine	1	0
fr	moisissure	0	1
fr	monochrome	0	1
fr	monopoliste	0	1
fr	monsieur	1	0
fr	monstre	0	1
fr	monstruosité	0	1
fr	montée	1	1
fr	monument	1	0
fr	monétaire	1	0
fr	moquerie	0	1
fr	moral	1	0
fr	morale	1	0
fr	moralité	1	0
fr	morbide	0	1
fr	morbidité	0	1
fr	morceau	0	1
fr	mordre	0	1
fr	morgue	0	1
fr	moribond	0	1
fr	morne	0	1
fr	mort-né	0	1
fr	mortalité	0	1
fr	mortel	0	1
fr	mortier	1	0
fr	mortification	0	1
fr	mortuaire	0	1
fr	mot	1	0
fr	motif	1	0
fr	mots	0	1
fr	mou	0	1
fr	mouette	0	1
fr	mousse	0	1
fr	mousson	0	1
fr	moustique	0	1
fr	mule	0	1
fr	musclé	1	0
fr	museau	0	1
fr	musical	1	0
fr	mutable	1	0
fr	mutant	0	1
fr	mutilation	0	1
fr	mutiler	0	1
fr	mutilé	0	1
fr	mutinerie	0	1
fr	mutuel	1	0
fr	myopie	0	1
fr	mâle	1	1
fr	mère	1	1
fr	méchanceté	0	1
fr	méchant	0	1
fr	méconnu	0	1
fr	mécontent	0	1
fr	mécontentement	0	1
fr	mécène	1	0
fr	médaille	1	0
fr	médecin	1	0
fr	médiat	1	0
fr	médiateur	1	0
fr	médical	1	0
fr	médiocre	0	1
fr	médiocrité	0	1
fr	méditerranéen	1	0
fr	méfait	0	1
fr	méfiance	0	1
fr	méfiant	0	1
fr	mélancolie	0	1
fr	mélancolique	0	1
fr	mélange	1	0
fr	mélodrame	0	1
fr	mémento	1	0
fr	mémorable	1	0
fr	ménage	1	0
fr	ménagère	1	0
fr	mépris	0	1
fr	méprisable	0	1
fr	méprisant	0	1
fr	mérite	1	0
fr	mériter	1	0
fr	méritoire	1	0
fr	mérité	1	0
fr	mésange	0	1
fr	mésaventure	0	1
fr	métastase	0	1
fr	méthanol	0	1
fr	métier	1	0
fr	métropolitain	1	0
fr	mêlée	0	1
fr	mûr	1	0
fr	mûrir	1	0
fr	nab	0	1
fr	nadir	0	1
fr	nager	1	0
fr	nain	0	1
fr	naissance	1	0
fr	narcotique	0	1
fr	naturaliste	1	0
fr	naufrage	0	1
fr	nauséeux	0	1
fr	navigable	1	0
fr	naïve	0	1
fr	naïvement	1	0
fr	nectar	1	0
fr	nerf	1	0
fr	nerveux	0	1
fr	nettoyage	1	0
fr	nettoyer	1	0
fr	nicotine	0	1
fr	nier	0	1
fr	nigaud	0	1
fr	nihilisme	0	1
fr	niveau	1	0
fr	noble	1	0
fr	noblesse	1	0
fr	nocif	0	1
fr	noir	0	1
fr	noirceur	0	1
fr	nombres	1	0
fr	nomination	1	0
fr	normalité	1	0
fr	notable	1	0
fr	notables	1	0
fr	notion	1	0
fr	notoriété	1	1
fr	nourrir	1	0
fr	nourriture	1	0
fr	noué	0	1
fr	noyer	0	1
fr	nuire	0	1
fr	nuisance	0	1
fr	nuisible	0	1
fr	nutritif	1	0
fr	nègre	0	1
fr	nécessaire	0	1
fr	nécessiteux	0	1
fr	nécrologie	0	1
fr	négatif	0	1
fr	négation	0	1
fr	négligence	0	1
fr	négligent	0	1
fr	négliger	0	1
fr	négligé	0	1
fr	négociateur	1	0
fr	négocier	1	0
fr	népotisme	0	1
fr	névralgie	0	1
fr	névrose	0	1
fr	névrosé	0	1
fr	oasis	1	0
fr	obi	0	1
fr	obit	0	1
fr	objectif	1	0
fr	objection	0	1
fr	obligations	0	1
fr	obligatoire	0	1
fr	obligeant	1	0
fr	obliger	0	1
fr	oblitération	0	1
fr	oblitéré	0	1
fr	obscurité	0	1
fr	obscène	0	1
fr	obscénité	0	1
fr	observateur	1	0
fr	obstacle	0	1
fr	obstiné	1	1
fr	obstructif	0	1
fr	obstruction	0	1
fr	obstruer	0	1
fr	obstétrique	1	0
fr	obtus	0	1
fr	obèse	0	1
fr	obéissance	1	0
fr	obésité	0	1
fr	occulte	0	1
fr	occupant	1	0
fr	occupation	1	0
fr	occuper	1	0
fr	odeur	0	1
fr	odieux	0	1
fr	offenser	0	1
fr	offensive	0	1
fr	offensé	0	1
fr	officier	1	0
fr	offing	0	1
fr	offre	1	0
fr	offrir	1	0
fr	ogre	0	1
fr	oisif	0	1
fr	olfactif	0	1
fr	oligarchie	0	1
fr	ombragé	0	1
fr	omettre	0	1
fr	omnipotence	1	1
fr	omniscient	1	0
fr	opaque	0	1
fr	opiacé	0	1
fr	opium	0	1
fr	opportun	1	0
fr	opportunité	1	0
fr	opposition	0	1
fr	opposé	0	1
fr	oppresseur	0	1
fr	oppressif	0	1
fr	oppression	0	1
fr	opprimer	0	1
fr	optimisme	1	0
fr	optimiste	1	0
fr	option	1	0
fr	optionnel	1	0
fr	opéra	1	0
fr	opératique	0	1
fr	or	1	0
fr	oracle	1	0
fr	orage	0	1
fr	orageux	0	1
fr	orc	0	1
fr	orchestre	1	0
fr	ordination	1	0
fr	ordonné	1	0
fr	ordures	0	1
fr	oreiller	1	0
fr	oreillons	0	1
fr	organisation	1	0
fr	organiser	1	0
fr	organisé	1	0
fr	orgasme	1	0
fr	orientation	1	0
fr	originalité	1	0
fr	origine	1	0
fr	ornements	0	1
fr	orné	1	0
fr	orphelin	0	1
fr	orthographe	1	0
fr	ortie	0	1
fr	otage	0	1
fr	oubli	0	1
fr	oublier	0	1
fr	oublié	0	1
fr	ouragan	0	1
fr	oursin	0	1
fr	outrage	0	1
fr	ouverture	1	0
fr	ouï-dire	0	1
fr	ovation	0	1
fr	oxydation	0	1
fr	pacifique	1	0
fr	pagaille	0	1
fr	pagayer	1	0
fr	paiement	0	1
fr	paillard	0	1
fr	pain	0	1
fr	paisible	1	0
fr	paix	1	0
fr	palliatif	1	0
fr	palpitant	1	0
fr	palpiter	0	1
fr	paludisme	0	1
fr	panache	1	0
fr	panacée	1	0
fr	pandémie	0	1
fr	panique	0	1
fr	panne	0	1
fr	paon	1	0
fr	paprika	1	0
fr	parade	1	1
fr	paralyser	0	1
fr	paralysie	0	1
fr	paralysé	0	1
fr	parangon	1	0
fr	paranoïa	0	1
fr	paraphrase	1	1
fr	parasite	0	1
fr	parcimonieux	0	1
fr	pardon	1	0
fr	pardonner	1	0
fr	pardonné	1	0
fr	parenté	1	0
fr	paresseux	0	1
fr	parfait	1	0
fr	parfumé	1	0
fr	pari	0	1
fr	pariétal	1	0
fr	parjure	0	1
fr	parlait	0	1
fr	parler	1	0
fr	parrainer	1	0
fr	partager	1	0
fr	partenaire	1	0
fr	partenariat	1	0
fr	partial	0	1
fr	participation	1	0
fr	particularité	1	0
fr	particularités	0	1
fr	partisan	0	1
fr	passe-partout	0	1
fr	passe-temps	1	0
fr	passif	0	1
fr	passionnant	1	0
fr	passionné	1	0
fr	passivité	0	1
fr	pasteur	1	0
fr	patauger	0	1
fr	pathétique	0	1
fr	patient	1	0
fr	patriarcal	1	0
fr	patronage	1	0
fr	pauvre	0	1
fr	pauvrement	0	1
fr	payant	0	1
fr	payer	1	0
fr	païen	0	1
fr	pedigree	1	0
fr	peine	0	1
fr	peiné	0	1
fr	pellicules	0	1
fr	peluche	1	1
fr	penchant	1	0
fr	pendaison	0	1
fr	pension	0	1
fr	perceptible	1	0
fr	perdant	0	1
fr	perdition	0	1
fr	perdre	0	1
fr	perdu	0	1
fr	perfide	0	1
fr	perk	1	0
fr	permanent	1	0
fr	pernicieux	0	1
fr	perplexe	0	1
fr	perplexité	0	1
fr	perpétuation	0	1
fr	perpétuité	1	0
fr	perroquet	0	1
fr	persistance	1	0
fr	persistant	1	0
fr	perspective	1	0
fr	perspicacité	1	0
fr	persécuter	0	1
fr	persécution	0	1
fr	perte	0	1
fr	pertinent	1	0
fr	perturbation	0	1
fr	perturbé	0	1
fr	pervers	0	1
fr	perversion	0	1
fr	pervertir	0	1
fr	pessimisme	0	1
fr	pessimiste	0	1
fr	peste	0	1
fr	petit	0	1
fr	peur	0	1
fr	phare	1	0
fr	pharmaceutique	1	0
fr	philanthrope	1	0
fr	philanthropie	1	0
fr	philosophe	1	0
fr	phonétique	1	0
fr	phrase	0	1
fr	physiologie	1	0
fr	physique	1	0
fr	phénix	1	0
fr	picorer	1	0
fr	pierre	0	1
fr	pieux	1	1
fr	pigeon	0	1
fr	pignon	0	1
fr	pilier	1	0
fr	pillage	0	1
fr	pilote	1	0
fr	pilule	1	0
fr	pimenter	1	0
fr	pin	0	1
fr	pion	0	1
fr	pionnier	1	0
fr	pique-nique	1	0
fr	piquer	0	1
fr	piquet	0	1
fr	piqûre	0	1
fr	pirate	0	1
fr	pire	0	1
fr	pistolet	0	1
fr	pitié	1	0
fr	pitre	1	0
fr	pittoresque	1	0
fr	pivot	1	0
fr	pièce	0	1
fr	piège	0	1
fr	pièges	0	1
fr	piéton	0	1
fr	piété	1	0
fr	placide	1	0
fr	plagiat	0	1
fr	plaider	0	1
fr	plaideur	0	1
fr	plaidoyer	1	1
fr	plaindre	0	1
fr	plainte	0	1
fr	plaisanterie	1	0
fr	planification	1	0
fr	plaqué	0	1
fr	plein	1	0
fr	pleinement	1	0
fr	pleurer	0	1
fr	pleurs	0	1
fr	plexus	1	0
fr	pli	1	0
fr	plomb	0	1
fr	plongeon	0	1
fr	plonger	0	1
fr	plénier	1	0
fr	pneumonie	0	1
fr	poids	1	1
fr	poignant	0	1
fr	poignard	0	1
fr	poignarder	0	1
fr	poignée	0	1
fr	poil	0	1
fr	poilu	0	1
fr	pointu	1	0
fr	poison	0	1
fr	poli	1	0
fr	police	1	0
fr	policier	1	0
fr	polio	0	1
fr	politesse	1	0
fr	polluer	0	1
fr	polonais	1	0
fr	polémique	0	1
fr	pompe	0	1
fr	pompette	0	1
fr	pompeux	0	1
fr	ponctualité	1	0
fr	ponctuel	1	0
fr	pop	0	1
fr	populace	0	1
fr	popularisé	1	0
fr	popularité	1	0
fr	population	1	0
fr	porc	0	1
fr	porc-épic	0	1
fr	porcherie	0	1
fr	porno	0	1
fr	pornographie	0	1
fr	pornographique	0	1
fr	portable	1	0
fr	porter	0	1
fr	porteur	0	1
fr	portée	0	1
fr	pose	0	1
fr	possession	0	1
fr	posséder	1	0
fr	possédé	0	1
fr	posthume	0	1
fr	pot-de-vin	0	1
fr	potable	1	0
fr	potence	0	1
fr	potins	0	1
fr	pou	0	1
fr	poubelle	0	1
fr	pourri	0	1
fr	pourrir	0	1
fr	pourriture	0	1
fr	poursuite	0	1
fr	poursuivre	0	1
fr	pousser	0	1
fr	poussière	0	1
fr	poussée	0	1
fr	poutre	1	0
fr	prairie	1	0
fr	pratique	1	0
fr	premier	1	0
fr	prescient	1	0
fr	pressentiment	0	1
fr	pression	0	1
fr	pressé	0	1
fr	prestidigitation	0	1
fr	prestige	1	0
fr	presto	1	0
fr	prier	1	1
fr	primaire	1	0
fr	primauté	1	0
fr	prime	1	0
fr	primordial	1	0
fr	prince	1	0
fr	princesse	1	0
fr	princier	1	0
fr	principal	1	0
fr	principale	1	0
fr	priorité	1	0
fr	prison	0	1
fr	prisonnier	0	1
fr	privation	0	1
fr	privilégié	1	0
fr	privé	0	1
fr	prix	1	0
fr	probité	1	0
fr	problème	0	1
fr	procession	1	0
fr	procrastination	0	1
fr	procurer	1	0
fr	procureur	1	0
fr	procès	0	1
fr	procédure	1	0
fr	prodige	1	0
fr	prodigieux	1	0
fr	prodigue	1	1
fr	prodiguer	1	0
fr	producteur	1	0
fr	productif	1	0
fr	production	1	0
fr	productivité	1	0
fr	produisant	1	0
fr	prof	1	0
fr	profanation	0	1
fr	profane	0	1
fr	professeur	1	0
fr	professionnel	1	0
fr	profondeur	1	0
fr	profusion	0	1
fr	progression	1	0
fr	progressive	1	0
fr	proie	0	1
fr	prolifique	1	0
fr	prolonger	0	1
fr	prometteur	1	0
fr	promettre	1	0
fr	promiscuité	0	1
fr	promotion	1	0
fr	prophylactique	1	0
fr	prophète	1	0
fr	propice	1	0
fr	proposition	1	0
fr	propre	1	0
fr	propreté	1	0
fr	prospère	1	0
fr	prospérer	1	0
fr	prostituée	0	1
fr	protecteur	1	0
fr	protéger	1	0
fr	prouver	1	0
fr	proverbial	1	0
fr	provisions	1	0
fr	provocation	0	1
fr	provoquant	0	1
fr	proximité	1	0
fr	prudence	1	0
fr	prudent	1	0
fr	prune	1	0
fr	précaire	0	1
fr	précaution	1	0
fr	précieux	1	0
fr	précipité	0	1
fr	précis	1	0
fr	précision	1	0
fr	précurseur	1	0
fr	précédent	1	0
fr	précéder	1	0
fr	prédateur	0	1
fr	prédilection	1	0
fr	prédominant	1	0
fr	préférer	1	0
fr	préféré	1	0
fr	préjudice	0	1
fr	préjudiciable	0	1
fr	prélèvement	0	1
fr	prématuré	0	1
fr	prémédité	0	1
fr	préparer	1	0
fr	préparé	1	0
fr	préposé	1	0
fr	présage	0	1
fr	présence	1	0
fr	présent	1	0
fr	présentable	1	0
fr	présentation	1	1
fr	préservation	1	0
fr	préserver	1	0
fr	président	1	0
fr	présidente	1	0
fr	présomptueux	0	1
fr	prétendre	0	1
fr	prétendu	0	1
fr	prétentions	0	1
fr	prétexte	0	1
fr	prévaloir	1	0
fr	prévenance	1	0
fr	prévenant	1	0
fr	prévenir	0	1
fr	préventif	0	1
fr	prévenu	0	1
fr	prévoir	1	0
fr	prévoyance	1	0
fr	prévu	1	0
fr	prééminent	1	0
fr	prêtre	1	0
fr	prêtrise	1	0
fr	psaume	1	0
fr	psychose	0	1
fr	puant	0	1
fr	puanteur	0	1
fr	publique	1	0
fr	puce	0	1
fr	puceron	0	1
fr	puissamment	1	0
fr	puissance	1	0
fr	puissant	1	0
fr	punaise	0	1
fr	puni	0	1
fr	punir	0	1
fr	punitif	0	1
fr	purement	1	0
fr	pureté	1	0
fr	purgatoire	0	1
fr	purge	0	1
fr	purification	1	0
fr	purifier	1	0
fr	puriste	1	0
fr	pus	0	1
fr	putain	0	1
fr	puéril	0	1
fr	pâtisserie	1	0
fr	pâturage	1	0
fr	pécher	0	1
fr	pécheur	0	1
fr	pénal	0	1
fr	pénible	0	1
fr	pénitencier	0	1
fr	pénurie	0	1
fr	pénétration	0	1
fr	péril	0	1
fr	périlleux	0	1
fr	périple	1	0
fr	périr	0	1
fr	périssable	0	1
fr	périt	0	1
fr	pétard	0	1
fr	pétrole	1	1
fr	qualification	1	0
fr	qualifié	1	0
fr	querelle	0	1
fr	querelles	0	1
fr	question	1	0
fr	quinine	1	0
fr	quitter	0	1
fr	quiz	0	1
fr	quête	1	0
fr	rabais	1	0
fr	rabaisser	0	1
fr	rabat	0	1
fr	rabougri	0	1
fr	raccommodage	1	0
fr	raccord	1	0
fr	rachat	1	0
fr	rachitique	0	1
fr	radiant	1	0
fr	radiation	0	1
fr	radieux	1	0
fr	radio	1	0
fr	radioactif	0	1
fr	radon	0	1
fr	radotage	0	1
fr	raffinement	1	0
fr	rafraîchissant	1	0
fr	rage	0	1
fr	raid	0	1
fr	rail	0	1
fr	raillerie	0	1
fr	railleur	0	1
fr	raison	1	0
fr	rajeuni	1	0
fr	rajeunir	1	0
fr	ram	0	1
fr	ramification	1	0
fr	rance	0	1
fr	rancune	0	1
fr	rancœur	0	1
fr	randonnée	0	1
fr	rangé	0	1
fr	rangée	0	1
fr	rapaces	0	1
fr	rapide	1	0
fr	rapidité	1	0
fr	rapports	1	0
fr	raquette	0	1
fr	rare	0	1
fr	rarement	0	1
fr	rareté	0	1
fr	rassurer	1	0
fr	rat	0	1
fr	rationnel	1	0
fr	rauque	0	1
fr	ravage	0	1
fr	ravageur	0	1
fr	ravi	1	0
fr	ravissement	1	0
fr	ravisseur	0	1
fr	raviver	1	1
fr	rayonner	1	0
fr	rebelle	0	1
fr	recevoir	1	0
fr	rechigner	0	1
fr	rechute	0	1
fr	recommander	1	0
fr	reconnaissable	1	0
fr	reconnaissance	1	0
fr	reconnaissant	1	0
fr	reconstruction	1	0
fr	reconstruire	1	0
fr	rectifier	1	0
fr	reculer	0	1
fr	redevable	0	1
fr	redondant	0	1
fr	redresser	1	0
fr	refaire	1	0
fr	reflux	0	1
fr	refonte	1	0
fr	refrain	1	0
fr	refus	0	1
fr	refuser	0	1
fr	refusé	0	1
fr	regarder	0	1
fr	regrettable	0	1
fr	regrettant	0	1
fr	regretté	0	1
fr	rejet	0	1
fr	rejeter	0	1
fr	rejets	0	1
fr	rejette	0	1
fr	rejeté	0	1
fr	rejoint	1	0
fr	relancer	1	1
fr	relaxation	1	0
fr	relâché	0	1
fr	relégation	0	1
fr	remarquable	1	0
fr	rembourrage	1	0
fr	remboursement	1	1
fr	rembourser	1	0
fr	remise	1	0
fr	remodeler	1	0
fr	remords	0	1
fr	rempli	1	0
fr	remplir	1	0
fr	remède	1	0
fr	renaissance	1	0
fr	renarde	0	1
fr	rendre	1	0
fr	renforcement	1	0
fr	renforcer	1	0
fr	renfrogné	0	1
fr	renommé	1	0
fr	renommée	1	0
fr	renoncer	0	1
fr	renonciation	0	1
fr	renouvellement	1	0
fr	renversement	0	1
fr	renverser	0	1
fr	renvoi	0	1
fr	renvoyé	0	1
fr	renégat	0	1
fr	repaire	0	1
fr	report	0	1
fr	repos	1	0
fr	reposant	1	0
fr	repoussant	0	1
fr	repousser	0	1
fr	reprise	1	0
fr	reproche	0	1
fr	reproducteur	1	0
fr	représailles	0	1
fr	représentée	1	0
fr	requin	0	1
fr	respect	1	0
fr	respectabilité	1	0
fr	respectable	1	0
fr	respectant	1	0
fr	respects	1	0
fr	respectueux	1	0
fr	resplendissant	1	0
fr	responsabilité	1	0
fr	responsable	1	0
fr	ressources	1	0
fr	restaurer	1	0
fr	restes	1	1
fr	restitution	1	0
fr	restreindre	0	1
fr	restriction	0	1
fr	retard	0	1
fr	retardement	0	1
fr	retenue	1	1
fr	retirer	0	1
fr	retraite	1	1
fr	retranchement	0	1
fr	rets	0	1
fr	revers	0	1
fr	revigorer	1	0
fr	revolver	0	1
fr	reçu	1	0
fr	rhumatisme	0	1
fr	ricanement	0	1
fr	richesse	1	0
fr	ridicule	0	1
fr	rigide	0	1
fr	rigidité	0	1
fr	rigoureux	0	1
fr	rigueur	0	1
fr	rire	1	0
fr	risque	0	1
fr	risqué	0	1
fr	rivalité	0	1
fr	rivetage	1	0
fr	roadster	1	0
fr	rob	0	1
fr	robuste	1	1
fr	roche	1	0
fr	roi	1	0
fr	romance	1	0
fr	romantique	1	0
fr	rompre	1	1
fr	ronronner	1	0
fr	rosé	1	0
fr	rota	1	0
fr	rougeole	0	1
fr	rougir	0	1
fr	rouille	0	1
fr	rouillé	0	1
fr	routine	1	0
fr	royal	1	0
fr	royalties	1	0
fr	ruban	1	0
fr	rubrique	1	0
fr	ruche	0	1
fr	rue	0	1
fr	rugosité	0	1
fr	ruineux	0	1
fr	ruiné	0	1
fr	rumeur	0	1
fr	rupture	0	1
fr	ruse	1	1
fr	ruth	1	0
fr	rythme	1	0
fr	rythmé	1	0
fr	râpé	0	1
fr	règles	1	0
fr	réactionnaire	0	1
fr	réaffirmer	1	0
fr	réal	1	0
fr	réalisable	1	0
fr	réalisateur	1	0
fr	réalisation	1	0
fr	récalcitrant	0	1
fr	récession	0	1
fr	récidive	0	1
fr	réclamation	1	0
fr	récolte	1	0
fr	récompense	1	0
fr	réconciliation	1	0
fr	réconfort	1	0
fr	récréatif	1	0
fr	récupération	1	0
fr	récupérer	1	0
fr	réduire	0	1
fr	réel	1	0
fr	réexamen	1	0
fr	réfléchi	1	0
fr	réformateur	1	0
fr	réformation	1	0
fr	réforme	1	0
fr	réfractaire	0	1
fr	réfuter	0	1
fr	régent	1	0
fr	réglementaire	0	1
fr	réglementer	1	0
fr	régresser	0	1
fr	régressif	1	1
fr	régression	0	1
fr	régularité	1	0
fr	réhabilitation	1	0
fr	réhabiliter	1	0
fr	réimpression	0	1
fr	réjouir	1	0
fr	réjouissance	1	0
fr	rénovation	1	0
fr	rénover	1	0
fr	réorganiser	1	0
fr	répandre	0	1
fr	répandu	1	0
fr	réparation	1	0
fr	réparatrice	1	0
fr	répit	1	0
fr	répondre	1	0
fr	répression	0	1
fr	réprimande	0	1
fr	réprimander	0	1
fr	réprimer	0	1
fr	répréhensible	0	1
fr	république	0	1
fr	répudiation	0	1
fr	répugnance	0	1
fr	répugnant	0	1
fr	répulsion	0	1
fr	réserve	1	0
fr	résident	1	0
fr	résigné	0	1
fr	résiliation	0	1
fr	résilient	1	0
fr	résistant	0	1
fr	résister	1	1
fr	résistif	1	0
fr	résolument	1	0
fr	résultat	1	0
fr	rétablir	1	0
fr	rétention	1	0
fr	réticence	0	1
fr	réticent	0	1
fr	rétraction	0	1
fr	rétrograde	0	1
fr	rétréci	0	1
fr	rétrécir	0	1
fr	réunion	1	0
fr	réussi	1	0
fr	réussir	1	0
fr	réussite	1	0
fr	réviser	1	0
fr	révocation	0	1
fr	révoltant	0	1
fr	révolte	0	1
fr	révolution	1	1
fr	révolutionnaire	1	0
fr	révoquer	0	1
fr	révérence	1	0
fr	révérend	1	0
fr	révérer	1	0
fr	rêne	0	1
fr	rêverie	1	0
fr	s'excuser	1	0
fr	s'opposer	0	1
fr	sabotage	0	1
fr	sacerdotal	1	0
fr	sacrifices	0	1
fr	sage	1	0
fr	sage-femme	1	1
fr	sagesse	1	0
fr	saignement	0	1
fr	saillant	1	0
fr	sain	1	0
fr	saint	1	0
fr	sainteté	1	0
fr	saisir	0	1
fr	sale	0	1
fr	saleté	0	1
fr	salon	0	1
fr	salope	0	1
fr	salubre	1	0
fr	saluer	1	1
fr	salut	1	0
fr	salutaire	1	0
fr	salutation	1	0
fr	samouraï	1	0
fr	sanctification	1	0
fr	sanctifier	1	0
fr	sanctuaire	1	0
fr	sang	0	1
fr	sanglant	0	1
fr	sangsue	0	1
fr	sangsues	0	1
fr	sanguinaire	0	1
fr	sanguine	1	0
fr	sanitaire	1	0
fr	sarcasme	0	1
fr	sarcastique	0	1
fr	sarcome	0	1
fr	sardonique	0	1
fr	sarriette	1	0
fr	satanique	0	1
fr	satin	1	0
fr	satisfaire	1	0
fr	satisfait	1	0
fr	saturé	0	1
fr	sauge	1	0
fr	saut	1	0
fr	sauter	0	1
fr	sauvage	0	1
fr	sauvagerie	0	1
fr	sauvegarde	1	0
fr	savant	1	0
fr	saveur	1	0
fr	savvy	1	0
fr	scalpel	0	1
fr	scandale	0	1
fr	scandaleux	0	1
fr	sceptique	0	1
fr	schisme	0	1
fr	schizophrénie	0	1
fr	schème	0	1
fr	sciatique	0	1
fr	scientifique	1	0
fr	scintillait	1	0
fr	scintillant	1	0
fr	scintillement	1	0
fr	scission	0	1
fr	scories	0	1
fr	scorpion	0	1
fr	scotch	0	1
fr	scribe	1	0
fr	scruter	0	1
fr	sculpture	1	0
fr	scélérat	0	1
fr	scénario	1	0
fr	sear	0	1
fr	secret	0	1
fr	secrétariat	1	0
fr	sectaire	0	1
fr	seigneur	1	1
fr	seigneurie	1	0
fr	selles	0	1
fr	sens	1	0
fr	sensationnel	1	0
fr	sensibilité	1	0
fr	sensible	1	1
fr	sensiblement	1	0
fr	sensualité	1	0
fr	sensuel	1	1
fr	sentiment	1	1
fr	sentimental	1	0
fr	sentimentalité	1	0
fr	sentinelle	1	0
fr	septique	0	1
fr	serein	0	1
fr	serment	1	0
fr	sermon	1	0
fr	serpent	0	1
fr	servile	0	1
fr	servir	0	1
fr	serviteur	0	1
fr	servitude	1	1
fr	settlor	1	0
fr	sexe	1	0
fr	shanghai	0	1
fr	sieste	1	0
fr	sifflant	0	1
fr	sifflement	0	1
fr	signaler	0	1
fr	silence	1	0
fr	silencieux	1	0
fr	simple	1	1
fr	simplifier	1	0
fr	sincère	1	0
fr	singularité	0	1
fr	sinistre	0	1
fr	sinueux	0	1
fr	sirène	0	1
fr	slink	0	1
fr	snicker	1	0
fr	snob	0	1
fr	sobriété	1	0
fr	sociable	1	0
fr	socialiste	0	1
fr	société	1	0
fr	soie	1	0
fr	soigneusement	1	0
fr	sol	0	1
fr	soldat	1	0
fr	soleil	1	0
fr	solide	1	0
fr	solidité	1	0
fr	solitaire	0	1
fr	solitude	0	1
fr	solution	1	0
fr	solvabilité	1	0
fr	somatique	0	1
fr	sombre	0	1
fr	sommet	1	0
fr	somnolence	0	1
fr	sonar	1	0
fr	sonate	1	0
fr	sonder	1	0
fr	sonnet	1	0
fr	sonneur	0	1
fr	sonore	1	0
fr	sorcellerie	0	1
fr	sorcier	1	0
fr	sorcière	0	1
fr	sordide	0	1
fr	sort	0	1
fr	sottises	0	1
fr	souffler	0	1
fr	souffrance	0	1
fr	souffrir	0	1
fr	soufre	0	1
fr	souhaitable	1	0
fr	souillé	0	1
fr	soulager	1	0
fr	souligner	1	0
fr	soulèvement	1	1
fr	soumis	0	1
fr	soumissionner	1	0
fr	soupe	1	0
fr	soupeser	1	0
fr	souple	1	0
fr	soupçon	0	1
fr	sourd	0	1
fr	souriant	1	0
fr	sourire	1	0
fr	sournois	0	1
fr	sous-payés	0	1
fr	souscrire	1	0
fr	soustraire	0	1
fr	souteneur	0	1
fr	soutenir	1	0
fr	souvenir	1	0
fr	spa	1	0
fr	spacieux	1	0
fr	spasme	0	1
fr	spectacle	1	1
fr	spectral	0	1
fr	spectre	0	1
fr	spirituel	1	0
fr	splendeur	1	0
fr	splendide	1	0
fr	spécial	1	0
fr	spéculation	0	1
fr	squatter	0	1
fr	stable	1	0
fr	staccato	1	0
fr	stagnant	0	1
fr	stationnaire	0	1
fr	statue	1	0
fr	statut	1	0
fr	stellaire	1	0
fr	sterling	1	1
fr	stigmate	0	1
fr	stocks	0	1
fr	stratège	1	0
fr	stratégique	1	0
fr	stress	0	1
fr	structure	1	0
fr	stupeur	0	1
fr	stupide	0	1
fr	stupidité	0	1
fr	stérile	0	1
fr	stérilité	0	1
fr	stéréotype	0	1
fr	stéréotypé	0	1
fr	subalterne	0	1
fr	sublimation	1	0
fr	submerger	0	1
fr	submergé	0	1
fr	subsister	0	1
fr	substance	1	0
fr	substantiel	1	0
fr	subvention	1	1
fr	subversif	0	1
fr	subversion	0	1
fr	subvertir	0	1
fr	succinct	1	0
fr	succomber	0	1
fr	succulent	1	1
fr	succès	1	0
fr	suceptible	0	1
fr	sucer	0	1
fr	sucre	1	0
fr	suffisance	1	0
fr	suffisant	0	1
fr	suffocation	0	1
fr	suicidaire	0	1
fr	suicide	0	1
fr	suie	0	1
fr	suinter	0	1
fr	sujétion	0	1
fr	superbe	1	0
fr	superficiel	0	1
fr	superflu	0	1
fr	superman	1	0
fr	superstar	1	0
fr	superstitieux	0	1
fr	superstition	1	1
fr	supplication	1	0
fr	supplice	0	1
fr	supplémentaire	1	0
fr	supporter	1	0
fr	suppression	0	1
fr	suprématie	1	1
fr	suprême	1	0
fr	suprêmement	1	0
fr	supérieur	1	0
fr	supériorité	1	0
fr	surabondance	0	1
fr	surcharge	0	1
fr	surcharger	0	1
fr	surdosage	0	1
fr	surestimé	0	1
fr	surhumain	1	0
fr	surpassant	1	0
fr	surpasser	1	0
fr	surprendre	0	1
fr	surprise	1	0
fr	surtaxe	0	1
fr	surveillance	0	1
fr	survivre	1	0
fr	susciter	1	1
fr	suspect	0	1
fr	suspension	0	1
fr	svastika	0	1
fr	svelte	1	0
fr	symbolique	1	0
fr	sympathique	1	0
fr	symphonie	1	0
fr	symptôme	0	1
fr	symétrie	1	0
fr	symétrique	1	0
fr	synchroniser	1	0
fr	syncope	0	1
fr	synergique	1	0
fr	synode	1	0
fr	synonyme	1	1
fr	sève	0	1
fr	sécession	0	1
fr	sécheresse	0	1
fr	sécrétion	0	1
fr	séditieux	0	1
fr	sédition	0	1
fr	séduction	0	1
fr	séduire	1	1
fr	séduisant	1	0
fr	sénile	0	1
fr	séparatiste	0	1
fr	séparer	0	1
fr	séparé	0	1
fr	séparément	1	0
fr	séquestration	0	1
fr	sérieusement	1	0
fr	sérieux	1	0
fr	sérum	1	0
fr	sérénité	1	0
fr	sûr	1	0
fr	tableau	1	0
fr	tabou	0	1
fr	tache	0	1
fr	tact	1	0
fr	talent	1	0
fr	talisman	1	0
fr	talon	0	1
fr	tampon	1	0
fr	tante	1	0
fr	taper	1	0
fr	taquiner	0	1
fr	taquineries	0	1
fr	tardif	0	1
fr	tarif	0	1
fr	taudis	0	1
fr	taxi	1	0
fr	tempérance	1	0
fr	tempéré	1	0
fr	tempête	0	1
fr	tenace	1	0
fr	tendance	1	0
fr	tendon	0	1
fr	tendresse	1	0
fr	tendu	0	1
fr	tentation	0	1
fr	tergiverser	0	1
fr	terminal	0	1
fr	termite	0	1
fr	terne	0	1
fr	ternir	0	1
fr	terre	1	0
fr	terrible	0	1
fr	terriblement	0	1
fr	terroriser	0	1
fr	terrorisme	0	1
fr	terroriste	0	1
fr	théisme	0	1
fr	théocratique	0	1
fr	théorique	1	0
fr	thérapeutique	1	0
fr	théâtre	1	0
fr	tic	0	1
fr	tiff	0	1
fr	tige	0	1
fr	timide	0	1
fr	timidité	0	1
fr	tirade	0	1
fr	tirer	1	1
fr	titre	1	0
fr	toilette	0	1
fr	toison	0	1
fr	tollé	0	1
fr	tolérance	1	0
fr	tolérant	1	0
fr	tolérer	0	1
fr	tombant	0	1
fr	tomber	0	1
fr	tonner	0	1
fr	tordu	0	1
fr	torpille	0	1
fr	torride	0	1
fr	torture	0	1
fr	touché	0	1
fr	touffe	0	1
fr	toujours	1	0
fr	tour	0	1
fr	tourbillon	0	1
fr	tourbière	0	1
fr	tourmenter	0	1
fr	tournage	0	1
fr	tous	0	1
fr	tout-puissant	1	0
fr	toxine	0	1
fr	toxique	0	1
fr	traditionnel	1	0
fr	tragique	0	1
fr	trahir	0	1
fr	trahison	0	1
fr	traiter	1	1
fr	traitre	0	1
fr	tramp	0	1
fr	tranquille	1	0
fr	tranquillité	1	0
fr	transcendance	1	0
fr	transcendantal	1	0
fr	transe	0	1
fr	transgression	0	1
fr	trash	0	1
fr	traumatique	0	1
fr	travail	1	0
fr	traverser	0	1
fr	traversin	1	0
fr	travestir	0	1
fr	traîtrise	0	1
fr	tremblant	0	1
fr	tremblante	0	1
fr	tremblement	0	1
fr	trembler	0	1
fr	tremper	0	1
fr	tribulations	0	1
fr	tribunal	0	1
fr	tricher	0	1
fr	trigonométrie	1	0
fr	triomphant	1	0
fr	triomphe	1	0
fr	triste	0	1
fr	tristement	0	1
fr	tristesse	0	1
fr	troll	0	1
fr	tromper	0	1
fr	tromperie	0	1
fr	trompette	0	1
fr	trompeur	0	1
fr	trompé	0	1
fr	trophée	1	0
fr	trouble	0	1
fr	trouille	0	1
fr	truc	1	0
fr	truquer	0	1
fr	trébucher	0	1
fr	trésor	1	0
fr	trêve	1	0
fr	trône	1	0
fr	tuer	0	1
fr	tueur	0	1
fr	tumeur	0	1
fr	tumulte	0	1
fr	tumultueux	0	1
fr	turbulence	0	1
fr	turbulent	0	1
fr	tutelle	1	0
fr	tuteur	1	0
fr	typhon	0	1
fr	tyran	0	1
fr	tyrannie	0	1
fr	tyrannique	0	1
fr	tâche	1	0
fr	tâtonner	0	1
fr	téméraire	0	1
fr	ténacité	1	0
fr	tétanos	0	1
fr	ulcère	0	1
fr	ultimatum	0	1
fr	ultérieur	0	1
fr	unanime	1	0
fr	unanimité	1	0
fr	uni	1	0
fr	unification	1	0
fr	uniformément	1	0
fr	unique	1	0
fr	unisson	1	0
fr	unitaire	1	0
fr	unité	1	0
fr	université	1	0
fr	urgence	0	1
fr	urgent	0	1
fr	usure	0	1
fr	usurper	0	1
fr	usurpé	0	1
fr	usé	0	1
fr	utile	1	0
fr	utilitaire	1	0
fr	utilité	1	0
fr	utopique	1	0
fr	utérus	1	0
fr	vacances	1	0
fr	vaccin	1	0
fr	vaciller	0	1
fr	vague	0	1
fr	vaillant	1	0
fr	vaincre	1	0
fr	vaincu	0	1
fr	vainement	0	1
fr	vampire	0	1
fr	vaniteux	0	1
fr	vanité	0	1
fr	varicelle	0	1
fr	variqueux	0	1
fr	vaudou	0	1
fr	vaut	1	0
fr	vautour	0	1
fr	veau	1	0
fr	velours	1	0
fr	velouté	1	0
fr	vendetta	0	1
fr	vengeance	0	1
fr	vengeur	0	1
fr	venimeux	0	1
fr	venin	0	1
fr	ventilateur	0	1
fr	ventouse	0	1
fr	ventouses	0	1
fr	ver	0	1
fr	verbosité	0	1
fr	verdoyant	1	0
fr	vermine	0	1
fr	vernal	1	0
fr	verrue	0	1
fr	vert	1	0
fr	vertige	0	1
fr	vertiges	0	1
fr	vertigineux	0	1
fr	vertu	1	0
fr	vertueux	1	0
fr	verve	1	0
fr	veto	0	1
fr	vicaire	1	0
fr	vice	0	1
fr	vicieux	0	1
fr	vicié	0	1
fr	victime	0	1
fr	victimisé	0	1
fr	victor	1	0
fr	victorieux	1	0
fr	vide	0	1
fr	vieilli	0	1
fr	vierge	1	0
fr	vif	1	0
fr	vigilance	1	0
fr	vigilant	1	0
fr	vigoureux	1	0
fr	vigueur	1	0
fr	vilain	0	1
fr	villageois	1	0
fr	vindicatif	0	1
fr	violation	0	1
fr	violemment	0	1
fr	violent	0	1
fr	vipère	0	1
fr	virginité	1	0
fr	viril	1	0
fr	virilité	1	0
fr	virulence	0	1
fr	virus	0	1
fr	vision	1	0
fr	visionnaire	1	0
fr	visitation	0	1
fr	visite	1	0
fr	visiteur	1	0
fr	visqueux	0	1
fr	vissé	0	1
fr	vital	1	0
fr	vitalité	1	0
fr	vivace	1	0
fr	vivant	1	0
fr	vocabulaire	1	0
fr	voilé	0	1
fr	voisin	1	0
fr	vol	0	1
fr	volatilité	0	1
fr	volcan	0	1
fr	voler	0	1
fr	voleur	0	1
fr	volontiers	1	0
fr	volonté	1	0
fr	voluptueux	1	0
fr	volé	0	1
fr	vomissement	0	1
fr	vorace	0	1
fr	vote	1	1
fr	vouloir	0	1
fr	voyant	1	1
fr	voyou	0	1
fr	vrai	1	0
fr	vulgaire	0	1
fr	vulnérabilité	0	1
fr	végétatif	0	1
fr	véhément	0	1
fr	vénérable	1	0
fr	vénération	1	0
fr	véracité	1	0
fr	vérification	1	0
fr	vérifié	1	0
fr	véritable	1	0
fr	vérité	1	0
fr	vétéran	1	0
fr	vœu	1	0
fr	ware	0	1
fr	whisky	0	1
fr	wis	1	0
fr	wits	1	0
fr	wot	1	0
fr	xénophobie	0	1
fr	zeste	1	0
fr	zut	0	1
fr	zèle	1	0
fr	zélé	1	0
fr	âcre	0	1
fr	âne	0	1
fr	éblouissement	0	1
fr	ébouriffer	0	1
fr	ébullition	0	1
fr	écailleux	0	1
fr	écart	0	1
fr	échafaud	0	1
fr	échange	1	0
fr	échappement	0	1
fr	échapper	1	1
fr	échec	0	1
fr	échelonnement	0	1
fr	échouer	0	1
fr	échoué	0	1
fr	éclairage	1	0
fr	éclaircissement	1	0
fr	éclairer	1	0
fr	éclat	1	1
fr	éclater	0	1
fr	écorce	0	1
fr	écoute	0	1
fr	écouvillon	0	1
fr	écrasement	0	1
fr	écraser	0	1
fr	écrasé	0	1
fr	écrivain	1	0
fr	écume	0	1
fr	écœurant	0	1
fr	édification	1	0
fr	éducatif	1	0
fr	éduquer	1	0
fr	éduqué	1	0
fr	également	1	0
fr	égalité	1	0
fr	égarer	0	1
fr	égaré	0	1
fr	église	1	0
fr	égouts	0	1
fr	égoïsme	0	1
fr	égoïste	0	1
fr	éhonté	0	1
fr	éjaculation	1	0
fr	éjecter	0	1
fr	éjection	0	1
fr	élaboration	1	0
fr	élan	1	0
fr	électricité	1	0
fr	électrique	1	0
fr	élevé	0	1
fr	éligible	1	0
fr	élimination	0	1
fr	élire	1	0
fr	élite	1	0
fr	éloquence	1	0
fr	éloquent	1	0
fr	élucider	1	0
fr	éluder	0	1
fr	élégance	1	0
fr	élégant	1	0
fr	élévation	1	0
fr	émacié	0	1
fr	émancipation	1	0
fr	émeute	0	1
fr	éminemment	1	0
fr	éminence	1	0
fr	éminent	1	0
fr	émérite	1	0
fr	énergique	1	0
fr	énigmatique	0	1
fr	énorme	0	1
fr	énormément	1	0
fr	épagneul	1	0
fr	épargne	1	0
fr	épaule	1	0
fr	épave	0	1
fr	éperdu	0	1
fr	éphémérides	1	0
fr	épicéa	1	0
fr	épidémie	0	1
fr	épilepsie	0	1
fr	épine	0	1
fr	épineux	0	1
fr	épique	1	0
fr	éponge	0	1
fr	épouvantable	0	1
fr	épouvantail	1	1
fr	époux	1	0
fr	épreuves	0	1
fr	épuisement	0	1
fr	épuisé	0	1
fr	équilibre	1	0
fr	équilibré	1	0
fr	équipement	1	0
fr	équitablement	1	0
fr	équité	1	0
fr	éradication	0	1
fr	éradiquer	0	1
fr	érosion	0	1
fr	érotique	1	1
fr	érudit	1	0
fr	éruption	0	1
fr	établi	1	0
fr	étalon	1	0
fr	étancher	1	0
fr	éteindre	0	1
fr	étendre	1	0
fr	éternel	1	0
fr	éternuement	0	1
fr	éthique	1	0
fr	étoile	1	0
fr	étoilé	1	0
fr	étonnamment	1	0
fr	étonnement	1	0
fr	étouffant	1	1
fr	étouffer	0	1
fr	étouffé	0	1
fr	étourdi	0	1
fr	étrange	0	1
fr	étranger	0	1
fr	étranglement	0	1
fr	étrangler	0	1
fr	étreinte	1	0
fr	étude	1	0
fr	évacuation	0	1
fr	évacuer	0	1
fr	évaluation	0	1
fr	évanouissement	0	1
fr	évasion	0	1
fr	évident	1	0
fr	évincer	0	1
fr	évitement	0	1
fr	éviter	0	1
fr	évolution	1	0
it	abba	1	0
it	abbagliante	0	1
it	abbaglio	0	1
it	abbaiare	0	1
it	abbandonare	0	1
it	abbandonato	0	1
it	abbandono	0	1
it	abbassamento	0	1
it	abbastanza	1	0
it	abbattere	0	1
it	abbattersi	0	1
it	abbellimento	1	0
it	abbellire	1	0
it	abbondante	1	1
it	abbondanza	1	1
it	abbozzato	0	1
it	abbraccio	1	0
it	abbrivio	1	0
it	abbronzato	1	0
it	aberrante	0	1
it	aberrazione	0	1
it	abietto	0	1
it	abile	1	1
it	abilitare	1	0
it	abilitazione	1	0
it	abilità	1	0
it	abissale	0	1
it	abisso	0	1
it	abolire	0	1
it	abolizione	0	1
it	abominevole	0	1
it	abominio	0	1
it	aborrire	0	1
it	abortire	0	1
it	abortivo	0	1
it	aborto	0	1
it	abrasione	0	1
it	abrogare	0	1
it	abuso	0	1
it	acaro	0	1
it	accademia	1	0
it	accademico	1	0
it	accadere	0	1
it	accanito	1	0
it	accantonato	0	1
it	accarezzare	1	0
it	accattonaggio	0	1
it	accecato	0	1
it	accessibile	1	0
it	accettabile	1	0
it	accettando	1	0
it	accettazione	1	0
it	accidentale	0	1
it	accigliato	0	1
it	accogliente	1	0
it	accolto	1	0
it	accompagnamento	1	0
it	accordo	1	0
it	accovacciato	0	1
it	accreditato	1	0
it	accrescere	1	0
it	accuratamente	1	0
it	accusa	0	1
it	accusando	0	1
it	accusare	0	1
it	accusativo	0	1
it	accusato	0	1
it	accusatore	0	1
it	acido	0	1
it	acquisire	1	0
it	acquisizione	1	0
it	acquoso	0	1
it	acrobata	1	0
it	acume	1	0
it	acutamente	1	0
it	acutezza	1	0
it	adattabile	1	0
it	adattamento	1	0
it	adattare	1	0
it	adatto	1	0
it	addebitabile	0	1
it	addolorarsi	0	1
it	addolorato	0	1
it	adempiere	1	0
it	aderire	1	0
it	adescare	0	1
it	adiposo	0	1
it	adolescenti	1	1
it	adorabile	1	0
it	adorare	1	0
it	adorazione	1	0
it	adulterio	0	1
it	affabile	1	0
it	affamato	0	1
it	affare	1	0
it	affascinante	1	0
it	affascinare	1	0
it	affaticato	0	1
it	affermare	1	0
it	affermativa	1	0
it	affermativamente	1	0
it	affermazione	1	0
it	afferrare	0	1
it	affetto	1	0
it	affidabile	1	0
it	affidabilità	1	0
it	affiliato	1	0
it	affine	1	0
it	affliggere	0	1
it	afflitto	0	1
it	afflizione	0	1
it	affluente	1	0
it	affluenza	1	0
it	affondato	0	1
it	affronto	0	1
it	afide	0	1
it	afoso	1	0
it	agganciata	0	1
it	aggiunta	1	0
it	aggravamento	0	1
it	aggravante	0	1
it	aggravato	0	1
it	aggressione	0	1
it	aggressivo	0	1
it	aggressore	0	1
it	aggrovigliamento	0	1
it	agguantare	0	1
it	agile	1	0
it	agilità	1	0
it	agitato	0	1
it	agitazione	0	1
it	agnello	1	0
it	ago	1	0
it	agonia	0	1
it	agonizzante	0	1
it	agosto	1	0
it	agricoltura	1	0
it	agrimensura	1	0
it	ail	0	1
it	aiutante	1	0
it	aiutare	1	0
it	aiuto	1	0
it	alabastro	1	0
it	alba	1	0
it	albero	1	0
it	alcolismo	0	1
it	alfiere	1	0
it	alienare	0	1
it	alienato	0	1
it	alienazione	0	1
it	alieno	0	1
it	alimenti	0	1
it	allarmante	0	1
it	allarme	0	1
it	alleato	1	0
it	allegazione	0	1
it	allegria	1	0
it	allegro	1	0
it	allentato	0	1
it	allettante	1	1
it	allettare	1	0
it	alleviando	1	0
it	alleviare	1	0
it	alleviazione	1	0
it	allocco	0	1
it	alloggio	1	0
it	allori	1	0
it	alloro	1	0
it	allucinazione	0	1
it	aloha	1	0
it	alterato	0	1
it	alterco	0	1
it	altezzoso	0	1
it	altruista	1	0
it	alveare	0	1
it	amabile	1	0
it	amante	1	0
it	amaramente	0	1
it	amarezza	0	1
it	ambasciatore	1	0
it	ambiguo	0	1
it	ambizione	1	0
it	amen	1	0
it	amenità	1	0
it	amichevole	1	0
it	amicizia	1	0
it	amico	1	0
it	ammaliato	1	1
it	ammenda	1	0
it	ammiraglio	1	0
it	ammirare	1	0
it	ammiratore	1	0
it	ammirazione	1	0
it	ammirevole	1	0
it	ammissibile	1	0
it	ammonizione	0	1
it	ammortamento	0	1
it	ammortizzati	0	1
it	ammortizzatore	0	1
it	ammuffito	0	1
it	ammutinamento	0	1
it	amnesia	0	1
it	amnistia	1	0
it	amore	1	0
it	amorevole	1	0
it	anaconda	0	1
it	anale	0	1
it	analfabeta	0	1
it	analista	1	0
it	anarchia	0	1
it	anarchico	0	1
it	anatema	0	1
it	ancora	1	0
it	ancoraggio	1	0
it	anfetamine	0	1
it	angelico	1	0
it	angelo	1	0
it	angina	0	1
it	angoscia	0	1
it	animare	1	0
it	animato	1	0
it	animosità	0	1
it	annegare	0	1
it	annidarsi	1	0
it	annientamento	0	1
it	annientare	0	1
it	annientato	0	1
it	annodato	0	1
it	annulla	0	1
it	annullamento	0	1
it	annullare	0	1
it	annullato	0	1
it	anomalia	0	1
it	anonimo	0	1
it	anormale	0	1
it	ansia	0	1
it	ansimante	0	1
it	ansioso	0	1
it	antagonismo	0	1
it	antagonista	0	1
it	antagonistico	0	1
it	antibiotici	1	0
it	antico	1	1
it	anticostituzionale	0	1
it	anticristo	0	1
it	antidoto	1	0
it	antimicotico	1	0
it	antipatia	0	1
it	antipatico	0	1
it	antiproiettile	1	0
it	antiquato	0	1
it	antisettico	1	0
it	antisociale	0	1
it	antitesi	0	1
it	antrace	0	1
it	anziani	1	0
it	anzianità	1	0
it	apache	0	1
it	apatia	0	1
it	apatico	0	1
it	apertura	1	0
it	aplomb	1	0
it	apogeo	1	0
it	apologetico	1	0
it	apostolo	1	0
it	apparentemente	0	1
it	appariscente	0	1
it	appartato	0	1
it	appassionato	1	0
it	appassire	0	1
it	appena	0	1
it	appendicite	0	1
it	appetitoso	1	0
it	applaudire	1	0
it	applausi	1	0
it	applauso	1	0
it	appostarsi	0	1
it	apprendimento	1	0
it	apprensione	0	1
it	apprensivo	0	1
it	apprezzamento	1	0
it	appropriazione	0	1
it	approvare	1	0
it	approvazione	1	0
it	approvvigionare	1	0
it	aquilone	0	1
it	arbitro	1	0
it	arcaico	0	1
it	archeologia	1	0
it	ardente	1	0
it	ardentemente	1	0
it	ardesia	1	0
it	ardito	1	0
it	ardore	1	0
it	arduo	0	1
it	arido	0	1
it	arie	0	1
it	aristocratico	1	0
it	aristocrazia	1	0
it	armamenti	0	1
it	armato	1	1
it	armatura	1	0
it	armeggiare	0	1
it	armonia	1	0
it	armoniosamente	1	0
it	aroma	1	0
it	arrabbiato	0	1
it	arraignment	0	1
it	arrendersi	0	1
it	arrestato	0	1
it	arresto	0	1
it	arretrato	0	1
it	arricchire	1	0
it	arricciare	1	0
it	arrogante	0	1
it	arroganza	0	1
it	arrossire	0	1
it	arrugginito	0	1
it	arsenico	0	1
it	arte	1	0
it	articolare	1	0
it	articolazione	1	0
it	artigiano	1	0
it	artiglieria	0	1
it	artiglio	0	1
it	artistico	1	0
it	ascendente	1	0
it	ascesso	0	1
it	asilo	0	1
it	asino	0	1
it	aspettare	0	1
it	aspettarsi	1	0
it	aspettativa	1	0
it	aspirante	1	0
it	aspirare	1	0
it	aspirazione	1	0
it	aspro	0	1
it	assalire	0	1
it	assalitore	0	1
it	assalto	0	1
it	assaporare	1	0
it	assassinare	0	1
it	assassinio	0	1
it	assassino	0	1
it	assenso	1	0
it	assente	0	1
it	assenteismo	0	1
it	assenza	0	1
it	asserendo	1	0
it	asserire	0	1
it	asservimento	0	1
it	asservire	0	1
it	asservito	0	1
it	assetato	0	1
it	assicurare	1	0
it	assicurato	1	0
it	assistenza	1	0
it	assistere	1	0
it	asso	1	0
it	associazione	1	0
it	assoluto	1	0
it	assoluzione	1	0
it	assorbito	1	0
it	assumere	1	0
it	assurdità	0	1
it	assurdo	0	1
it	asta	1	0
it	astio	0	1
it	astringente	0	1
it	astrologo	1	0
it	astronauta	1	0
it	astronomo	1	0
it	astuccio	0	1
it	astuto	1	0
it	astuzia	0	1
it	ateismo	0	1
it	ateo	0	1
it	aterosclerosi	0	1
it	atleta	1	0
it	atletico	1	0
it	atomo	1	0
it	atroce	0	1
it	atrocità	0	1
it	atrofia	0	1
it	attaccamento	1	0
it	attaccare	0	1
it	attacco	0	1
it	attento	1	0
it	attenuato	0	1
it	attenuazione	0	1
it	attenzione	1	1
it	atterrato	1	0
it	attestare	1	0
it	attitudine	1	0
it	attore	0	1
it	attraccato	0	1
it	attrattiva	1	0
it	attraversare	0	1
it	attrazione	1	0
it	audace	1	0
it	audacia	1	1
it	aumentare	1	1
it	aura	1	0
it	auspicabile	1	0
it	austerità	0	1
it	austero	0	1
it	autenticità	1	0
it	autentico	1	0
it	autocratico	0	1
it	autopsia	0	1
it	autore	1	1
it	autorevole	1	0
it	autorità	1	0
it	autorizzare	1	0
it	autorizzato	1	0
it	autorizzazione	1	0
it	autunno	0	1
it	avanguardia	1	0
it	avanti	1	0
it	avanzamento	1	0
it	avanzare	1	0
it	avanzate	1	0
it	avarizia	0	1
it	avaro	0	1
it	avatar	1	0
it	avi	1	0
it	avidità	0	1
it	avido	0	1
it	avvelenamento	0	1
it	avvelenata	0	1
it	avvento	1	0
it	avventura	1	0
it	avventuroso	1	0
it	avversario	0	1
it	avversione	0	1
it	avversità	0	1
it	avverso	0	1
it	avvincente	1	0
it	avvisare	0	1
it	avvitato	0	1
it	avvocato	0	1
it	avvoltoio	0	1
it	ay	1	0
it	azione	1	0
it	babbuino	0	1
it	baccalaureato	1	0
it	bacetto	1	0
it	bacio	1	0
it	bagliore	0	1
it	bagnare	0	1
it	bagno	1	0
it	baia	1	0
it	baionetta	0	1
it	balbettio	0	1
it	baldoria	1	1
it	balla	0	1
it	ballata	1	0
it	balletto	1	0
it	balsamo	1	1
it	bambino	1	0
it	banchetto	1	0
it	banda	0	1
it	bandire	0	1
it	bandito	0	1
it	banger	0	1
it	banshee	0	1
it	bar	1	0
it	bara	0	1
it	baracca	0	1
it	barbarie	0	1
it	barbaro	0	1
it	barbiglio	0	1
it	barcollante	0	1
it	barcollare	0	1
it	bardatura	0	1
it	barlume	1	0
it	barricata	0	1
it	barriera	0	1
it	basi	1	0
it	bassifondi	0	1
it	bastardo	0	1
it	bastione	1	0
it	bastonare	0	1
it	battaglia	0	1
it	batteri	0	1
it	batteria	0	1
it	battesimale	1	0
it	battesimo	1	0
it	battibecco	0	1
it	battito	0	1
it	battuto	0	1
it	bavaglio	0	1
it	beatitudine	1	0
it	beato	1	0
it	becco	0	1
it	bedrock	1	0
it	beffa	0	1
it	beffardo	0	1
it	behemoth	0	1
it	bella	1	0
it	bellezza	1	0
it	bellicoso	0	1
it	belligerante	0	1
it	bellissima	1	0
it	bellissimo	1	0
it	bello	1	0
it	bene	1	0
it	benedetto	1	0
it	benedire	1	0
it	benedizione	1	0
it	benedizioni	1	0
it	benefattore	1	0
it	benefico	1	0
it	benevolenza	1	0
it	benigno	1	0
it	bestemmia	0	1
it	bestia	0	1
it	bestiale	0	1
it	betulla	0	1
it	bevanda	1	0
it	bianca	1	0
it	biblico	1	0
it	biblioteca	1	0
it	bigotto	0	1
it	bile	0	1
it	bilingue	1	0
it	biologico	1	0
it	biopsia	0	1
it	birra	1	0
it	bisognoso	0	1
it	bisticcio	0	1
it	bisturi	0	1
it	bizzarro	0	1
it	blando	0	1
it	blasfemo	0	1
it	blaterare	0	1
it	blighted	0	1
it	blocco	0	1
it	blues	0	1
it	bluff	0	1
it	boa	1	0
it	boccale	1	1
it	boccone	0	1
it	boia	0	1
it	boicottare	0	1
it	boilerplate	0	1
it	bolide	1	0
it	bolla	0	1
it	bollire	0	1
it	bomba	0	1
it	bombardamento	0	1
it	bombardare	0	1
it	bombardata	0	1
it	bonanza	1	0
it	bonifica	1	0
it	bontà	1	0
it	borbottio	0	1
it	bordello	0	1
it	bottino	0	1
it	bovino	0	1
it	bracconaggio	0	1
it	bradipo	0	1
it	bramare	0	1
it	bramosia	1	1
it	brandy	0	1
it	bravata	0	1
it	brevetto	1	0
it	bridal	1	0
it	brigata	0	1
it	briglia	0	1
it	brillante	1	0
it	brillare	1	0
it	brillo	0	1
it	brivido	1	1
it	broccato	1	0
it	brontolare	0	1
it	bruciato	0	1
it	brullo	0	1
it	brutale	0	1
it	brutalità	0	1
it	bruto	0	1
it	brutta	0	1
it	bruttezza	0	1
it	budella	1	0
it	buffet	0	1
it	bugiardo	0	1
it	buia	0	1
it	buio	0	1
it	bulboso	0	1
it	bulldog	1	0
it	burbero	0	1
it	burlone	1	0
it	burocrate	0	1
it	burocrazia	0	1
it	burrasca	0	1
it	burroso	1	0
it	buss	1	0
it	cabala	0	1
it	cacciare	0	1
it	cacciatore	0	1
it	cacofonia	0	1
it	cadavere	0	1
it	cadente	0	1
it	caduta	0	1
it	cagna	0	1
it	calcio	1	1
it	calcolatore	0	1
it	calcolatrice	1	0
it	calma	1	0
it	calunnia	0	1
it	calunnioso	0	1
it	calvario	0	1
it	campagna	0	1
it	campione	1	0
it	canarino	1	0
it	cancellare	0	1
it	cancellazione	0	1
it	cancrena	0	1
it	cancro	0	1
it	candidato	1	0
it	candido	1	0
it	candito	1	0
it	candore	1	0
it	cannibale	0	1
it	cannibalismo	0	1
it	cantare	1	0
it	canto	1	0
it	canuto	0	1
it	canzoncina	1	0
it	caos	0	1
it	caotico	0	1
it	capacità	1	0
it	capanna	1	0
it	capannone	0	1
it	capestro	0	1
it	capitalista	1	0
it	capitano	1	0
it	capo	1	0
it	capolavoro	1	0
it	caporale	0	1
it	caposquadra	1	0
it	cappio	0	1
it	cappuccio	0	1
it	capriccio	0	1
it	capriccioso	0	1
it	caratteristica	1	0
it	carcassa	0	1
it	carcerato	0	1
it	carcere	0	1
it	carcinoma	0	1
it	cardiomiopatia	0	1
it	carente	0	1
it	carenza	0	1
it	carestia	0	1
it	carezza	1	0
it	cariato	0	1
it	caricabatterie	1	0
it	caricatura	0	1
it	carie	0	1
it	carina	1	0
it	caritatevole	1	0
it	carità	1	0
it	carnale	0	1
it	carneficina	0	1
it	carnivoro	0	1
it	carnoso	0	1
it	caro	1	1
it	carola	1	0
it	carriera	1	0
it	cartello	0	1
it	cascante	0	1
it	cascata	1	0
it	casco	1	0
it	caseggiato	0	1
it	casta	0	1
it	castigo	0	1
it	castità	1	0
it	cataratta	0	1
it	catartico	1	0
it	catastrofe	0	1
it	categorico	1	0
it	catetere	0	1
it	cattedrale	1	0
it	cattiva	0	1
it	cattiveria	0	1
it	cattività	0	1
it	cattivo	0	1
it	catturare	0	1
it	causa	0	1
it	cautamente	1	0
it	cavaliere	1	0
it	cavalleria	1	0
it	cavo	0	1
it	cecità	0	1
it	cedere	0	1
it	cedimento	0	1
it	cedro	1	0
it	ceduta	0	1
it	celebrazione	1	0
it	celebre	1	0
it	celebrità	1	1
it	celeste	1	0
it	cena	1	0
it	cenere	0	1
it	censore	1	0
it	censura	0	1
it	censurare	0	1
it	centro	1	0
it	centurione	1	0
it	cerbiatto	0	1
it	cerebrale	1	0
it	cerimonia	1	0
it	certezza	1	0
it	cess	0	1
it	cessazione	0	1
it	chattering	1	0
it	chiamate	0	1
it	chiarezza	1	0
it	chiarire	1	0
it	chiaroveggente	1	0
it	chiassoso	1	1
it	chicane	0	1
it	chiesa	1	0
it	chimico	1	0
it	chinino	1	0
it	chiostro	0	1
it	chiuso	0	1
it	chiusura	1	0
it	cialda	0	1
it	ciance	0	1
it	cianuro	0	1
it	ciarlare	0	1
it	ciarlatano	0	1
it	ciarliero	0	1
it	cibo	1	0
it	cicatrice	0	1
it	ciclista	1	0
it	ciclone	0	1
it	ciecamente	0	1
it	cieco	0	1
it	cieli	1	0
it	cielo	1	0
it	cigolio	0	1
it	ciliegia	1	0
it	cimitero	0	1
it	cinguettio	1	0
it	cintura	0	1
it	cioccolato	1	0
it	ciondolare	0	1
it	cipiglio	0	1
it	circoncisione	1	0
it	circondare	1	1
it	circonvenzione	1	1
it	cisti	0	1
it	citazione	1	1
it	citomegalovirus	0	1
it	cittadino	1	0
it	civile	1	0
it	civilizzato	1	0
it	civiltà	1	0
it	clamore	0	1
it	classici	1	0
it	classico	1	0
it	classificare	1	0
it	clericale	1	0
it	cliente	1	0
it	climax	1	0
it	cloroformio	0	1
it	clown	1	0
it	coalizione	1	0
it	cocaina	0	1
it	coccolare	1	0
it	codardo	0	1
it	coercizione	0	1
it	coerente	1	0
it	coerenza	1	0
it	coesistere	1	0
it	coesivo	1	0
it	cofanetto	0	1
it	cogliere	0	1
it	coinvolto	0	1
it	colazione	1	0
it	colera	0	1
it	colica	0	1
it	collaboratore	1	0
it	collegamento	0	1
it	collettivamente	1	0
it	collisione	0	1
it	collusione	0	1
it	colomba	1	0
it	colonnello	1	0
it	colossale	1	0
it	colpa	0	1
it	colpevole	0	1
it	colpevolezza	0	1
it	colpire	0	1
it	colpito	1	0
it	coltivare	1	0
it	coltivato	1	0
it	coltivazione	1	0
it	coma	0	1
it	comandante	1	0
it	comatoso	0	1
it	combattente	0	1
it	combattere	0	1
it	combattimento	0	1
it	combattivo	0	1
it	combattuto	0	1
it	comfort	1	0
it	commemorare	1	0
it	commemorativo	1	0
it	commemorazione	1	0
it	commentatore	1	0
it	commissione	1	0
it	committal	0	1
it	commodoro	1	0
it	commutare	1	0
it	commutazione	1	0
it	compagno	1	0
it	compassione	1	0
it	compassionevole	1	0
it	compatibile	1	0
it	compatibilità	1	0
it	compensare	1	0
it	compensativo	1	0
it	competente	1	0
it	competenza	1	0
it	compiacente	1	0
it	compiacimento	1	0
it	compiaciuto	0	1
it	compimento	1	0
it	compito	1	0
it	compiuto	1	0
it	compleanno	1	0
it	complementare	1	0
it	complemento	1	0
it	complessato	0	1
it	complessità	0	1
it	completamente	1	0
it	completamento	1	0
it	completando	1	0
it	completezza	1	0
it	complicato	0	1
it	complicazione	0	1
it	complicità	1	1
it	compositore	1	0
it	compostezza	1	0
it	composto	1	0
it	comprendere	1	0
it	comprensione	1	0
it	comprensivo	1	0
it	compreso	1	0
it	comunicare	1	0
it	comunicativo	1	0
it	comunione	1	0
it	comunismo	0	1
it	comunista	0	1
it	comunità	1	0
it	concedere	1	0
it	concentrico	1	0
it	concesso	1	0
it	conchiglia	0	1
it	conciliazione	1	0
it	concime	0	1
it	conclusiva	1	0
it	concordanza	1	0
it	concordato	1	0
it	concordia	1	0
it	concorrenza	0	1
it	concussione	0	1
it	condanna	0	1
it	condannare	0	1
it	condannato	0	1
it	condiscendente	0	1
it	condiscendenza	0	1
it	condito	1	0
it	condividere	1	0
it	condoglianze	1	0
it	condonare	1	0
it	condurre	1	0
it	conduttività	1	0
it	confederato	1	0
it	confermato	1	0
it	confessare	1	1
it	confessione	0	1
it	confinamento	0	1
it	confinare	0	1
it	confinato	0	1
it	confisca	0	1
it	confiscare	0	1
it	conflagrazione	0	1
it	conflitto	0	1
it	confondere	0	1
it	conforme	1	0
it	conformità	1	0
it	conforto	1	0
it	confusione	0	1
it	confuso	0	1
it	confutare	0	1
it	congelamento	0	1
it	congeniale	1	0
it	congestione	0	1
it	congetturare	1	0
it	congratulazioni	1	0
it	congregazione	1	0
it	congruenza	1	0
it	conoscenza	1	0
it	conoscitivo	1	0
it	conquista	0	1
it	consacrazione	1	0
it	consapevolezza	1	0
it	consegna	1	0
it	conseguenze	0	1
it	conserva	1	0
it	conservante	1	0
it	conservare	1	0
it	conservazione	1	0
it	considerevole	1	0
it	consigliabile	1	0
it	consigliare	1	0
it	consigliere	1	0
it	consiglio	1	0
it	consistenza	1	0
it	consolle	1	0
it	consonante	1	0
it	consulente	1	1
it	consumato	1	0
it	contagio	0	1
it	contagioso	0	1
it	contaminare	0	1
it	contaminati	0	1
it	contaminazione	0	1
it	contanti	1	0
it	contare	1	0
it	contatto	1	0
it	conte	1	0
it	contemplazione	1	0
it	contendente	0	1
it	contentezza	1	0
it	contentissimo	1	0
it	contento	1	0
it	contenzioso	0	1
it	contessa	1	0
it	continua	1	0
it	contorcersi	0	1
it	contorno	1	1
it	contrabbandare	0	1
it	contrabbandiere	0	1
it	contrabbando	0	1
it	contraddire	0	1
it	contraddittorio	0	1
it	contraddizione	0	1
it	contraffazione	0	1
it	contrario	0	1
it	contrarsi	0	1
it	contrastare	0	1
it	contrastato	0	1
it	contrattempo	0	1
it	contratto	0	1
it	contravvenire	0	1
it	contravvenzione	0	1
it	contrazione	0	1
it	contribuire	1	0
it	contro	0	1
it	controversia	0	1
it	controverso	0	1
it	conveniente	1	0
it	convenienza	1	0
it	convento	1	0
it	convenzione	1	0
it	convertire	1	0
it	convincente	1	0
it	convincere	1	0
it	convinto	1	0
it	convinzione	0	1
it	convocazione	0	1
it	cooperante	1	0
it	cooperare	1	0
it	cooperativa	1	0
it	cooperazione	1	0
it	copia	0	1
it	copione	1	1
it	coppettazione	0	1
it	coraggio	1	0
it	coraggioso	1	0
it	corale	1	0
it	cordiale	1	0
it	cordialità	1	0
it	cordialmente	1	0
it	coro	1	0
it	coronamento	1	0
it	corporeo	1	0
it	correttiva	1	0
it	correttivo	0	1
it	corretto	1	0
it	correzione	0	1
it	corrispondenza	1	0
it	corroborare	1	0
it	corrompere	0	1
it	corrosione	0	1
it	corrosivo	0	1
it	corrotto	0	1
it	corruttore	0	1
it	corruzione	0	1
it	corteggiamento	1	0
it	cortese	1	0
it	cortesia	1	0
it	coscienza	1	0
it	coscienzioso	1	0
it	cosmopolita	1	0
it	cospirare	0	1
it	cospiratore	0	1
it	costa	1	0
it	costante	1	0
it	costanza	1	0
it	costituzionale	1	0
it	costretto	0	1
it	costringere	0	1
it	costrizione	0	1
it	costruire	1	0
it	costruzione	1	1
it	coursing	0	1
it	crampo	0	1
it	creare	1	0
it	creativo	1	0
it	creatura	0	1
it	credendo	1	0
it	credenziali	1	0
it	credibile	1	0
it	credibilità	1	0
it	credito	1	0
it	crema	1	0
it	cremagliera	0	1
it	crepa	0	1
it	crescendo	1	0
it	crescente	1	0
it	crescere	1	0
it	crescita	1	0
it	crimine	0	1
it	cripta	0	1
it	crisi	0	1
it	cristallo	1	0
it	critica	1	1
it	criticare	0	1
it	critico	0	1
it	crivellato	0	1
it	croccante	0	1
it	crociata	0	1
it	crociato	0	1
it	crocifissione	0	1
it	crollo	0	1
it	cronaca	1	0
it	cronico	0	1
it	crosta	0	1
it	crostini	1	0
it	cruciale	1	0
it	crudele	0	1
it	crudelmente	0	1
it	crudeltà	0	1
it	cuccetta	1	0
it	cucciolo	1	0
it	cuculo	0	1
it	culinario	1	0
it	culla	1	0
it	culmine	1	0
it	culo	0	1
it	culto	1	1
it	cultura	1	0
it	cuocere	0	1
it	cupo	0	1
it	curabile	1	0
it	curiosità	1	0
it	curioso	1	0
it	cuscino	1	0
it	custode	1	0
it	dama	1	0
it	damerino	0	1
it	dando	1	0
it	dannato	0	1
it	dannazione	0	1
it	danneggiare	0	1
it	danni	0	1
it	danno	0	1
it	dannoso	0	1
it	danza	1	0
it	dastardly	0	1
it	debito	0	1
it	debitore	0	1
it	debole	0	1
it	debolezza	0	1
it	debolmente	0	1
it	decadenza	0	1
it	decadimento	0	1
it	deceduto	0	1
it	decente	1	0
it	decenza	1	0
it	decesso	0	1
it	decisamente	1	0
it	declinazione	0	1
it	declino	0	1
it	decolorazione	0	1
it	decomposizione	0	1
it	decrepito	0	1
it	decry	0	1
it	dedicazione	1	0
it	dedurre	0	1
it	deferenza	1	0
it	deficiente	0	1
it	definitivo	1	0
it	deflazione	0	1
it	deformare	0	1
it	deformato	0	1
it	deforme	0	1
it	deformità	0	1
it	defunto	0	1
it	degenerare	0	1
it	degenerazione	0	1
it	degno	1	0
it	degradante	0	1
it	degradare	0	1
it	degradazione	0	1
it	delegare	1	0
it	deleterio	0	1
it	delfino	1	0
it	deliberato	1	0
it	delinquente	0	1
it	delinquenza	0	1
it	delirante	0	1
it	delirio	0	1
it	delizioso	1	0
it	deludente	0	1
it	deludere	0	1
it	delusione	0	1
it	deluso	0	1
it	demente	0	1
it	demenza	0	1
it	democrazia	1	0
it	demolire	0	1
it	demolizione	0	1
it	demone	0	1
it	demonico	0	1
it	demoralizzato	0	1
it	dentellatura	0	1
it	denuncia	0	1
it	denunciare	0	1
it	deperibile	0	1
it	deplorare	0	1
it	deplorevole	0	1
it	deportare	0	1
it	deportazione	0	1
it	depravato	0	1
it	depravazione	0	1
it	depressione	0	1
it	depressiva	0	1
it	depresso	0	1
it	deprimente	0	1
it	deprimere	0	1
it	derelitto	0	1
it	deridere	0	1
it	derisione	0	1
it	deroga	0	1
it	descrittivo	1	0
it	deserto	0	1
it	desiderando	1	0
it	desideroso	1	0
it	desistere	0	1
it	desolazione	0	1
it	destinato	1	0
it	destinazione	1	0
it	destino	0	1
it	destrezza	1	0
it	detenuto	0	1
it	detenzione	0	1
it	detergente	1	0
it	deterioramento	0	1
it	deteriorare	0	1
it	deteriorata	0	1
it	determinato	1	0
it	determinazione	1	0
it	detestare	0	1
it	detonare	0	1
it	detrarre	0	1
it	detrimento	0	1
it	detriti	0	1
it	devastante	0	1
it	devastare	0	1
it	devastazione	0	1
it	devoluzione	0	1
it	devoto	1	0
it	diabolico	0	1
it	diagnosi	0	1
it	diamante	1	0
it	diario	1	0
it	diatriba	0	1
it	diavolo	0	1
it	diceria	0	1
it	dichiarativa	1	0
it	dichiarazione	1	0
it	didattico	1	0
it	dietetico	1	0
it	difendere	1	0
it	difensore	1	0
it	difesa	1	0
it	difeso	1	0
it	difetto	0	1
it	difettoso	0	1
it	diffamatorio	0	1
it	diffamazione	0	1
it	differimento	0	1
it	difficile	0	1
it	difficoltà	0	1
it	diffidare	0	1
it	diffidenza	0	1
it	diffondere	1	0
it	digiuno	0	1
it	dignitoso	1	0
it	dignità	1	0
it	dilettarsi	0	1
it	diletto	1	0
it	diligenza	1	0
it	diluire	0	1
it	diluvio	0	1
it	dimenticare	0	1
it	dimenticato	0	1
it	diminuire	0	1
it	diminuita	0	1
it	diminuzione	0	1
it	dimissioni	0	1
it	dimostrabile	1	0
it	dimostrare	1	0
it	dio	1	0
it	dipendente	1	1
it	dipendenza	1	1
it	diplomatico	1	0
it	diplomazia	1	0
it	direttore	1	0
it	disabilitato	0	1
it	disaccordo	0	1
it	disagio	0	1
it	disapprovare	0	1
it	disapprovato	0	1
it	disapprovazione	0	1
it	disappunto	0	1
it	disastro	0	1
it	disastroso	0	1
it	disattenzione	0	1
it	disattese	0	1
it	disattivare	0	1
it	disavanzo	0	1
it	disavventura	0	1
it	discariche	0	1
it	disciplina	0	1
it	disconnect	0	1
it	disconoscere	0	1
it	discontinuità	0	1
it	discordia	0	1
it	discorsivo	1	0
it	discorso	1	0
it	discredito	0	1
it	discrezionale	1	0
it	discriminante	0	1
it	discriminare	0	1
it	discriminazione	0	1
it	discussione	1	1
it	discutere	0	1
it	discutibile	0	1
it	diseredati	0	1
it	diserzione	0	1
it	disfare	0	1
it	disgraziato	0	1
it	disgusto	0	1
it	disgustoso	0	1
it	disimpegno	0	1
it	disincarnato	0	1
it	disinfezione	1	0
it	disinformato	0	1
it	disinformazione	0	1
it	disinganno	0	1
it	disintegrare	0	1
it	disintegrazione	0	1
it	disinteressato	0	1
it	disinterpretazione	0	1
it	disinvestimento	0	1
it	disobbediente	0	1
it	disobbedienza	0	1
it	disobbedire	0	1
it	disoccupato	0	1
it	disonesto	0	1
it	disonestà	0	1
it	disonore	0	1
it	disordinata	0	1
it	disordinato	0	1
it	disorganizzato	0	1
it	disparità	0	1
it	dispendioso	0	1
it	disperato	0	1
it	disperazione	0	1
it	dispersione	0	1
it	dispetto	0	1
it	dispettoso	0	1
it	dispiacere	0	1
it	disponente	1	0
it	disposizione	0	1
it	disposto	1	0
it	dispotico	0	1
it	dispotismo	0	1
it	dispregiativo	0	1
it	disprezzo	0	1
it	dissenso	0	1
it	dissenteria	0	1
it	dissenziente	0	1
it	disservizio	0	1
it	dissidente	0	1
it	dissipare	0	1
it	dissolutezza	0	1
it	dissoluzione	0	1
it	dissolvenza	0	1
it	dissonanza	0	1
it	distaccato	0	1
it	distacco	0	1
it	distillazione	1	0
it	distinzione	1	0
it	distorsione	0	1
it	distorta	0	1
it	distorto	0	1
it	distrarre	0	1
it	distratto	0	1
it	distrazione	0	1
it	districare	1	0
it	distruggere	0	1
it	distruttivo	0	1
it	distrutto	0	1
it	distruttore	0	1
it	distruzione	0	1
it	disturbato	0	1
it	disturbo	0	1
it	disuguaglianza	0	1
it	disusato	0	1
it	disuso	0	1
it	dittatore	0	1
it	dittatoriale	0	1
it	dittatura	0	1
it	divagare	0	1
it	divario	0	1
it	divergente	0	1
it	diversione	1	0
it	diverso	1	1
it	divertente	1	0
it	divertimento	1	0
it	divertire	1	0
it	divertito	1	0
it	divieto	0	1
it	divinità	1	0
it	diviso	0	1
it	divorare	0	1
it	divorzio	0	1
it	dizionario	1	0
it	doccia	0	1
it	docente	1	0
it	docile	1	0
it	doga	0	1
it	dolce	1	0
it	dolcezza	1	0
it	dolci	1	0
it	dolente	0	1
it	dolorante	0	1
it	dolore	0	1
it	dolori	0	1
it	dolorosamente	0	1
it	doloroso	0	1
it	domanda	1	0
it	domestico	1	0
it	dominante	0	1
it	dominare	1	1
it	dominio	0	1
it	don	1	0
it	donazione	1	0
it	donnicciola	0	1
it	dotare	1	0
it	dotato	1	0
it	dotazione	1	0
it	dovuto	0	1
it	drenaggio	0	1
it	dubbio	0	1
it	dubbioso	0	1
it	duca	1	0
it	duetto	1	0
it	duplicità	0	1
it	durabilità	1	0
it	durevole	1	0
it	durezza	1	1
it	eccellente	1	0
it	eccellenza	1	0
it	eccellere	1	0
it	eccessivo	0	1
it	eccesso	0	1
it	eccezionale	1	1
it	eccitabile	1	0
it	eccitante	1	0
it	eccitare	1	0
it	eccitato	1	0
it	eccitazione	1	0
it	economico	1	0
it	edificazione	1	0
it	editto	0	1
it	edonismo	1	1
it	educare	1	0
it	educativo	1	0
it	educato	1	0
it	effemeride	1	0
it	effeminato	0	1
it	effettivo	1	0
it	efficace	1	0
it	efficacia	1	0
it	efficiente	1	0
it	efficienza	1	0
it	egoismo	0	1
it	egoista	0	1
it	egregio	0	1
it	eiaculazione	1	0
it	elaborazione	1	0
it	elegante	1	0
it	eleganza	1	0
it	elemosinare	0	1
it	eletto	1	0
it	elettricità	1	0
it	elettrico	1	0
it	elevato	0	1
it	elevazione	1	0
it	eliminazione	0	1
it	elite	1	0
it	eloquente	1	0
it	eloquenza	1	0
it	eludere	0	1
it	emaciato	0	1
it	emancipazione	1	0
it	emarginato	0	1
it	embolia	0	1
it	emendare	1	0
it	emergenza	0	1
it	emerito	1	0
it	eminente	1	0
it	eminentemente	1	0
it	eminenza	1	0
it	emissione	0	1
it	emorragia	0	1
it	emorroidi	0	1
it	empatia	1	0
it	empio	0	1
it	emulare	1	0
it	enciclopedia	1	0
it	enclave	0	1
it	encomio	1	0
it	endemico	0	1
it	energico	1	0
it	enigmatico	0	1
it	entusiasmo	1	0
it	epico	1	0
it	epidemico	0	1
it	epilessia	0	1
it	epitome	1	0
it	epurazione	0	1
it	equilibrato	1	0
it	equilibrio	1	0
it	equità	1	0
it	eradicazione	0	1
it	erbacce	0	1
it	erbaceo	1	0
it	eredità	1	0
it	eresia	0	1
it	eretico	0	1
it	ermafrodito	0	1
it	eroe	1	0
it	eroico	1	0
it	eroina	1	1
it	eroismo	1	0
it	erosione	0	1
it	erotico	1	1
it	erpete	0	1
it	errante	0	1
it	errata	0	1
it	erroneo	0	1
it	errore	0	1
it	erudito	1	0
it	eruttare	0	1
it	eruzione	0	1
it	esacerbare	0	1
it	esacerbazione	0	1
it	esagerare	0	1
it	esagerato	0	1
it	esaltare	1	0
it	esaltato	1	0
it	esaltazione	1	0
it	esangue	1	0
it	esasperazione	0	1
it	esaurimento	0	1
it	esausto	0	1
it	esca	0	1
it	esclusa	0	1
it	esclusi	0	1
it	esclusione	0	1
it	escrementi	0	1
it	esecutore	1	0
it	esecuzione	0	1
it	esemplare	1	0
it	esenzione	1	0
it	esigente	0	1
it	esilio	0	1
it	esistenza	1	0
it	esitazione	0	1
it	esorcismo	0	1
it	esortare	1	0
it	esortazione	1	0
it	esotico	1	0
it	espansivo	1	0
it	espatriare	0	1
it	espediente	1	0
it	espellere	0	1
it	esperto	1	0
it	espiare	1	0
it	espiazione	1	0
it	espletivo	0	1
it	esplodere	0	1
it	esplosione	0	1
it	esplosivo	0	1
it	esposto	0	1
it	espropriazione	0	1
it	espulsione	0	1
it	essenziale	1	0
it	estasi	1	0
it	estatico	1	0
it	estemporaneo	0	1
it	estendere	1	0
it	esteriore	1	0
it	esteso	1	0
it	estetica	1	0
it	estetico	1	0
it	estinto	0	1
it	estraniato	0	1
it	estremità	0	1
it	esuberanza	1	0
it	eterno	1	0
it	etica	1	0
it	etico	1	0
it	euforia	1	0
it	euforico	1	0
it	eutanasia	0	1
it	evacuare	0	1
it	evacuazione	0	1
it	evasione	0	1
it	evidente	1	0
it	evitare	0	1
it	evoluzione	1	0
it	evviva	1	0
it	extra	1	0
it	fabbricante	1	0
it	fabbricare	0	1
it	facilitare	1	0
it	facoltà	1	0
it	facondo	0	1
it	falda	0	1
it	fallace	0	1
it	fallacia	0	1
it	fallibile	0	1
it	fallimento	0	1
it	fallito	0	1
it	fallo	0	1
it	falsamente	0	1
it	falsificare	0	1
it	falsificazione	0	1
it	falsità	0	1
it	falso	0	1
it	fama	1	0
it	fame	0	1
it	famelico	0	1
it	familiare	1	0
it	familiarità	1	0
it	famoso	1	0
it	fanatico	0	1
it	fanciulla	0	1
it	fanfara	1	0
it	fanghiglia	0	1
it	fango	0	1
it	fangoso	0	1
it	fantasia	1	0
it	fantasioso	1	0
it	fantasma	0	1
it	fantasticheria	1	0
it	farabutto	0	1
it	faretra	0	1
it	farmaceutico	1	0
it	faro	1	0
it	farsa	0	1
it	farsesco	0	1
it	fascino	1	0
it	fascio	1	0
it	fastidio	0	1
it	fastidioso	0	1
it	fatale	0	1
it	fatalità	0	1
it	fatica	0	1
it	fatiche	0	1
it	faticoso	0	1
it	fatti	1	0
it	fausto	1	0
it	favoreggiamento	1	0
it	favorevole	1	0
it	favoritismo	1	0
it	febbrile	0	1
it	fecale	0	1
it	feccia	0	1
it	feci	0	1
it	fede	1	0
it	fedele	1	0
it	fedeltà	1	0
it	felicemente	1	0
it	felicissimo	1	0
it	felicità	1	0
it	fellone	0	1
it	felpa	1	0
it	femmina	1	0
it	fenice	1	0
it	ferire	0	1
it	ferita	0	1
it	ferito	0	1
it	fermento	0	1
it	fermezza	1	0
it	feroce	0	1
it	ferocia	0	1
it	ferro	1	0
it	fertile	1	0
it	fervore	1	0
it	festeggiare	1	0
it	festini	1	0
it	festival	1	0
it	festivo	1	0
it	feudale	0	1
it	feudalesimo	0	1
it	feudo	0	1
it	fiammata	0	1
it	fiancata	0	1
it	fiasco	0	1
it	fidanzata	1	0
it	fidato	1	0
it	fiducia	1	0
it	fiducioso	1	0
it	fiele	0	1
it	fiesta	1	0
it	fifa	0	1
it	figlia	1	0
it	filantropia	1	0
it	filantropo	1	0
it	filibustiere	0	1
it	filippica	0	1
it	filosofo	1	0
it	finalmente	1	0
it	fine	0	1
it	finezza	1	0
it	fingendo	0	1
it	finora	0	1
it	finto	0	1
it	finzione	0	1
it	fiocco	0	1
it	fiorente	1	0
it	fiorire	1	0
it	fiorito	1	0
it	fioritura	1	0
it	fischio	0	1
it	fisica	1	0
it	fisiologia	1	0
it	fissando	0	1
it	fittizio	0	1
it	flaccido	0	1
it	flagellare	0	1
it	flagrante	0	1
it	flatulenza	0	1
it	flemma	0	1
it	flessibilità	1	0
it	flessuoso	1	0
it	flirtare	1	1
it	floreale	1	0
it	flotta	1	0
it	flusso	1	0
it	fluttuazione	0	1
it	foca	1	0
it	focolare	1	0
it	focoso	1	0
it	folle	0	1
it	folleggiare	1	0
it	folletto	0	1
it	follia	0	1
it	fondamentale	1	0
it	fondazione	1	0
it	fondersi	1	0
it	fonetico	1	0
it	foraggio	0	1
it	forca	0	1
it	forfora	0	1
it	forma	1	0
it	formativo	1	0
it	formosa	1	0
it	formoso	1	0
it	formula	1	0
it	fornicazione	0	1
it	fornire	1	0
it	fornitura	1	0
it	forniture	1	0
it	forsennato	0	1
it	fortemente	1	0
it	fortezza	1	0
it	fortificare	1	0
it	fortuna	1	0
it	fortunato	1	0
it	foruncolo	0	1
it	forza	1	0
it	foschia	0	1
it	fracassato	0	1
it	fragile	0	1
it	fragilità	0	1
it	fragrante	1	0
it	fraintendere	0	1
it	frana	0	1
it	franchezza	1	0
it	franco	1	0
it	frantumare	0	1
it	fratellanza	1	0
it	fratello	1	0
it	fraterno	1	0
it	frattura	0	1
it	fraudolento	0	1
it	freddamente	0	1
it	freddezza	1	1
it	freddo	1	1
it	frenesia	0	1
it	frenetico	0	1
it	frequentato	0	1
it	fresa	0	1
it	frese	1	0
it	frettoloso	0	1
it	frigido	0	1
it	frivolo	0	1
it	frodare	0	1
it	frode	0	1
it	fronzoli	1	0
it	frottola	0	1
it	frugale	1	0
it	frusta	0	1
it	frustare	0	1
it	frustrare	0	1
it	frustrato	0	1
it	frustrazione	0	1
it	fruttuoso	1	0
it	fucile	0	1
it	fucina	1	0
it	fuco	0	1
it	fuga	1	1
it	fuggitivo	0	1
it	fuliggine	0	1
it	fumante	0	1
it	fumatore	0	1
it	fumo	0	1
it	fungo	0	1
it	fuorilegge	0	1
it	fuorviato	0	1
it	furfante	0	1
it	furia	0	1
it	furioso	0	1
it	furore	0	1
it	furtivo	0	1
it	furto	0	1
it	fusa	1	0
it	fusibile	1	0
it	fusione	1	0
it	futile	0	1
it	futilità	0	1
it	gabbia	0	1
it	gabbiano	0	1
it	gabinetto	0	1
it	galante	1	0
it	galanteria	1	0
it	galeotto	0	1
it	gambo	0	1
it	garantire	1	0
it	garanzia	1	0
it	garza	0	1
it	gattino	1	0
it	gattopardo	0	1
it	gavia	0	1
it	gazzetta	1	0
it	gelosia	0	1
it	geloso	0	1
it	gemello	1	0
it	gemito	0	1
it	gemma	1	0
it	generale	1	0
it	genere	1	0
it	generosità	1	0
it	generoso	1	0
it	genio	1	0
it	gentile	1	0
it	gentilezza	1	0
it	gentiluomo	0	1
it	genuino	1	0
it	geranio	1	0
it	gergo	0	1
it	geriatrico	0	1
it	gestione	1	0
it	gestire	1	0
it	ghetto	0	1
it	ghigliottina	0	1
it	gialli	0	1
it	giardino	1	0
it	gigantesco	1	0
it	ginnasta	1	0
it	giocare	0	1
it	giocatore	0	1
it	giocoso	1	0
it	gioia	1	0
it	gioioso	1	0
it	giornalista	1	0
it	giovane	1	0
it	giovanile	0	1
it	gioventù	1	0
it	gioviale	1	0
it	giubilante	1	0
it	giubileo	1	0
it	giudicare	0	1
it	giudiziario	1	0
it	giudizioso	1	0
it	giunca	0	1
it	giunta	0	1
it	giuramento	1	0
it	giurare	1	0
it	giustamente	1	0
it	giustificabile	1	0
it	giustificazione	1	0
it	giustizia	1	0
it	giusto	1	0
it	glaciale	0	1
it	globale	1	0
it	gloria	1	0
it	glorificare	1	0
it	glorificazione	1	0
it	gnomo	0	1
it	godendo	1	0
it	godere	1	0
it	gola	0	1
it	golosità	0	1
it	gonfio	0	1
it	gonfiore	0	1
it	gonorrea	0	1
it	goo	0	1
it	gorilla	0	1
it	gotta	0	1
it	governare	1	0
it	governo	0	1
it	grado	1	0
it	granato	1	0
it	grandezza	1	0
it	grandinare	1	1
it	granello	0	1
it	granuloso	0	1
it	grassetto	1	0
it	grasso	0	1
it	grata	0	1
it	gratificare	1	0
it	gratitudine	1	0
it	grato	1	1
it	grattugiare	0	1
it	grattugiato	0	1
it	grave	0	1
it	gravidanza	0	1
it	gravido	0	1
it	gravoso	0	1
it	grazia	1	0
it	graziosamente	1	0
it	grazioso	1	0
it	greca	0	1
it	gregario	1	0
it	greggio	0	1
it	grembo	1	0
it	grido	0	1
it	grigiastro	0	1
it	grigio	0	1
it	grillo	0	1
it	grinta	1	0
it	grist	1	0
it	grizzly	0	1
it	grottesco	0	1
it	grumo	0	1
it	gruppo	0	1
it	guadagnando	1	0
it	guadagnare	1	0
it	guadagno	1	0
it	guaire	0	1
it	guardia	1	0
it	guardiano	1	1
it	guarigione	1	0
it	guarire	1	0
it	guarnigione	1	0
it	guazzabuglio	0	1
it	guerra	0	1
it	guerriero	1	0
it	guerriglia	0	1
it	guida	1	0
it	guru	1	0
it	gusto	1	0
it	gustoso	1	0
it	habitat	1	0
it	handicap	0	1
it	harry	0	1
it	hascisc	0	1
it	hash	0	1
it	heroics	1	0
it	herpesvirus	0	1
it	hippie	0	1
it	hustler	0	1
it	ictus	0	1
it	idealismo	1	0
it	idiota	0	1
it	idiozia	0	1
it	idolatria	0	1
it	idolo	1	0
it	idoneo	1	0
it	idra	0	1
it	idrocefalia	0	1
it	igienico	1	0
it	ignaro	0	1
it	ignifugo	1	0
it	ignorante	0	1
it	ignoranza	0	1
it	ignorare	0	1
it	ilarità	1	0
it	illeciti	0	1
it	illecito	0	1
it	illegale	0	1
it	illegalità	0	1
it	illeggibile	0	1
it	illegittimo	0	1
it	illeso	1	0
it	illimitato	1	0
it	illogico	0	1
it	illuminare	1	0
it	illuminazione	1	0
it	illuminismo	1	0
it	illusione	0	1
it	illusionismo	0	1
it	illustrare	1	0
it	illustre	1	0
it	imbarazzante	0	1
it	imbarazzare	0	1
it	imbarazzo	0	1
it	imbattuto	1	1
it	imboscata	0	1
it	imbottitura	1	0
it	imitato	0	1
it	imitazione	0	1
it	immacolato	1	0
it	immaturità	0	1
it	immaturo	0	1
it	immenso	1	0
it	immergere	1	0
it	imminente	1	1
it	immischiarsi	0	1
it	immobile	1	1
it	immobilità	1	0
it	immondo	0	1
it	immorale	0	1
it	immoralità	0	1
it	immortale	1	0
it	immutabile	0	1
it	impalcatura	0	1
it	imparare	1	0
it	impareggiabile	1	0
it	impartire	1	0
it	imparziale	1	0
it	imparzialità	1	0
it	impaurire	0	1
it	impaurito	0	1
it	impavido	1	0
it	impaziente	0	1
it	impazienza	1	1
it	impazzire	0	1
it	impazzito	0	1
it	impeccabile	1	0
it	impedire	0	1
it	impegnata	1	0
it	impegnato	1	0
it	impegno	1	0
it	impensabile	0	1
it	impercettibile	0	1
it	imperdonabile	0	1
it	imperfetto	0	1
it	imperfezione	0	1
it	imperituro	1	0
it	impermeabile	1	0
it	impersonare	0	1
it	impervio	1	0
it	impetuoso	0	1
it	impigliato	0	1
it	implacabile	0	1
it	implicare	0	1
it	impopolare	0	1
it	imporre	1	1
it	importante	1	0
it	importanza	1	0
it	imposizione	0	1
it	impossibile	0	1
it	imposta	0	1
it	impostore	0	1
it	impotente	0	1
it	impotenza	0	1
it	impraticabile	0	1
it	imprecando	0	1
it	impreciso	0	1
it	impreparato	0	1
it	impresa	1	0
it	impressionare	1	0
it	impressione	1	1
it	imprevedibile	0	1
it	imprigionare	0	1
it	improduttivo	0	1
it	improvvisare	1	0
it	improvvisato	0	1
it	imprudente	0	1
it	impulso	1	0
it	impurità	0	1
it	impuro	0	1
it	imputazione	0	1
it	inaccessibile	0	1
it	inaccettabile	0	1
it	inadatto	0	1
it	inafferrabile	0	1
it	inaffidabile	0	1
it	inalienabile	1	0
it	inammissibile	0	1
it	inapplicabile	0	1
it	inaspettato	1	1
it	inattività	0	1
it	inattivo	1	0
it	inaugurazione	1	0
it	incagliato	0	1
it	incalcolabile	0	1
it	incamerato	0	1
it	incantare	1	0
it	incantata	1	0
it	incantevole	1	0
it	incapace	0	1
it	incapacità	0	1
it	incarcerazione	0	1
it	incendiario	0	1
it	incenerimento	0	1
it	incenso	0	1
it	incerto	0	1
it	incessante	0	1
it	incesto	0	1
it	incestuoso	0	1
it	inchiesta	1	0
it	inciampare	0	1
it	incidente	0	1
it	incisivo	1	0
it	incitare	0	1
it	inclemente	0	1
it	inclinazione	1	0
it	includere	1	0
it	inclusivo	1	0
it	incluso	1	0
it	incoerente	0	1
it	incoerenza	0	1
it	incolto	0	1
it	incompatibile	0	1
it	incompetente	0	1
it	incompetenza	0	1
it	incompiuto	0	1
it	incompletezza	0	1
it	incomprensibile	0	1
it	inconciliabile	0	1
it	inconfutabile	1	0
it	incongruo	0	1
it	inconscio	0	1
it	inconseguente	0	1
it	incontaminato	1	0
it	incontro	0	1
it	incontrollabile	0	1
it	inconveniente	0	1
it	incoraggiamento	1	0
it	incoraggiare	1	0
it	incornare	0	1
it	incoronazione	1	0
it	incorrere	0	1
it	incredibile	0	1
it	incredibilmente	1	0
it	incredulità	0	1
it	incredulo	0	1
it	increspatura	0	1
it	incriminare	0	1
it	incriminazione	0	1
it	incrollabile	1	0
it	incubo	0	1
it	incurabile	0	1
it	incursione	0	1
it	incurvarsi	0	1
it	indagare	1	0
it	indebolita	0	1
it	indecente	0	1
it	indecisione	0	1
it	indeciso	0	1
it	indegno	0	1
it	indelebile	1	0
it	indennità	1	0
it	indennizzare	0	1
it	indesiderabile	0	1
it	indesiderato	0	1
it	indeterminatezza	0	1
it	indeterminato	0	1
it	indicibile	0	1
it	indietreggiare	0	1
it	indietro	0	1
it	indifendibile	0	1
it	indifeso	0	1
it	indifferente	0	1
it	indifferenza	0	1
it	indigente	0	1
it	indignato	0	1
it	indignazione	0	1
it	indipendenza	1	0
it	indiretto	0	1
it	indirizzi	1	0
it	indisciplinato	0	1
it	indiscreto	0	1
it	indiscusso	1	0
it	indiscutibile	1	0
it	indiscutibilmente	1	0
it	indisposto	0	1
it	indistinto	0	1
it	indistruttibile	1	0
it	individualità	1	0
it	individuare	1	0
it	indivisa	1	0
it	indolente	0	1
it	indolenzimento	0	1
it	indomabile	1	0
it	indossare	0	1
it	indottrinamento	0	1
it	indugio	0	1
it	indulgente	1	0
it	indurito	0	1
it	inedito	0	1
it	ineffabile	1	0
it	inefficace	0	1
it	inefficiente	0	1
it	inefficienza	0	1
it	ineguale	0	1
it	inequivocabilmente	1	0
it	inerte	0	1
it	inesperto	0	1
it	inesplicabile	0	1
it	inestimabile	1	0
it	inettitudine	0	1
it	inetto	0	1
it	inevitabile	0	1
it	infallibile	1	0
it	infame	0	1
it	infamia	0	1
it	infanticidio	0	1
it	infantile	1	1
it	infanzia	1	0
it	infarinatura	0	1
it	infarto	0	1
it	infastidire	0	1
it	infausto	0	1
it	infedele	0	1
it	infedeltà	0	1
it	infelice	0	1
it	infelicità	0	1
it	inferiore	0	1
it	inferiorità	0	1
it	infermiera	1	0
it	infermità	0	1
it	infermo	0	1
it	infernale	0	1
it	inferno	0	1
it	infertilità	0	1
it	infestare	0	1
it	infestazione	0	1
it	infettare	0	1
it	infettivo	0	1
it	infezione	0	1
it	infiammazione	0	1
it	infido	0	1
it	infiltrazione	1	1
it	infinito	1	1
it	infirmare	0	1
it	infisso	1	0
it	inflazione	0	1
it	inflessibile	0	1
it	infliggere	0	1
it	inflizione	0	1
it	influente	1	0
it	influenza	1	1
it	infondato	0	1
it	informatore	0	1
it	informazione	1	0
it	informe	0	1
it	infrangibile	1	0
it	infrazione	0	1
it	infruttuoso	0	1
it	ingannando	0	1
it	ingannare	0	1
it	ingannati	0	1
it	ingannevole	0	1
it	inganno	0	1
it	ingarbugliato	0	1
it	ingegno	1	0
it	ingegnoso	1	0
it	ingenuo	0	1
it	ingestibile	0	1
it	ingiunzione	0	1
it	ingiustificabile	0	1
it	ingiustificato	0	1
it	ingiustizia	0	1
it	ingiusto	0	1
it	ingombrante	0	1
it	ingombro	0	1
it	ingranaggio	1	0
it	ingrato	0	1
it	inibire	0	1
it	inimicizia	0	1
it	inimitabile	1	0
it	inimmaginabile	1	1
it	ininterrotto	1	0
it	iniquità	0	1
it	innaturale	0	1
it	inno	1	0
it	innocente	1	0
it	innocentemente	1	0
it	innocenza	1	0
it	innocuo	1	0
it	innovare	1	0
it	innovazione	1	0
it	inoltrare	1	0
it	inorridito	0	1
it	inospitale	0	1
it	inossidabile	1	0
it	inquieto	0	1
it	inquilino	1	0
it	inquinamento	0	1
it	inquinare	0	1
it	insapore	0	1
it	insegnante	1	0
it	insegnare	1	0
it	insegne	1	0
it	inseguire	0	1
it	insensato	0	1
it	inseparabile	1	0
it	insetto	0	1
it	insicurezza	0	1
it	insicuro	0	1
it	insidioso	0	1
it	insieme	1	0
it	insignificante	0	1
it	insipido	0	1
it	insoddisfacente	0	1
it	insoddisfatto	0	1
it	insoddisfazione	0	1
it	insolente	0	1
it	insolvente	0	1
it	insolvenza	0	1
it	insopportabile	0	1
it	insormontabile	0	1
it	insostenibile	0	1
it	inspiegabile	0	1
it	instabile	0	1
it	instabilità	0	1
it	insufficiente	0	1
it	insufficientemente	0	1
it	insufficienza	0	1
it	insulto	0	1
it	insuperabile	1	0
it	insurrezione	0	1
it	intatto	1	0
it	integrità	1	0
it	intelletto	1	0
it	intellettuale	1	0
it	intelligente	1	0
it	intelligenza	1	0
it	intenditore	1	0
it	intenso	1	1
it	inter	0	1
it	intercettazioni	0	1
it	interdizione	0	1
it	interessante	1	0
it	interessato	1	0
it	interesse	1	0
it	interferenza	0	1
it	interlocutorio	1	0
it	interludio	1	0
it	interminabile	1	1
it	interno	1	0
it	interrompere	0	1
it	intervento	1	1
it	intestato	0	1
it	intimidazione	0	1
it	intimidire	0	1
it	intimo	1	0
it	intollerabile	0	1
it	intollerante	0	1
it	intolleranza	0	1
it	intonazione	1	0
it	intoppo	0	1
it	intorpidimento	0	1
it	intorpidire	0	1
it	intossicato	0	1
it	intraprendente	1	0
it	intrattabile	0	1
it	intrattenere	1	0
it	intrattenuti	1	0
it	intrepido	1	0
it	intrigo	0	1
it	intrusione	0	1
it	intruso	0	1
it	intuitivo	1	0
it	intuizione	1	0
it	inumanità	0	1
it	inumano	0	1
it	inumazione	0	1
it	inutile	0	1
it	inutili	0	1
it	invadente	0	1
it	invadere	0	1
it	invalidazione	0	1
it	invalidità	0	1
it	invano	0	1
it	invariabilmente	1	0
it	invasione	0	1
it	invasore	0	1
it	inventivo	1	0
it	inventore	1	0
it	inversione	0	1
it	investigatore	1	0
it	invidioso	0	1
it	invitante	1	0
it	invitare	1	0
it	invito	1	0
it	involontariamente	0	1
it	involontario	0	1
it	involuzione	0	1
it	iperbole	0	1
it	ipocrisia	0	1
it	ipocrita	0	1
it	ira	0	1
it	irascibile	0	1
it	irato	0	1
it	irradiare	1	0
it	irraggiungibile	0	1
it	irragionevolezza	0	1
it	irrazionale	0	1
it	irregolare	0	1
it	irregolarità	0	1
it	irreparabile	0	1
it	irreprensibile	1	0
it	irresponsabile	0	1
it	irrevocabile	0	1
it	irriducibile	1	0
it	irrilevante	0	1
it	irrispettoso	0	1
it	irritabile	0	1
it	irritabilità	0	1
it	irritante	0	1
it	irritato	0	1
it	irritazione	0	1
it	irriverente	0	1
it	iscritto	1	0
it	isolamento	0	1
it	isolato	0	1
it	ispettore	1	0
it	ispirare	1	0
it	ispirato	1	0
it	ispirazione	1	0
it	isterico	0	1
it	isterismo	0	1
it	istigare	0	1
it	istigazione	0	1
it	istintivo	1	0
it	istruire	1	0
it	istruttore	1	0
it	istruzione	1	0
it	itterizia	0	1
it	john	0	1
it	labirinto	0	1
it	laborioso	0	1
it	laccio	0	1
it	laden	0	1
it	ladro	0	1
it	lamentarsi	0	1
it	lamento	0	1
it	lancia	0	1
it	lanciare	1	0
it	languido	0	1
it	languire	0	1
it	languono	0	1
it	lanuginoso	1	0
it	lascivo	0	1
it	laser	1	0
it	lassativo	0	1
it	lasso	0	1
it	latente	0	1
it	latrine	0	1
it	lava	0	1
it	lavoretto	0	1
it	lavoro	1	0
it	leale	1	0
it	lealtà	1	0
it	lebbra	0	1
it	leccare	0	1
it	lega	1	0
it	legale	1	0
it	legalizzato	1	0
it	legare	0	1
it	legatura	0	1
it	leggendario	1	0
it	leggibile	1	0
it	leggibilità	1	0
it	legittimo	1	0
it	lemma	1	0
it	lenire	1	0
it	lenitivo	1	0
it	lentezza	0	1
it	lento	0	1
it	leone	1	0
it	lesbica	0	1
it	lesinare	0	1
it	letale	0	1
it	letame	0	1
it	letargo	0	1
it	letterato	1	0
it	lettore	1	0
it	lettura	1	0
it	leucemia	0	1
it	leva	1	1
it	levigatezza	1	0
it	lezione	1	0
it	libbra	0	1
it	liberale	1	1
it	liberamente	1	0
it	liberare	1	0
it	liberazione	1	0
it	libertà	1	0
it	libreria	1	0
it	libresco	1	0
it	licenziamento	0	1
it	lieto	1	0
it	limitare	0	1
it	limitato	0	1
it	limite	0	1
it	limone	0	1
it	linciare	0	1
it	linfa	0	1
it	linguista	1	0
it	liquame	0	1
it	liquore	0	1
it	lira	1	0
it	lirico	1	1
it	lite	0	1
it	litigare	0	1
it	litigioso	0	1
it	livello	1	0
it	livido	0	1
it	lobbista	0	1
it	locazione	1	0
it	locusta	0	1
it	lodare	1	0
it	lodato	1	0
it	lode	1	0
it	lodevole	1	0
it	logico	1	0
it	logoro	0	1
it	longevità	1	0
it	lotta	0	1
it	lucidare	1	0
it	lucidato	1	0
it	lumaca	0	1
it	lumbering	0	1
it	luminosità	1	0
it	lunatico	0	1
it	lungimiranza	1	0
it	lusinghiero	1	0
it	lusso	1	0
it	lussuoso	1	0
it	lussureggiante	1	1
it	lussuria	0	1
it	lustro	1	0
it	lutto	0	1
it	luttuoso	0	1
it	macabro	0	1
it	macchia	0	1
it	macellaio	0	1
it	macellazione	0	1
it	macello	0	1
it	macerie	0	1
it	macinazione	0	1
it	madre	1	1
it	maestoso	1	0
it	maestro	1	0
it	maestà	1	0
it	mafia	0	1
it	maggese	0	1
it	maggioranza	1	0
it	maggiordomo	1	0
it	maggiore	1	0
it	magico	1	0
it	magnete	1	0
it	magnetismo	1	0
it	magnetite	1	0
it	magnificenza	1	0
it	magnifico	1	0
it	maiale	0	1
it	malaccorto	0	1
it	malanimo	0	1
it	malaria	0	1
it	malaticcio	0	1
it	malato	0	1
it	malattia	0	1
it	malconcio	0	1
it	malcontento	0	1
it	maldestro	0	1
it	male	0	1
it	maledetto	0	1
it	maledizione	0	1
it	malessere	0	1
it	malevolo	0	1
it	malformazione	0	1
it	malignità	0	1
it	maligno	0	1
it	malinconia	0	1
it	malinconica	0	1
it	malinteso	0	1
it	malizia	0	1
it	malizioso	0	1
it	malsano	0	1
it	malvagio	0	1
it	malvagità	0	1
it	malvisto	0	1
it	mamma	0	1
it	mancante	0	1
it	mancanza	0	1
it	mandamus	0	1
it	mandarino	1	0
it	maneggevole	1	0
it	manganello	0	1
it	mangano	0	1
it	mangiare	1	0
it	mania	0	1
it	maniacale	0	1
it	maniaco	0	1
it	manichino	0	1
it	manicotto	0	1
it	manierato	1	0
it	maniere	1	0
it	manifestato	1	0
it	manipolare	0	1
it	manipolazione	0	1
it	manna	1	0
it	manovella	0	1
it	mar	0	1
it	marchese	1	0
it	marcire	0	1
it	mare	1	0
it	maresciallo	1	0
it	margine	0	1
it	marmaglia	0	1
it	marmellata	1	0
it	marrone	0	1
it	martingala	0	1
it	martire	0	1
it	martirio	0	1
it	marzo	1	0
it	mascalzone	0	1
it	maschile	1	0
it	masochismo	0	1
it	massacro	0	1
it	massaggio	1	0
it	massimo	1	1
it	materialismo	0	1
it	materialista	0	1
it	maternità	1	0
it	materno	1	1
it	matrimonio	1	0
it	matrona	1	0
it	maturare	1	0
it	maturo	1	0
it	mazza	0	1
it	mazzo	1	0
it	meandri	0	1
it	mecenatismo	1	0
it	medaglia	1	0
it	mediare	1	0
it	mediatore	1	0
it	mediazione	1	0
it	medico	1	0
it	mediocre	0	1
it	mediocrità	0	1
it	mediterraneo	1	0
it	melma	0	1
it	melodramma	0	1
it	meltdown	0	1
it	memorabile	1	0
it	memore	1	0
it	mendicante	0	1
it	menefreghista	0	1
it	menomazione	0	1
it	mente	1	0
it	mentore	1	0
it	menzogna	0	1
it	meraviglia	1	0
it	meravigliosa	1	0
it	meravigliosamente	1	0
it	meraviglioso	1	0
it	merce	1	1
it	mercenario	0	1
it	merda	0	1
it	meritare	1	0
it	meritato	1	0
it	merito	1	0
it	meritorio	1	0
it	meschino	0	1
it	mestiere	1	0
it	mestruazioni	1	0
it	metanolo	0	1
it	metastasi	0	1
it	metropolitano	1	0
it	mezzano	0	1
it	microscopia	1	0
it	midollo	1	0
it	miele	1	0
it	miglioramento	1	0
it	migliorare	1	0
it	migliorata	1	0
it	milizia	0	1
it	mimica	0	1
it	mimo	1	0
it	minaccia	0	1
it	minacciare	0	1
it	minaccioso	0	1
it	minato	0	1
it	minimizzare	0	1
it	minimo	0	1
it	ministero	1	0
it	minoranza	0	1
it	minore	1	1
it	miopia	0	1
it	miracolo	1	0
it	miracoloso	1	0
it	mischia	0	1
it	miscuglio	1	0
it	miserabile	0	1
it	miserabilmente	0	1
it	miseria	0	1
it	misericordia	1	0
it	misericordioso	1	0
it	misfatto	0	1
it	misplace	0	1
it	misrepresented	0	1
it	missionario	1	0
it	misurato	1	0
it	mitigare	1	0
it	mob	0	1
it	mobile	1	0
it	mocassino	0	1
it	modello	1	0
it	moderare	1	0
it	moderatore	1	0
it	moderazione	1	0
it	modestia	1	0
it	modesto	1	0
it	molestare	0	1
it	molestia	0	1
it	monaco	1	0
it	monco	0	1
it	monello	0	1
it	monetario	1	0
it	monocromo	0	1
it	monopolista	0	1
it	monsone	0	1
it	montaggio	1	0
it	montatura	0	1
it	montepremi	1	0
it	montone	0	1
it	monumento	1	0
it	mora	0	1
it	morale	1	0
it	moralità	1	0
it	morbillo	0	1
it	morbosità	0	1
it	morboso	0	1
it	mordere	0	1
it	moribondo	0	1
it	mortaio	1	0
it	mortale	0	1
it	mortalità	0	1
it	morte	0	1
it	mortificazione	0	1
it	mortuario	0	1
it	mostro	0	1
it	mostruosità	0	1
it	motivo	1	0
it	motore	1	0
it	muffa	0	1
it	mulinello	0	1
it	mulo	0	1
it	munifico	1	0
it	muscolare	1	0
it	museruola	0	1
it	musica	1	0
it	musicale	1	0
it	mutante	0	1
it	mutevole	1	0
it	mutilazione	0	1
it	muto	0	1
it	mutuatario	0	1
it	nadir	0	1
it	narcotico	0	1
it	nascita	1	0
it	nascituro	0	1
it	nascondere	0	1
it	nascosto	0	1
it	nastro	1	0
it	naturalista	1	0
it	naufragio	0	1
it	nausea	0	1
it	nauseabondo	0	1
it	nauseante	0	1
it	navigabile	1	0
it	necessario	0	1
it	necrologio	0	1
it	negando	0	1
it	negare	0	1
it	negativo	0	1
it	negato	0	1
it	negazione	0	1
it	negligente	0	1
it	negligenza	0	1
it	negoziare	1	0
it	negoziatore	1	0
it	negozio	1	0
it	negro	0	1
it	nemico	0	1
it	nepotismo	0	1
it	nero	0	1
it	nervo	1	0
it	nervoso	0	1
it	nettare	1	0
it	nevischio	0	1
it	nevralgia	0	1
it	nevrosi	0	1
it	nevrotico	0	1
it	nichilismo	0	1
it	nicotina	0	1
it	nipoti	1	0
it	nobile	1	0
it	nobiltà	1	0
it	nocivo	0	1
it	noioso	0	1
it	nomina	1	0
it	nonna	1	0
it	normalità	1	0
it	normativo	0	1
it	nostalgico	0	1
it	notabili	1	0
it	notevole	1	0
it	notoriamente	1	0
it	notorietà	1	1
it	nozione	1	0
it	nubile	1	0
it	nucleo	1	0
it	nudo	0	1
it	numeri	1	0
it	nuotare	1	0
it	nutriente	1	0
it	nutrimento	1	0
it	nutrire	1	0
it	nuvolosità	0	1
it	nuvoloso	0	1
it	oasi	1	0
it	obbedienza	1	0
it	obbiettivo	1	0
it	obbligare	0	1
it	obbligatorio	0	1
it	obbligazioni	0	1
it	obesità	0	1
it	obeso	0	1
it	obi	0	1
it	obiezione	0	1
it	obit	0	1
it	obitorio	0	1
it	oblio	0	1
it	obliterato	0	1
it	obliterazione	0	1
it	occultamento	0	1
it	occulto	0	1
it	occupante	1	0
it	occupare	1	0
it	occupazione	1	0
it	odiare	0	1
it	odio	0	1
it	odioso	0	1
it	odorare	0	1
it	odore	0	1
it	offendere	0	1
it	offensivo	0	1
it	offesa	0	1
it	offeso	0	1
it	offrire	1	0
it	offuscare	0	1
it	offuscato	0	1
it	olfattivo	0	1
it	oligarchia	0	1
it	olocausto	0	1
it	omaggio	1	0
it	ombreggiato	0	1
it	omettere	0	1
it	omicida	0	1
it	omicidio	0	1
it	omologia	1	0
it	omosessualità	0	1
it	oneroso	0	1
it	onesto	1	0
it	onestà	1	0
it	onnipotente	1	0
it	onnipotenza	1	1
it	onnisciente	1	0
it	onore	1	0
it	onorevole	1	0
it	onus	0	1
it	opaco	0	1
it	oppio	0	1
it	opporsi	0	1
it	opportunità	1	0
it	opportuno	1	0
it	opposizione	0	1
it	oppressione	0	1
it	oppressore	0	1
it	opprimente	0	1
it	opprimere	0	1
it	opzionale	1	0
it	opzione	1	0
it	oracolo	1	0
it	orazione	1	0
it	orc	0	1
it	orchestra	1	0
it	orco	0	1
it	orda	0	1
it	ordinatamente	1	0
it	ordinato	1	0
it	ordinazione	1	0
it	ordito	0	1
it	orfano	0	1
it	organizzare	1	0
it	organizzato	1	0
it	organizzazione	1	0
it	orgasmo	1	0
it	orgoglio	1	0
it	orgoglioso	1	0
it	originalità	1	0
it	origine	1	0
it	orizzonte	1	0
it	ornato	1	0
it	oro	1	0
it	orpello	1	0
it	orrendo	0	1
it	orribile	0	1
it	orribilmente	0	1
it	orrido	0	1
it	orripilante	0	1
it	orrore	0	1
it	orrori	0	1
it	ortica	0	1
it	ortografia	1	0
it	oscenità	0	1
it	osceno	0	1
it	oscurità	0	1
it	oscuro	0	1
it	ospitalità	1	0
it	ossidazione	0	1
it	ostacolando	0	1
it	ostacolare	0	1
it	ostacolo	0	1
it	ostaggio	0	1
it	ostentare	0	1
it	ostetrica	1	1
it	ostetricia	1	0
it	ostile	0	1
it	ostilità	0	1
it	ostinato	0	1
it	ostruttivo	0	1
it	ostruzione	0	1
it	ottenibile	1	0
it	ottimismo	1	0
it	ottimista	1	0
it	ottuso	0	1
it	ovazione	0	1
it	overdose	0	1
it	ozioso	0	1
it	pace	1	0
it	pacifico	1	0
it	padrona	0	1
it	padronanza	1	0
it	pagaia	1	0
it	pagamento	0	1
it	pagano	0	1
it	pagare	1	0
it	pagnotta	0	1
it	pallacanestro	1	0
it	palliativo	1	0
it	palude	0	1
it	paludoso	0	1
it	panacea	1	0
it	pandemia	0	1
it	panico	0	1
it	pannolino	0	1
it	pantano	0	1
it	papa	1	0
it	pappagallo	0	1
it	paprica	1	0
it	parafrasi	1	1
it	paragone	1	0
it	paralisi	0	1
it	paralizzato	0	1
it	paranoia	0	1
it	parassita	0	1
it	parassiti	0	1
it	parata	1	1
it	parietale	1	0
it	parlare	1	0
it	parodia	0	1
it	parola	1	0
it	parole	0	1
it	parotite	0	1
it	parsimonia	1	0
it	parsimonioso	0	1
it	partecipare	1	0
it	partecipazione	1	0
it	partenza	0	1
it	partigiano	0	1
it	partire	0	1
it	partito	0	1
it	parziale	0	1
it	pascolo	1	0
it	passatempo	1	0
it	passione	1	0
it	passività	0	1
it	passivo	0	1
it	pastella	0	1
it	pasticcino	1	0
it	pasticcio	0	1
it	pastore	1	0
it	paternalistico	0	1
it	patetico	0	1
it	patriarcale	1	0
it	patrocinio	1	0
it	patrono	1	0
it	patto	1	0
it	paura	0	1
it	pauroso	0	1
it	pavone	1	0
it	pavoneggiarsi	0	1
it	paziente	1	0
it	pazienza	1	0
it	pazzia	0	1
it	pazzo	0	1
it	peccaminoso	0	1
it	peccando	0	1
it	peccatore	0	1
it	peculiarità	1	1
it	pedigree	1	0
it	pedone	0	1
it	peggio	0	1
it	peggioramento	0	1
it	pegno	0	1
it	peloso	0	1
it	pena	0	1
it	penale	0	1
it	penetrazione	0	1
it	penitenziario	0	1
it	pennacchio	1	0
it	pensosità	1	0
it	pentirsi	1	0
it	pentito	0	1
it	percepire	1	0
it	percettibile	1	0
it	perdere	0	1
it	perdita	0	1
it	perdizione	0	1
it	perdonare	1	0
it	perdonato	1	0
it	perdono	1	0
it	perduto	0	1
it	perenne	1	0
it	perfetto	1	0
it	perfezionare	1	0
it	perfezione	1	0
it	pericolo	0	1
it	pericoloso	0	1
it	periodo	0	1
it	perire	0	1
it	perito	0	1
it	permaloso	0	1
it	permettersi	1	0
it	pernicioso	0	1
it	perno	1	0
it	perpetuazione	0	1
it	perpetuità	1	0
it	perplessità	0	1
it	perplesso	0	1
it	persecuzione	0	1
it	perseguire	0	1
it	perseguitare	0	1
it	persistente	1	0
it	persistenza	1	0
it	pertinente	1	0
it	pertosse	0	1
it	perturbazione	0	1
it	perversione	0	1
it	perverso	0	1
it	pervertito	0	1
it	pesantemente	0	1
it	peso	1	1
it	pessimismo	0	1
it	pessimista	0	1
it	peste	0	1
it	pestilenza	0	1
it	petrolio	1	1
it	pettegolezzo	0	1
it	piacevole	1	0
it	piangere	0	1
it	pianificazione	1	0
it	pianto	0	1
it	pianure	0	1
it	piastrelle	1	0
it	picchettaggio	0	1
it	picchetto	0	1
it	picchiare	0	1
it	piccione	0	1
it	piccolezza	0	1
it	piccolo	0	1
it	picnic	1	0
it	pidocchio	0	1
it	piegatrice	0	1
it	pieno	1	0
it	pietra	0	1
it	pietà	1	0
it	pignone	0	1
it	pigro	0	1
it	pillola	1	0
it	pilota	1	0
it	pinnacolo	1	0
it	pino	0	1
it	pio	1	0
it	piombino	0	1
it	pioniere	1	0
it	pirata	0	1
it	pirateria	0	1
it	piscina	1	0
it	pisolino	1	0
it	pistola	0	1
it	pittoresco	1	0
it	pizzo	1	1
it	placido	1	0
it	plagio	0	1
it	planata	1	0
it	plated	0	1
it	platessa	0	1
it	plenario	1	0
it	plesso	1	0
it	plodding	0	1
it	polacco	1	0
it	polemica	0	1
it	polemico	0	1
it	poligamia	0	1
it	polio	0	1
it	polizia	1	0
it	poliziotto	1	0
it	polmonite	0	1
it	polvere	0	1
it	pompa	0	1
it	pomposo	0	1
it	ponderoso	0	1
it	pop	0	1
it	popolare	1	0
it	popolarità	1	0
it	popolazione	1	0
it	poppa	0	1
it	porcile	0	1
it	porcospino	0	1
it	porno	0	1
it	pornografia	0	1
it	pornografico	0	1
it	portatile	1	0
it	portatore	0	1
it	porticina	1	0
it	porto	1	0
it	posa	0	1
it	possedere	1	0
it	posseduto	0	1
it	possesso	0	1
it	posteriore	0	1
it	postumo	0	1
it	potabile	1	1
it	potente	1	0
it	potenza	1	0
it	potenziamento	1	0
it	povertà	0	1
it	pratica	1	0
it	prato	1	0
it	preavvisato	0	1
it	precario	0	1
it	precauzione	1	0
it	precedente	1	0
it	precedenza	1	0
it	precedere	1	1
it	precettore	1	0
it	precisione	1	0
it	preciso	1	0
it	precludere	0	1
it	preconcetto	0	1
it	precursore	1	1
it	preda	0	1
it	predatore	0	1
it	predefinito	0	1
it	predica	0	1
it	predilezione	1	0
it	predominante	1	0
it	preferire	1	0
it	preferito	1	0
it	pregare	1	0
it	pregiudizievole	0	1
it	pregiudizio	0	1
it	prematuro	0	1
it	premeditato	0	1
it	premesse	1	0
it	premier	1	0
it	preminente	1	0
it	premio	1	0
it	premuroso	1	0
it	preoccupante	0	1
it	preoccuparsi	0	1
it	preoccupato	0	1
it	preoccupazione	0	1
it	preparare	1	0
it	preparato	1	0
it	prepotente	0	1
it	presagio	0	1
it	presentabile	1	0
it	presente	1	0
it	presentimento	0	1
it	presenza	1	0
it	presidente	1	0
it	presidentessa	1	0
it	pressione	0	1
it	prestigio	1	0
it	presto	1	0
it	presuntuoso	0	1
it	presunzione	0	1
it	pretese	0	1
it	prevalere	1	0
it	prevedere	1	0
it	preveggente	1	0
it	preventivo	0	1
it	prevenzione	1	0
it	previsto	1	0
it	prezioso	1	0
it	prigione	0	1
it	prigioniero	0	1
it	primario	1	0
it	primato	1	0
it	primaverile	1	0
it	primer	1	0
it	primo	1	0
it	principale	1	0
it	principe	1	0
it	principesco	1	0
it	principessa	1	0
it	privazione	0	1
it	privilegiato	1	0
it	privo	0	1
it	probità	1	0
it	problema	0	1
it	procedura	1	0
it	processabile	0	1
it	processione	1	0
it	procrastinare	0	1
it	procurare	1	0
it	procuratore	1	0
it	prodigio	1	0
it	prodigioso	1	0
it	prodigo	1	1
it	produttività	1	0
it	produttivo	1	0
it	produttore	1	0
it	produzione	1	0
it	profanazione	0	1
it	profanità	0	1
it	profano	0	1
it	professionale	1	0
it	professione	1	0
it	professore	1	0
it	profeta	1	0
it	profilattico	1	0
it	profondità	1	0
it	profusione	0	1
it	profuso	1	0
it	progettista	1	0
it	progressione	1	0
it	progressivo	1	0
it	progresso	1	0
it	proibito	0	1
it	prolifico	1	0
it	prolungare	0	1
it	promettente	1	0
it	promettere	1	0
it	prominente	1	0
it	prominenza	1	0
it	promiscuo	0	1
it	promozione	1	0
it	prontamente	1	0
it	prontezza	1	0
it	propaganda	0	1
it	propaggine	1	0
it	proposizione	1	0
it	proprietà	1	0
it	prosperare	1	0
it	prosperità	1	0
it	prospero	1	0
it	prospettiva	1	0
it	prostituta	0	1
it	prostituzione	0	1
it	proteggere	1	0
it	protesta	0	1
it	protettivo	1	0
it	protettore	1	0
it	proverbiale	1	0
it	provocante	0	1
it	provocatorio	0	1
it	provocazione	0	1
it	prudente	1	0
it	prudenza	1	0
it	prugna	1	0
it	psicosi	0	1
it	pubblicista	0	1
it	pubblico	1	0
it	pugnalata	0	1
it	pugnale	0	1
it	pula	0	1
it	pulce	0	1
it	pulito	1	0
it	pulizia	1	0
it	pulpito	1	0
it	pulsare	0	1
it	punch	0	1
it	punendo	0	1
it	pungente	0	1
it	punire	0	1
it	punitivo	0	1
it	punito	0	1
it	punizione	0	1
it	puntello	1	0
it	puntiglio	0	1
it	punto	1	0
it	puntuale	1	0
it	puntualità	1	0
it	puntura	0	1
it	puramente	1	0
it	purezza	1	0
it	purgatorio	0	1
it	purificare	1	0
it	purificazione	1	0
it	purista	1	0
it	purosangue	1	0
it	purtroppo	0	1
it	pus	0	1
it	puttana	0	1
it	puzza	0	1
it	puzzolente	0	1
it	quaglia	0	1
it	qualifica	1	0
it	qualificato	1	0
it	quercia	1	0
it	quiz	0	1
it	rabbia	0	1
it	rabbioso	0	1
it	racchetta	0	1
it	raccogliere	1	0
it	raccolto	1	0
it	raccomandare	1	0
it	racconto	1	0
it	rachitico	0	1
it	radiante	1	0
it	radiazione	0	1
it	radicato	1	0
it	radio	1	0
it	radioattivo	0	1
it	radon	0	1
it	raffinare	1	0
it	raffinatezza	1	0
it	raffinato	1	0
it	rafforzare	1	0
it	ragazzo	0	1
it	raggiante	1	0
it	raggiungere	1	0
it	raggiungibile	1	0
it	raggiungimento	1	0
it	ragionare	1	0
it	rallegrare	1	0
it	rallegrarsi	1	0
it	rammaricandosi	0	1
it	rammendo	1	0
it	rancido	0	1
it	rapaci	0	1
it	rapidità	1	0
it	rapimento	1	1
it	rapina	0	1
it	rapinare	0	1
it	rapinatore	0	1
it	rapire	0	1
it	rapito	1	0
it	rapitore	0	1
it	rapporto	1	0
it	rappresaglia	0	1
it	rappresentato	1	0
it	rappresentazione	1	1
it	raso	1	0
it	rassegnato	0	1
it	rassicurare	1	0
it	rassicurazione	1	0
it	ratto	0	1
it	rauco	0	1
it	rave	1	1
it	ravvivare	1	0
it	razionale	1	0
it	re	1	0
it	reali	1	0
it	realizzare	1	0
it	realizzazione	1	0
it	reazionario	0	1
it	recessione	0	1
it	recidività	0	1
it	recinto	0	1
it	reciproco	1	0
it	reclamo	0	1
it	reclinare	1	0
it	reclusione	0	1
it	recupero	1	0
it	reddito	1	1
it	redenzione	1	0
it	refrattario	0	1
it	regale	1	0
it	regalo	1	0
it	reggente	1	0
it	registratore	1	0
it	regolare	1	0
it	regolarità	1	0
it	regredire	0	1
it	regressione	0	1
it	regressivo	1	1
it	reinserimento	1	0
it	reintegrare	1	0
it	relegazione	0	1
it	religiosità	1	0
it	relitto	0	1
it	remake	1	0
it	remissione	1	0
it	rendere	1	0
it	repellente	0	1
it	reporter	1	0
it	repressione	0	1
it	reprimere	0	1
it	repubblica	1	1
it	repulsione	0	1
it	resa	0	1
it	rescindere	0	1
it	rescissione	0	1
it	residente	1	0
it	resiliente	1	0
it	resistendo	0	1
it	resistente	0	1
it	resistenza	1	1
it	resistere	1	1
it	resistivo	1	0
it	respinge	0	1
it	respinto	0	1
it	responsabile	1	0
it	responsabilità	1	0
it	resti	1	1
it	restituire	0	1
it	restituzione	1	0
it	restrittivo	0	1
it	restrizione	0	1
it	reticente	0	1
it	retribuzione	0	1
it	retrogrado	0	1
it	retrogusto	0	1
it	rettificare	1	0
it	reumatismo	0	1
it	reverendo	1	0
it	revoca	0	1
it	revocare	0	1
it	riabilitare	1	0
it	riaccendere	1	1
it	riaffermare	1	0
it	ribelle	0	1
it	ricaduta	0	1
it	ricalcitrante	0	1
it	ricambiare	1	0
it	ricatto	0	1
it	ricchezza	1	0
it	ricerca	1	0
it	ricevente	1	0
it	ricevuto	1	0
it	richiesta	0	1
it	ricompensa	1	0
it	riconciliazione	1	0
it	riconoscibile	1	0
it	riconoscimento	1	0
it	riconsiderazione	1	0
it	ricordo	1	0
it	ricostituente	1	0
it	ricostruire	1	0
it	ricostruzione	1	0
it	ricreativo	1	0
it	ricreazione	1	0
it	ricuperare	1	0
it	ridacchiare	1	0
it	ridere	1	0
it	ridicolo	0	1
it	ridondante	0	1
it	rifiutare	0	1
it	rifiutato	0	1
it	rifiuti	0	1
it	rifiuto	0	1
it	riflessivo	1	0
it	riflusso	0	1
it	riforma	1	0
it	riformatore	1	0
it	rifornire	1	0
it	riga	0	1
it	rigidezza	0	1
it	rigidità	0	1
it	rigido	0	1
it	rigore	0	1
it	rigoroso	0	1
it	rilassamento	1	0
it	riluttante	0	1
it	riluttanza	0	1
it	rimaneggiare	1	0
it	rimborsare	1	0
it	rimborso	1	0
it	rimedio	1	0
it	rimescolando	0	1
it	rimorso	0	1
it	rimozione	0	1
it	rimpiangere	0	1
it	rimproverare	0	1
it	rimprovero	0	1
it	rimuovere	0	1
it	rinascimento	1	0
it	rinascita	1	0
it	rinforzo	1	1
it	rinfrescante	1	0
it	ringhiando	0	1
it	ringhiare	0	1
it	ringhio	0	1
it	ringhioso	0	1
it	ringiovanire	1	0
it	ringiovanito	1	0
it	ringraziamento	1	0
it	rinnegato	0	1
it	rinnovamento	1	0
it	rinnovare	1	0
it	rinnovo	1	0
it	rinomato	1	0
it	rinuncia	0	1
it	rinunciare	0	1
it	rinvigorire	1	0
it	rinvio	0	1
it	riorganizzare	1	0
it	riparo	1	0
it	riposante	1	0
it	riposo	1	0
it	ripresa	1	0
it	ripristino	1	0
it	riproduttore	1	0
it	ripudio	0	1
it	ripugnante	0	1
it	ripugnanza	0	1
it	risarcimento	1	0
it	risata	1	0
it	risatina	1	0
it	riscatto	0	1
it	rischio	0	1
it	rischioso	0	1
it	risentimento	0	1
it	risentito	0	1
it	riserva	1	0
it	riservatezza	1	0
it	riserve	0	1
it	risorse	1	0
it	risparmi	1	0
it	rispettabile	1	0
it	rispettabilità	1	0
it	rispetto	1	0
it	rispettoso	1	0
it	risplendente	1	0
it	rissa	0	1
it	ristampare	0	1
it	ristretto	0	1
it	ristrutturare	1	0
it	risultato	1	0
it	ritardare	0	1
it	ritardato	0	1
it	ritardo	0	1
it	ritenzione	1	0
it	ritirarsi	0	1
it	ritmico	1	0
it	ritmo	1	0
it	ritrattare	0	1
it	ritrazione	0	1
it	riunione	1	0
it	riuscito	1	0
it	rivalersi	0	1
it	rivalità	0	1
it	rivedere	1	0
it	rivelazione	1	0
it	rivendicato	1	0
it	rivendicazione	1	0
it	riverenza	1	0
it	riverire	1	0
it	rivivere	1	1
it	rivolta	0	1
it	rivoltella	0	1
it	rivoluzionario	1	0
it	rivoluzione	1	1
it	roadster	1	0
it	robusto	1	0
it	roccia	1	0
it	rollicking	1	0
it	romanticismo	1	0
it	romantico	1	0
it	romanza	1	0
it	ronzavano	0	1
it	ronzio	1	0
it	roseo	1	0
it	rospo	0	1
it	rossore	1	0
it	rota	1	0
it	rotaia	0	1
it	rotto	0	1
it	rottura	0	1
it	routine	1	0
it	rovente	0	1
it	rovesciare	0	1
it	rovinare	0	1
it	rovinato	0	1
it	rovinoso	0	1
it	rubare	0	1
it	rubrica	1	0
it	ruggine	0	1
it	rugosità	0	1
it	rumore	0	1
it	rumorosità	0	1
it	rumoroso	0	1
it	ruta	0	1
it	sabotaggio	0	1
it	saccheggiare	0	1
it	saccheggio	0	1
it	sacerdotale	1	0
it	sacerdote	1	0
it	sacerdozio	1	0
it	sacrifici	0	1
it	saggezza	1	0
it	saggio	1	0
it	sala	0	1
it	salamoia	0	1
it	salari	1	0
it	salato	1	0
it	saliente	1	0
it	salita	1	1
it	salmo	1	0
it	salta	0	1
it	saltare	1	0
it	saltellante	1	0
it	salutare	1	0
it	saluto	1	0
it	salvaguardia	1	0
it	salvare	1	0
it	salvezza	1	0
it	sambuco	1	0
it	samurai	1	0
it	sanguigno	1	0
it	sanguinario	0	1
it	sanguinoso	0	1
it	sanguisuga	0	1
it	sanguisughe	0	1
it	sanitario	1	0
it	sano	1	0
it	santificare	1	0
it	santificazione	1	0
it	santità	1	0
it	santo	1	0
it	santuario	1	0
it	sapendo	1	0
it	sarcasmo	0	1
it	sarcoma	0	1
it	sardonico	0	1
it	satanico	0	1
it	saturato	0	1
it	sbadigli	0	1
it	sbadiglio	0	1
it	sbagliare	0	1
it	sbagliato	0	1
it	sbaglio	0	1
it	sballato	0	1
it	sbarcare	1	0
it	sbarrato	0	1
it	sbattere	0	1
it	sbigottimento	0	1
it	scadente	0	1
it	scadere	0	1
it	scaduto	0	1
it	scalpello	1	0
it	scaltro	1	0
it	scambio	1	0
it	scandalo	0	1
it	scandaloso	0	1
it	scappa	0	1
it	scarabocchio	0	1
it	scaramuccia	0	1
it	scarico	0	1
it	scarno	0	1
it	scarroccio	1	0
it	scarsezza	0	1
it	scarsità	0	1
it	scarso	0	1
it	scassinatore	0	1
it	scavo	0	1
it	scelta	1	0
it	scelto	1	0
it	scemo	0	1
it	scettico	0	1
it	scheggia	0	1
it	schema	0	1
it	schernire	0	1
it	scherzo	0	1
it	scherzoso	1	0
it	schiacciamento	0	1
it	schiacciare	0	1
it	schiacciato	0	1
it	schiaffo	0	1
it	schianto	0	1
it	schiavitù	0	1
it	schiavo	0	1
it	schieramento	1	0
it	schietto	1	0
it	schifoso	0	1
it	schiuma	0	1
it	schivare	0	1
it	schizofrenia	0	1
it	schizzinoso	0	1
it	sciarada	0	1
it	sciatica	0	1
it	sciatto	0	1
it	scientifico	1	0
it	scienziato	1	0
it	scintillare	1	0
it	scintillio	1	0
it	sciocchezza	0	1
it	sciocchezze	0	1
it	sciocco	0	1
it	sciogliere	1	1
it	sciopero	0	1
it	scisma	0	1
it	scissione	0	1
it	scivolare	0	1
it	scollegato	0	1
it	scolorita	0	1
it	scomodo	0	1
it	scomparso	0	1
it	sconcertante	0	1
it	sconcertato	0	1
it	sconfitto	0	1
it	sconforto	0	1
it	sconnessione	0	1
it	sconosciuto	0	1
it	sconsiderato	0	1
it	scontento	0	1
it	sconto	1	0
it	scontrandosi	0	1
it	scontro	0	1
it	scontroso	0	1
it	sconveniente	0	1
it	sconvolgimento	0	1
it	sconvolto	0	1
it	scoperta	1	0
it	scoppio	0	1
it	scoraggiamento	0	1
it	scoraggiante	0	1
it	scoraggiare	0	1
it	scorbutico	0	1
it	scoria	0	1
it	scorpione	0	1
it	scorrettezza	0	1
it	scorretto	0	1
it	scortese	0	1
it	scotch	0	1
it	scottare	0	1
it	scrapie	0	1
it	screditare	0	1
it	screpolato	0	1
it	screpolatura	0	1
it	scriba	1	0
it	scricchiolio	0	1
it	scrittore	1	0
it	scrosciante	0	1
it	scrutinare	0	1
it	scrutinio	1	1
it	sculacciare	0	1
it	scultura	1	0
it	scurire	0	1
it	scusa	1	1
it	scusarsi	1	0
it	secchio	1	1
it	secco	0	1
it	secessione	0	1
it	secrezione	0	1
it	sedizione	0	1
it	sedizioso	0	1
it	sedurre	0	1
it	seduzione	0	1
it	segnalazione	0	1
it	segnato	1	0
it	segregare	0	1
it	segregati	0	1
it	segreteria	1	0
it	segreto	0	1
it	selvaggia	0	1
it	selvaggio	0	1
it	sembianza	0	1
it	sempliciotto	0	1
it	semplificare	1	0
it	sempreverde	1	0
it	senile	0	1
it	sensazionale	1	0
it	sensazione	1	1
it	sensibilità	1	0
it	sensibilmente	1	0
it	senso	1	0
it	sensuale	1	1
it	sensualità	1	0
it	sentimentale	1	0
it	sentimentalità	1	0
it	sentinella	1	0
it	senz'anima	0	1
it	separarsi	0	1
it	separatista	0	1
it	sepolto	0	1
it	sepoltura	0	1
it	sepsi	0	1
it	sequestrare	0	1
it	sequestro	0	1
it	serenità	1	0
it	sereno	0	1
it	serietà	1	0
it	serio	1	0
it	sermone	1	0
it	serpente	0	1
it	servile	0	1
it	servire	0	1
it	servitore	0	1
it	servitù	0	1
it	sesso	1	0
it	seta	1	0
it	setola	0	1
it	settario	0	1
it	settico	0	1
it	sfacciato	0	1
it	sfacelo	0	1
it	sfavorevole	0	1
it	sferza	0	1
it	sfida	0	1
it	sfidare	0	1
it	sfiduciato	0	1
it	sfigurato	0	1
it	sfilacciato	0	1
it	sfocato	0	1
it	sfocatura	0	1
it	sfogare	0	1
it	sfogo	1	1
it	sfortunato	0	1
it	sforzo	1	0
it	sfrattare	0	1
it	sfregamenti	0	1
it	sfrenato	1	1
it	sgabelli	0	1
it	sgattaiolare	0	1
it	sgomento	0	1
it	sgonfiare	0	1
it	sgorbia	0	1
it	sgorgare	0	1
it	sgradevole	0	1
it	sgradito	0	1
it	sgridare	0	1
it	sguazzare	0	1
it	shanghai	0	1
it	shock	0	1
it	shopping	1	0
it	sibilo	0	1
it	siccità	0	1
it	sicuro	1	0
it	siero	1	0
it	sigaretta	0	1
it	signore	1	1
it	signoria	1	0
it	silenzio	1	0
it	silenzioso	1	0
it	siluro	0	1
it	simbolico	1	0
it	simmetria	1	0
it	simmetrico	1	0
it	simpatia	1	0
it	sincerità	1	0
it	sincero	1	0
it	sincope	0	1
it	sincronizzare	1	0
it	sindaco	1	0
it	sinergico	1	0
it	sinfonia	1	0
it	singolarmente	1	0
it	sinistro	0	1
it	sinodo	1	0
it	sinonimo	1	1
it	sintomo	0	1
it	sirena	0	1
it	sleale	0	1
it	slittata	0	1
it	slogato	0	1
it	slut	0	1
it	smembramento	0	1
it	smettere	0	1
it	sminuire	0	1
it	sminuito	0	1
it	snello	1	0
it	snob	0	1
it	sobrietà	1	0
it	soccombere	0	1
it	socialista	0	1
it	società	1	0
it	socievole	1	0
it	socio	1	0
it	soddisfare	1	0
it	soddisfatto	1	0
it	sofferenza	0	1
it	soffocamento	0	1
it	soffocante	0	1
it	soffocare	0	1
it	soffocato	0	1
it	soffrire	0	1
it	soggetto	0	1
it	soggezione	0	1
it	sogghigno	0	1
it	soggiogazione	0	1
it	soldato	1	0
it	sole	1	0
it	soleggiato	1	0
it	solidità	1	0
it	solido	1	0
it	solitario	0	1
it	solito	1	0
it	solitudine	1	1
it	solletico	1	0
it	sollevamento	1	0
it	sollievo	1	0
it	soluzione	1	0
it	solvibilità	1	0
it	somatico	0	1
it	sonar	1	0
it	sonata	1	0
it	sonetto	1	0
it	sonnolenza	0	1
it	sonoro	1	0
it	sontuoso	1	0
it	sopportare	1	0
it	sopraffare	0	1
it	sopraffatto	0	1
it	sopravvalutato	0	1
it	sopravvivere	1	0
it	sordido	0	1
it	sordo	0	1
it	sorellanza	1	0
it	sornione	0	1
it	sorprendentemente	1	0
it	sorpresa	1	0
it	sorridente	1	0
it	sorriso	1	0
it	sorsata	0	1
it	sospensione	0	1
it	sospeso	0	1
it	sospettare	0	1
it	sospetto	0	1
it	sostanza	1	0
it	sostanziale	1	0
it	sostenere	1	0
it	sostenibile	1	0
it	sostenitore	1	0
it	sottile	1	0
it	sottolineare	1	0
it	sottomettere	0	1
it	sottopagato	0	1
it	sottoposto	0	1
it	sottoscrivere	1	0
it	sottrarre	0	1
it	sovraccaricare	0	1
it	sovraccarico	0	1
it	sovrumano	1	0
it	sovversione	0	1
it	sovversivo	0	1
it	sovvertire	0	1
it	spaccatura	0	1
it	spalla	1	0
it	spaniel	1	0
it	sparare	0	1
it	sparuto	0	1
it	spasmo	0	1
it	spassionato	0	1
it	spaventapasseri	1	1
it	spaventare	0	1
it	spaventato	0	1
it	spaventevole	0	1
it	spavento	0	1
it	spazioso	1	0
it	spazzatura	0	1
it	spazzino	0	1
it	speciale	1	0
it	speculazione	0	1
it	spedizione	1	0
it	spegnere	0	1
it	speranza	1	0
it	spergiuro	0	1
it	spericolato	0	1
it	spesa	0	1
it	spese	0	1
it	speso	0	1
it	spettacolo	1	1
it	spettrale	0	1
it	spettro	0	1
it	spezia	1	0
it	spiegare	1	0
it	spietato	0	1
it	spina	0	1
it	spinoso	0	1
it	spintone	0	1
it	spionaggio	0	1
it	spione	0	1
it	spiriti	1	0
it	spirito	1	0
it	spiritoso	1	0
it	splendente	1	0
it	splendida	1	0
it	splendore	1	0
it	spoiler	0	1
it	sponsor	1	0
it	sporcizia	0	1
it	sporco	0	1
it	sposa	1	0
it	sposare	1	0
it	sposo	1	0
it	spostare	0	1
it	sprecare	0	1
it	sprecato	0	1
it	spregevole	0	1
it	sprezzante	0	1
it	spugna	0	1
it	spuria	0	1
it	squalifica	0	1
it	squalificare	0	1
it	squalificato	0	1
it	squallido	0	1
it	squalo	0	1
it	squamoso	0	1
it	squarcio	0	1
it	squilibrato	0	1
it	squisitamente	1	0
it	squisito	1	0
it	sradicare	0	1
it	stabile	1	0
it	stabilito	1	0
it	staccato	1	0
it	stagnante	0	1
it	stallone	1	0
it	stancamente	0	1
it	stanchezza	0	1
it	stanco	0	1
it	stantio	0	1
it	starnuto	0	1
it	starved	0	1
it	stato	1	0
it	statua	1	0
it	stazionario	0	1
it	stella	1	0
it	stellare	1	0
it	stellato	1	0
it	stereotipato	0	1
it	stereotipo	0	1
it	sterile	0	1
it	sterilità	0	1
it	sterlina	1	1
it	sterminare	0	1
it	sterminio	0	1
it	steward	1	0
it	stia	0	1
it	stigma	0	1
it	stima	1	0
it	stipendio	1	0
it	stipsi	0	1
it	stizza	0	1
it	stordito	0	1
it	storpio	0	1
it	storta	0	1
it	storto	0	1
it	stracci	0	1
it	stragiudiziale	0	1
it	strambo	0	1
it	stranezza	0	1
it	strangolare	0	1
it	straniero	0	1
it	strano	0	1
it	straordinario	1	0
it	strapagati	0	1
it	strappato	0	1
it	strappi	0	1
it	straripamento	0	1
it	stratega	1	0
it	strategico	1	0
it	strato	1	0
it	straziante	0	1
it	strega	0	1
it	stregoneria	0	1
it	stress	0	1
it	stretto	0	1
it	stridente	0	1
it	stridio	0	1
it	stridulo	0	1
it	strillare	0	1
it	striscia	0	1
it	strisciamento	0	1
it	strisciare	0	1
it	stronzo	0	1
it	strumentale	1	0
it	struttura	1	0
it	studia	1	0
it	studioso	1	0
it	stupidità	0	1
it	stupido	0	1
it	stupore	1	1
it	stupro	0	1
it	stuzzicando	0	1
it	stuzzicare	0	1
it	subito	1	1
it	sublimazione	1	0
it	subordinare	0	1
it	successivo	1	0
it	successo	1	0
it	succhiare	0	1
it	succinto	1	0
it	succulento	1	1
it	sudicio	0	1
it	sufficienza	1	0
it	suggestivo	1	0
it	suicida	0	1
it	suicidio	0	1
it	suino	0	1
it	suolo	0	1
it	suoneria	0	1
it	superando	1	0
it	superare	1	0
it	superbo	1	0
it	superficiale	0	1
it	superfluo	0	1
it	superiore	1	0
it	superiorità	1	0
it	superstar	1	0
it	superstizione	1	1
it	superstizioso	0	1
it	superuomo	1	0
it	supplica	1	0
it	supponente	0	1
it	supportato	1	1
it	supporto	1	0
it	supremamente	1	0
it	supremazia	1	1
it	supremo	1	0
it	suscettibile	0	1
it	suscitare	1	0
it	sussidio	0	1
it	sussistere	0	1
it	sussultare	0	1
it	svalutare	0	1
it	svastica	0	1
it	svenimenti	0	1
it	sventato	0	1
it	sventura	0	1
it	sviluppare	1	0
it	svista	0	1
it	svogliato	0	1
it	sì	1	0
it	tabacco	0	1
it	tabù	0	1
it	taccheggio	0	1
it	tacco	0	1
it	tafferuglio	0	1
it	taglio	0	1
it	talento	1	0
it	talismano	1	0
it	tampone	1	1
it	tana	0	1
it	tardare	0	1
it	tardivo	0	1
it	tariffa	0	1
it	tartufo	0	1
it	tassa	0	1
it	tasso	0	1
it	tatto	1	0
it	taxi	1	0
it	teatro	1	0
it	tecnologia	1	0
it	teismo	0	1
it	telaio	0	1
it	temendo	0	1
it	temerarietà	0	1
it	temperanza	1	0
it	temperato	1	0
it	tempesta	0	1
it	tempestivo	1	0
it	tempestoso	0	1
it	tenace	1	0
it	tenacia	1	0
it	tendente	1	0
it	tendenza	1	0
it	tenerezza	1	0
it	tenero	1	0
it	tentativo	1	0
it	tentazione	0	1
it	teocratico	0	1
it	teorico	1	0
it	teppista	0	1
it	terapeutica	1	0
it	terapeutico	1	0
it	terme	1	0
it	terminale	0	1
it	termite	0	1
it	terra	0	1
it	terremoto	0	1
it	terribile	0	1
it	terribilmente	0	1
it	terrore	0	1
it	terrorismo	0	1
it	terrorista	0	1
it	terrorizzare	0	1
it	teso	0	1
it	tesoro	1	0
it	tetano	0	1
it	tetro	0	1
it	tetta	0	1
it	tifone	0	1
it	timidezza	0	1
it	timido	0	1
it	tirannia	0	1
it	tirannico	0	1
it	tiranno	0	1
it	tirare	1	0
it	tiro	0	1
it	titolo	1	0
it	toccato	0	1
it	tollerante	1	0
it	tolleranza	1	0
it	tollerare	0	1
it	tomba	0	1
it	tonfo	0	1
it	tonto	0	1
it	toppa	0	1
it	tormento	0	1
it	torre	1	1
it	torreggiante	1	0
it	torrido	0	1
it	tort	0	1
it	tortura	0	1
it	tosse	0	1
it	tossico	0	1
it	tossina	0	1
it	traballante	0	1
it	tradimento	0	1
it	tradire	0	1
it	traditore	0	1
it	tradizionale	1	0
it	tragedia	0	1
it	tragico	0	1
it	tramonto	1	0
it	trance	0	1
it	tranquillo	1	0
it	trappola	0	1
it	trappole	0	1
it	trascendentale	1	0
it	trascendenza	1	0
it	trascurare	0	1
it	trascuratezza	0	1
it	trascurato	0	1
it	trasgressione	0	1
it	trattare	1	1
it	tratteggiata	0	1
it	trattenere	0	1
it	traumatico	0	1
it	trave	1	0
it	travisamento	0	1
it	travisare	0	1
it	travolgente	1	0
it	trebbiare	0	1
it	tregua	1	0
it	tremante	0	1
it	tremendamente	1	0
it	tremito	0	1
it	tremore	0	1
it	trepidazione	0	1
it	tribolazione	0	1
it	tribunale	0	1
it	tributo	0	1
it	trig	1	0
it	trionfante	1	0
it	trionfo	1	0
it	triste	0	1
it	tristezza	0	1
it	tritare	0	1
it	trofeo	1	0
it	troll	0	1
it	tromba	0	1
it	trono	1	0
it	trovato	1	0
it	trucco	0	1
it	truce	0	1
it	truffare	0	1
it	truffatore	0	1
it	tuffo	0	1
it	tumore	0	1
it	tumulto	0	1
it	tumultuoso	0	1
it	turbolento	0	1
it	turbolenza	0	1
it	tutela	1	0
it	ubriachezza	0	1
it	ubriaco	0	1
it	uccidere	0	1
it	uccisione	0	1
it	uccisore	0	1
it	udito	0	1
it	ufficiale	1	0
it	uguaglianza	1	0
it	ugualmente	1	0
it	ulcera	0	1
it	ulteriore	0	1
it	ultimatum	0	1
it	ululato	0	1
it	umanitario	1	0
it	umanità	1	0
it	umano	1	0
it	umile	1	1
it	umiliante	0	1
it	umiliare	0	1
it	umiliato	1	0
it	umiliazione	0	1
it	umilmente	1	0
it	umiltà	1	0
it	umorista	1	0
it	umoristico	1	0
it	unanime	1	0
it	unanimità	1	0
it	unguento	1	0
it	unico	1	0
it	unificazione	1	0
it	uniformemente	1	0
it	unimproved	0	1
it	uninfected	1	0
it	unisono	1	0
it	unitario	1	0
it	unito	1	0
it	unità	1	0
it	università	1	0
it	unsung	0	1
it	uragano	0	1
it	urgente	0	1
it	urlando	0	1
it	urlare	0	1
it	urlo	0	1
it	usciere	1	0
it	usura	0	1
it	usurpare	0	1
it	usurpato	0	1
it	utile	1	0
it	utilità	1	0
it	utopistico	1	0
it	vacanza	1	0
it	vaccino	1	0
it	vacillare	0	1
it	vacuo	0	1
it	vagabondo	0	1
it	vagante	0	1
it	vago	0	1
it	valanga	0	1
it	valoroso	1	0
it	valutazione	0	1
it	vampiro	0	1
it	vangelo	1	0
it	vanità	0	1
it	vantaggio	1	0
it	vantaggioso	1	0
it	vantarsi	0	1
it	vanteria	1	1
it	varicella	0	1
it	varicoso	0	1
it	variegato	1	0
it	vate	1	0
it	veemente	0	1
it	vegetativo	0	1
it	veleno	0	1
it	velenoso	0	1
it	vello	0	1
it	vellutato	1	0
it	velluto	1	0
it	veloce	1	0
it	vendetta	0	1
it	vendibile	1	0
it	vendicativo	0	1
it	vendicatore	0	1
it	venerabile	1	0
it	venerazione	1	0
it	ventilatore	0	1
it	ventosa	0	1
it	veracità	1	0
it	verbosità	0	1
it	verde	1	0
it	verdeggiante	1	0
it	vergine	1	0
it	verginità	1	0
it	vergogna	0	1
it	vergognoso	0	1
it	verifica	1	0
it	verificato	1	0
it	verità	1	0
it	verme	0	1
it	vero	1	0
it	verruca	0	1
it	verticale	1	0
it	vertigine	0	1
it	vertigini	0	1
it	vertiginoso	0	1
it	verve	1	0
it	veterano	1	0
it	veto	0	1
it	viaggio	1	0
it	vicario	1	0
it	vice	0	1
it	vicinanza	1	0
it	vicino	1	0
it	vietare	0	1
it	vigilanza	1	0
it	vigile	1	0
it	vigliaccamente	0	1
it	vigore	1	1
it	vigoroso	1	0
it	viltà	0	1
it	vincente	1	0
it	vincere	1	0
it	vincita	1	0
it	vincitore	1	0
it	vincolare	0	1
it	violazione	0	1
it	violentemente	0	1
it	violento	0	1
it	violenza	0	1
it	vipera	0	1
it	virile	1	0
it	virilità	1	0
it	virtuoso	1	0
it	virtù	1	0
it	virulenza	0	1
it	virus	0	1
it	viscere	0	1
it	viscido	0	1
it	visionario	1	0
it	visione	1	0
it	visita	1	0
it	visitatore	1	0
it	visitazione	0	1
it	vistoso	0	1
it	vitale	1	0
it	vitalità	1	0
it	vitello	1	0
it	vittima	0	1
it	vittimizzato	0	1
it	vittoria	1	0
it	vittorioso	1	0
it	vivace	1	0
it	vivido	1	0
it	vivo	1	0
it	vizioso	0	1
it	vocabolario	1	0
it	volante	1	0
it	volatilità	0	1
it	volendo	0	1
it	volentieri	1	0
it	volgare	0	1
it	volgarità	0	1
it	volontario	1	0
it	volubile	0	1
it	voluttuoso	1	0
it	vomito	0	1
it	votazione	1	1
it	voto	1	0
it	vudù	0	1
it	vulcano	0	1
it	vulnerabilità	0	1
it	whisky	0	1
it	wildfire	0	1
it	wimpy	0	1
it	wis	1	0
it	woefully	0	1
it	wot	1	0
it	wrangling	0	1
it	xenofobia	0	1
it	zanzara	0	1
it	zelante	1	0
it	zelo	1	0
it	zia	1	0
it	zingaro	0	1
it	zitella	0	1
it	zolfo	0	1
it	zoppicante	0	1
it	zoppicare	0	1
it	zucchero	1	0
