date,tag,jup_sat,sat_nep,sat_plu,ura_plu
1789-01,grid,136.58,134.79,20.78,165.85
1789-02,grid,129.46,138.40,23.36,163.64
1789-03,grid,124.79,142.33,26.01,162.03
1789-04,grid,122.69,146.72,28.96,161.20
1789-05,grid,123.73,150.24,31.46,161.55
1789-06,grid,127.61,152.39,33.28,163.01
1789-07,grid,133.71,152.58,33.92,165.18
1789-08,grid,141.81,150.80,33.27,167.74
1789-09,grid,150.62,147.66,31.65,170.07
1789-10,grid,158.18,144.50,29.95,171.58
1789-11,grid,163.23,142.37,28.94,171.99
1789-12,grid,164.16,142.11,29.12,171.16
1790-01,grid,160.62,143.79,30.52,169.31
1790-02,grid,153.72,147.11,32.86,167.09
1790-03,grid,146.99,151.00,35.49,165.39
1790-04,grid,141.61,155.57,38.62,164.42
1790-05,grid,139.65,159.49,41.50,164.62
1790-06,grid,141.04,162.28,43.89,165.96
1790-07,grid,145.35,163.18,45.18,168.07
1790-08,grid,152.35,162.05,45.15,170.63
1790-09,grid,161.02,159.21,43.80,173.03
1790-10,grid,169.57,155.85,41.91,174.66
1790-11,grid,176.80,153.12,40.33,175.23
1790-12,grid,180.74,152.16,39.87,174.56
1791-01,grid,180.69,153.23,40.71,172.81
1791-02,grid,176.35,156.16,42.71,170.59
1791-03,grid,169.83,159.91,45.23,168.81
1791-04,grid,162.30,164.57,48.45,167.70
1791-05,grid,157.23,168.82,51.63,167.75
1791-06,grid,155.54,172.17,54.53,168.97
1791-07,grid,157.44,173.78,56.47,171.00
1791-08,grid,162.67,173.40,57.14,173.55
1791-09,grid,170.46,171.06,56.27,176.00
1791-10,grid,179.21,167.71,54.39,177.75
1791-11,grid,187.79,164.49,52.35,178.48
1791-12,grid,194.00,162.81,51.23,177.97
1792-01,grid,197.06,163.18,51.42,176.33
1792-02,grid,196.08,165.60,52.97,174.13
1792-03,grid,191.57,169.25,55.37,172.23
1792-04,grid,184.18,173.91,58.59,171.01
1792-05,grid,177.01,178.38,61.98,170.95
1792-06,grid,172.18,182.17,65.30,172.07
1792-07,grid,171.19,184.40,67.83,174.04
1792-08,grid,174.05,184.74,69.19,176.58
1792-09,grid,180.31,183.01,68.91,179.07
1792-10,grid,188.57,179.87,67.24,180.90
1792-11,grid,197.73,176.36,64.92,181.75
1792-12,grid,205.47,174.06,63.20,181.35
1793-01,grid,210.92,173.72,62.72,179.81
1793-02,grid,212.96,175.58,63.74,177.63
1793-03,grid,211.55,178.78,65.76,175.75
1793-04,grid,206.53,183.32,68.86,174.40
1793-05,grid,199.37,187.93,72.36,174.19
1793-06,grid,192.15,192.12,76.03,175.16
1793-07,grid,187.85,194.95,79.11,177.05
1793-08,grid,187.48,196.08,81.21,179.55
1793-09,grid,191.29,195.12,81.68,182.08
1793-10,grid,198.20,192.45,80.46,184.01
1793-11,grid,207.18,188.85,78.09,185.02
1793-12,grid,215.87,185.97,75.84,184.78
1794-01,grid,223.19,184.83,74.61,183.37
1794-02,grid,227.82,185.96,74.95,181.24
1794-03,grid,229.28,188.70,76.54,179.31
1794-04,grid,227.63,192.98,79.40,177.83
1794-05,grid,222.85,197.61,82.90,177.47
1794-06,grid,215.67,202.09,86.80,178.30
1794-07,grid,208.91,205.44,90.34,180.08
1794-08,grid,204.86,207.31,93.13,182.55
1794-09,grid,205.23,207.18,94.40,185.10
1794-10,grid,209.75,205.15,93.83,187.13
1794-11,grid,217.55,201.75,91.68,188.28
1794-12,grid,226.35,198.48,89.08,188.21
1795-01,grid,234.85,196.55,87.12,186.93
1795-02,grid,241.43,196.86,86.70,184.87
1795-03,grid,245.20,199.02,87.74,182.91
1795-04,grid,246.71,202.92,90.23,181.31
1795-05,grid,245.28,207.45,93.60,180.80
1795-06,grid,240.80,212.09,97.62,181.48
1795-07,grid,234.30,215.84,101.51,183.16
1795-08,grid,227.66,218.36,104.89,185.57
1795-09,grid,224.02,219.05,106.95,188.14
1795-10,grid,224.94,217.79,107.15,190.25
1795-11,grid,230.22,214.85,105.48,191.54
1795-12,grid,238.03,211.44,102.79,191.63
1796-01,grid,246.80,208.85,100.22,190.51
1796-02,grid,254.56,208.30,98.99,188.52
1796-03,grid,260.13,209.86,99.42,186.47
1796-04,grid,263.94,213.29,101.45,184.80
1796-05,grid,265.38,217.60,104.60,184.17
1796-06,grid,264.32,222.27,108.62,184.74
1796-07,grid,260.67,226.27,112.73,186.33
1796-08,grid,254.72,229.29,116.58,188.69
1796-09,grid,248.66,230.67,119.31,191.27
1796-10,grid,245.57,230.17,120.26,193.44
1796-11,grid,247.01,227.83,119.21,194.83
1796-12,grid,252.41,224.56,116.68,195.04
1797-01,grid,260.20,221.55,113.72,194.03
1797-02,grid,268.16,220.25,111.76,192.11
1797-03,grid,274.38,221.03,111.48,190.13
1797-04,grid,279.69,223.81,112.88,188.36
1797-05,grid,283.14,227.76,115.65,187.59
1797-06,grid,284.83,232.33,119.53,188.00
1797-07,grid,284.44,236.50,123.74,189.47
1797-08,grid,281.69,239.93,127.96,191.76
1797-09,grid,276.82,241.97,131.32,194.34
1797-10,grid,271.69,242.26,133.06,196.57
1797-11,grid,268.86,240.70,132.81,198.09
1797-12,grid,270.30,237.83,130.71,198.46
1798-01,grid,275.49,234.61,127.60,197.61
1798-02,grid,282.39,232.60,124.98,195.79
1798-03,grid,288.57,232.59,123.95,193.82
1798-04,grid,294.47,234.62,124.61,191.97
1798-05,grid,298.96,238.08,126.87,191.06
1798-06,grid,302.26,242.41,130.48,191.30
1798-07,grid,304.08,246.61,134.67,192.65
1798-08,grid,304.31,250.33,139.12,194.86
1798-09,grid,302.58,252.90,142.97,197.43
1798-10,grid,299.08,253.90,145.42,199.71
1798-11,grid,294.82,253.17,146.01,201.35
1798-12,grid,292.54,250.90,144.56,201.87
1799-01,grid,293.82,247.78,141.59,201.19
1799-02,grid,298.18,245.25,138.51,199.48
1799-03,grid,303.23,244.49,136.77,197.53
1799-04,grid,308.77,245.70,136.62,195.61
1799-05,grid,313.46,248.55,138.27,194.56
1799-06,grid,317.42,252.51,141.46,194.65
1799-07,grid,320.35,256.61,145.50,195.86
1799-08,grid,322.35,260.47,150.05,197.98
1799-09,grid,323.12,263.44,154.26,200.53
1799-10,grid,322.38,265.06,157.31,202.86
1799-11,grid,320.02,265.12,158.71,204.61
1799-12,grid,317.01,263.56,158.00,205.28
1800-01,grid,315.16,260.80,155.45,204.75
1800-02,grid,316.10,258.03,152.18,203.17
1800-03,grid,318.96,256.63,149.84,201.26
1800-04,grid,323.14,257.00,148.87,199.28
1800-05,grid,327.25,259.15,149.81,198.11
1800-06,grid,331.13,262.63,152.48,198.04
1800-07,grid,334.39,266.50,156.24,199.11
1800-08,grid,337.20,270.38,160.75,201.13
1800-09,grid,339.34,273.61,165.20,203.64
1800-10,grid,340.60,275.71,168.72,206.01
1800-11,grid,340.74,276.48,170.83,207.86
1800-12,grid,339.56,275.67,170.91,208.67
1801-01,grid,337.49,273.47,168.97,208.31
1801-02,grid,336.03,270.73,165.79,206.86
1801-03,grid,336.31,268.88,163.03,205.00
1801-04,grid,338.26,268.46,161.30,202.98
1801-05,grid,341.05,269.86,161.47,201.69
1801-06,grid,344.21,272.75,163.52,201.46
1801-07,grid,347.24,276.29,166.90,202.39
1801-08,grid,350.20,280.06,171.25,204.31
1801-09,grid,352.93,283.43,175.80,206.77
1801-10,grid,355.25,285.89,179.66,209.16
1801-11,grid,357.14,287.25,182.38,211.10
1801-12,grid,358.14,287.16,183.21,212.05
1802-01,grid,357.94,285.62,181.99,211.85
1802-02,grid,356.61,283.17,179.15,210.54
1802-03,grid,355.31,281.10,176.20,208.74
1802-04,grid,354.88,280.01,173.82,206.70
1802-05,grid,355.72,280.66,173.24,205.31
1802-06,grid,357.53,282.88,174.59,204.92
1802-07,grid,359.80,285.98,177.48,205.70
1802-08,grid,2.42,289.54,181.57,207.50
1802-09,grid,5.20,292.93,186.09,209.91
1802-10,grid,7.98,295.63,190.18,212.31
1802-11,grid,10.84,297.46,193.39,214.32
1802-12,grid,13.39,298.01,194.89,215.41
1803-01,grid,15.33,297.19,194.43,215.37
1803-02,grid,15.93,295.21,192.11,214.20
1803-03,grid,15.09,293.13,189.20,212.48
1803-04,grid,13.38,291.56,186.37,210.43
1803-05,grid,12.18,291.50,185.07,208.94
1803-06,grid,12.08,293.02,185.68,208.41
1803-07,grid,13.04,295.60,188.01,209.03
1803-08,grid,14.83,298.85,191.74,210.71
1803-09,grid,17.23,302.16,196.13,213.05
1803-10,grid,20.00,304.99,200.34,215.45
1803-11,grid,23.27,307.18,203.91,217.54
1803-12,grid,26.71,308.28,205.99,218.74
1804-01,grid,30.26,308.13,206.25,218.86
1804-02,grid,33.10,306.74,204.57,217.85
1804-03,grid,34.25,304.79,201.80,216.14
1804-04,grid,33.32,302.99,198.75,214.10
1804-05,grid,31.07,302.37,196.90,212.55
1804-06,grid,28.97,303.22,196.84,211.91
1804-07,grid,28.09,305.26,198.60,212.42
1804-08,grid,28.50,308.13,201.91,214.00
1804-09,grid,30.04,311.25,206.10,216.28
1804-10,grid,32.42,314.11,210.31,218.67
1804-11,grid,35.67,316.52,214.11,220.79
1804-12,grid,39.51,318.03,216.61,222.08
1805-01,grid,44.04,318.47,217.49,222.32
1805-02,grid,48.64,317.68,216.43,221.41
1805-03,grid,52.01,316.14,214.13,219.86
1805-04,grid,53.61,314.27,211.05,217.83
1805-05,grid,52.39,313.18,208.73,216.21
1805-06,grid,49.24,313.36,207.96,215.43
1805-07,grid,46.28,314.80,209.07,215.78
1805-08,grid,44.60,317.20,211.87,217.23
1805-09,grid,44.59,320.07,215.76,219.43
1805-10,grid,46.02,322.87,219.89,221.80
1805-11,grid,48.76,325.44,223.85,223.97
1805-12,grid,52.53,327.30,226.73,225.36
1806-01,grid,57.47,328.29,228.20,225.75
1806-02,grid,63.18,328.12,227.83,225.00
1806-03,grid,68.39,327.04,226.02,223.54
1806-04,grid,72.94,325.32,223.11,221.55
1806-05,grid,74.64,323.93,220.49,219.87
1806-06,grid,72.87,323.51,219.11,218.96
1806-07,grid,68.90,324.33,219.55,219.16
1806-08,grid,64.83,326.21,221.77,220.47
1806-09,grid,62.42,328.74,225.28,222.58
1806-10,grid,62.09,331.41,229.27,224.92
1806-11,grid,63.65,334.04,233.29,227.13
1806-12,grid,66.79,336.16,236.45,228.62
1807-01,grid,71.55,337.61,238.42,229.15
1807-02,grid,77.67,338.04,238.70,228.55
1807-03,grid,83.96,337.47,237.45,227.20
1807-04,grid,90.83,336.05,234.87,225.26
1807-05,grid,95.86,334.55,232.14,223.53
1807-06,grid,97.65,333.66,230.26,222.50
1807-07,grid,95.44,333.88,230.06,222.55
1807-08,grid,90.40,335.20,231.67,223.71
1807-09,grid,85.27,337.32,234.73,225.72
1807-10,grid,82.18,339.78,238.48,228.03
1807-11,grid,81.53,342.40,242.48,230.27
1807-12,grid,83.21,344.69,245.85,231.84
1808-01,grid,87.07,346.52,248.23,232.50
1808-02,grid,92.84,347.48,249.10,232.06
1808-03,grid,99.68,347.43,248.37,230.77
1808-04,grid,107.82,346.41,246.22,228.88
1808-05,grid,115.26,344.96,243.56,227.13
1808-06,grid,120.73,343.76,241.35,226.02
1808-07,grid,122.32,343.46,240.61,225.96
1808-08,grid,119.55,344.24,241.64,227.01
1808-09,grid,113.63,345.93,244.25,228.94
1808-10,grid,107.69,348.13,247.72,231.20
1808-11,grid,103.75,350.65,251.62,233.45
1808-12,grid,102.87,353.04,255.09,235.07
1809-01,grid,104.88,355.14,257.77,235.83
1809-02,grid,109.49,356.55,259.11,235.50
1809-03,grid,115.57,356.99,258.94,234.36
1809-04,grid,123.89,356.48,257.32,232.54
1809-05,grid,132.58,355.24,254.88,230.77
1809-06,grid,140.68,353.84,252.46,229.56
1809-07,grid,146.02,353.07,251.21,229.36
1809-08,grid,147.56,353.27,251.61,230.26
1809-09,grid,144.51,354.47,253.67,232.08
1809-10,grid,138.25,356.33,256.79,234.29
1809-11,grid,131.25,358.70,260.53,236.55
1809-12,grid,126.70,1.11,264.04,238.24
1810-01,grid,125.46,3.44,266.99,239.12
1810-02,grid,127.69,5.26,268.78,238.93
1810-03,grid,132.31,6.19,269.14,237.91
1810-04,grid,139.74,6.22,268.11,236.17
1810-05,grid,148.47,5.32,266.00,234.40
1810-06,grid,157.77,3.90,263.54,233.10
1810-07,grid,165.49,2.76,261.89,232.76
1810-08,grid,170.65,2.41,261.69,233.52
1810-09,grid,171.83,3.07,263.17,235.21
1810-10,grid,168.72,4.55,265.87,237.37
1810-11,grid,162.00,6.69,269.38,239.62
1810-12,grid,154.73,9.06,272.87,241.38
1811-01,grid,149.52,11.53,276.00,242.37
1811-02,grid,148.17,13.69,278.18,242.32
1811-03,grid,150.28,15.07,279.04,241.43
1811-04,grid,155.79,15.66,278.59,239.78
1811-05,grid,163.51,15.19,276.94,238.02
1811-06,grid,172.79,13.91,274.60,236.64
1811-07,grid,181.59,12.53,272.67,236.17
1811-08,grid,188.97,11.68,271.91,236.78
1811-09,grid,193.39,11.79,272.80,238.35
1811-10,grid,194.04,12.83,275.03,240.44
1811-11,grid,190.60,14.68,278.25,242.68
1811-12,grid,184.02,16.95,281.65,244.49
1812-01,grid,176.41,19.50,284.90,245.58
1812-02,grid,171.17,21.93,287.40,245.68
1812-03,grid,169.95,23.75,288.72,244.87
1812-04,grid,172.64,24.86,288.81,243.30
1812-05,grid,178.51,24.86,287.64,241.56
1812-06,grid,186.85,23.83,285.55,240.14
1812-07,grid,195.71,22.35,283.50,239.59
1812-08,grid,204.13,21.10,282.32,240.08
1812-09,grid,210.48,20.69,282.66,241.56
1812-10,grid,213.82,21.28,284.42,243.57
1812-11,grid,213.74,22.80,287.30,245.80
1812-12,grid,210.02,24.92,290.55,247.62
1813-01,grid,203.19,27.49,293.84,248.79
1813-02,grid,195.85,30.11,296.56,248.98
1813-03,grid,191.41,32.22,298.21,248.31
1813-04,grid,190.49,33.85,298.87,246.85
1813-05,grid,193.61,34.39,298.25,245.14
1813-06,grid,200.12,33.75,296.54,243.67
1813-07,grid,208.25,32.33,294.51,243.00
1813-08,grid,216.94,30.75,292.95,243.35
1813-09,grid,224.44,29.81,292.72,244.70
1813-10,grid,229.61,29.89,293.93,246.63
1813-11,grid,232.17,30.99,296.39,248.83
1813-12,grid,231.51,32.88,299.43,250.69
1814-01,grid,227.44,35.39,302.69,251.94
1814-02,grid,220.75,38.16,305.60,252.26
1814-03,grid,214.50,40.56,307.59,251.71
1814-04,grid,210.11,42.68,308.77,250.36
1814-05,grid,209.90,43.78,308.73,248.70
1814-06,grid,213.78,43.64,307.51,247.18
1814-07,grid,220.42,42.41,305.64,246.41
1814-08,grid,228.65,40.64,303.85,246.62
1814-09,grid,236.63,39.22,303.08,247.84
1814-10,grid,242.95,38.75,303.72,249.68
1814-11,grid,247.33,39.39,305.70,251.85
1814-12,grid,249.07,40.97,308.44,253.73
1815-01,grid,247.93,43.37,311.62,255.06
1815-02,grid,243.72,46.21,314.65,255.50
1815-03,grid,238.00,48.84,316.91,255.08
1815-04,grid,231.70,51.40,318.58,253.84
1815-05,grid,228.25,53.05,319.11,252.23
1815-06,grid,228.86,53.48,318.45,250.69
1815-07,grid,233.22,52.59,316.89,249.82
1815-08,grid,240.25,50.79,315.02,249.90
1815-09,grid,248.09,48.98,313.80,250.98
1815-10,grid,255.02,47.96,313.86,252.73
1815-11,grid,260.63,48.06,315.29,254.85
1815-12,grid,264.09,49.28,317.68,256.75
1816-01,grid,265.35,51.47,320.69,258.15
1816-02,grid,263.96,54.32,323.76,258.70
1816-03,grid,260.21,57.23,326.33,258.38
1816-04,grid,254.40,60.16,328.39,257.23
1816-05,grid,249.08,62.31,329.43,255.68
1816-06,grid,246.51,63.30,329.34,254.14
1816-07,grid,247.99,62.84,328.19,253.21
1816-08,grid,253.05,61.15,326.40,253.18
1816-09,grid,260.04,59.05,324.88,254.16
1816-10,grid,267.02,57.54,324.43,255.83
1816-11,grid,273.31,57.10,325.31,257.90
1816-12,grid,277.94,57.91,327.29,259.80
1817-01,grid,280.92,59.86,330.06,261.24
1817-02,grid,281.84,62.65,333.11,261.87
1817-03,grid,280.71,65.58,335.74,261.66
1817-04,grid,277.20,68.84,338.16,260.64
1817-05,grid,272.27,71.48,339.73,259.16
1817-06,grid,267.60,73.11,340.26,257.61
1817-07,grid,265.86,73.21,339.65,256.60
1817-08,grid,267.96,71.82,338.11,256.45
1817-09,grid,273.16,69.58,336.40,257.29
1817-10,grid,279.53,67.59,335.44,258.86
1817-11,grid,286.00,66.54,335.69,260.87
1817-12,grid,291.35,66.84,337.16,262.76
1818-01,grid,295.57,68.43,339.61,264.26
1818-02,grid,298.30,71.07,342.55,265.00
1818-03,grid,299.32,74.05,345.26,264.90
1818-04,grid,298.64,77.56,347.99,264.00
1818-05,grid,296.04,80.65,350.02,262.59
1818-06,grid,291.90,82.90,351.18,261.05
1818-07,grid,288.19,83.64,351.17,259.98
1818-08,grid,286.95,82.71,350.06,259.71
1818-09,grid,289.26,80.52,348.34,260.41
1818-10,grid,293.98,78.15,346.96,261.87
1818-11,grid,299.83,76.49,346.58,263.82
1818-12,grid,305.30,76.20,347.47,265.71
1819-01,grid,310.18,77.34,349.50,267.25
1819-02,grid,314.05,79.74,352.23,268.08
1819-03,grid,316.61,82.69,354.96,268.09
1819-04,grid,318.25,86.37,357.90,267.31
1819-05,grid,318.42,89.85,0.34,265.99
1819-06,grid,316.93,92.69,2.09,264.47
1819-07,grid,314.11,94.10,2.74,263.35
1819-08,grid,311.13,93.78,2.19,262.96
1819-09,grid,310.16,91.83,0.67,263.53
1819-10,grid,312.01,89.24,359.02,264.88
1819-11,grid,316.04,87.00,358.04,266.76
1819-12,grid,320.73,86.06,358.30,268.63
1820-01,grid,325.51,86.66,359.80,270.21
1820-02,grid,329.82,88.72,2.23,271.13
1820-03,grid,333.30,91.66,4.98,271.23
1820-04,grid,336.37,95.45,8.06,270.55
1820-05,grid,338.58,99.23,10.82,269.31
1820-06,grid,339.85,102.58,13.08,267.82
1820-07,grid,339.79,104.62,14.34,266.66
1820-08,grid,338.32,104.94,14.41,266.20
1820-09,grid,336.21,103.38,13.26,266.67
1820-10,grid,335.17,100.74,11.54,267.93
1820-11,grid,336.18,98.03,10.07,269.74
1820-12,grid,338.85,96.47,9.70,271.58
1821-01,grid,342.46,96.48,10.63,273.18
1821-02,grid,346.30,98.14,12.68,274.15
1821-03,grid,349.72,100.79,15.18,274.34
1821-04,grid,353.32,104.58,18.29,273.78
1821-05,grid,356.59,108.58,21.30,272.63
1821-06,grid,359.62,112.40,24.04,271.18
1821-07,grid,2.03,115.09,25.94,269.99
1821-08,grid,3.54,116.18,26.73,269.42
1821-09,grid,3.59,115.24,26.14,269.77
1821-10,grid,2.29,112.77,24.56,270.91
1821-11,grid,0.73,109.71,22.73,272.64
1821-12,grid,0.36,107.50,21.70,274.46
1822-01,grid,1.50,106.80,21.93,276.08
1822-02,grid,3.75,107.89,23.46,277.12
1822-03,grid,6.34,110.23,25.69,277.41
1822-04,grid,9.57,113.91,28.74,276.97
1822-05,grid,12.92,118.05,31.91,275.91
1822-06,grid,16.57,122.25,35.03,274.51
1822-07,grid,20.19,125.53,37.50,273.30
1822-08,grid,23.80,127.39,39.03,272.64
1822-09,grid,26.73,127.20,39.14,272.86
1822-10,grid,28.05,125.14,37.92,273.89
1822-11,grid,27.25,121.95,35.94,275.54
1822-12,grid,25.09,119.16,34.34,277.32
1823-01,grid,23.22,117.70,33.83,278.95
1823-02,grid,22.77,118.12,34.73,280.06
1823-03,grid,23.58,120.05,36.58,280.44
1823-04,grid,25.51,123.50,39.44,280.11
1823-05,grid,28.13,127.65,42.66,279.16
1823-06,grid,31.47,132.13,46.06,277.81
1823-07,grid,35.26,135.92,49.02,276.58
1823-08,grid,39.66,138.52,51.25,275.85
1823-09,grid,44.27,139.15,52.14,275.95
1823-10,grid,48.20,137.70,51.49,276.86
1823-11,grid,50.43,134.65,49.62,278.42
1823-12,grid,49.75,131.44,47.60,280.16
1824-01,grid,46.74,129.21,46.35,281.80
1824-02,grid,43.56,128.88,46.52,282.97
1824-03,grid,41.85,130.34,47.94,283.44
1824-04,grid,41.67,133.48,50.51,283.20
1824-05,grid,42.86,137.55,53.68,282.33
1824-06,grid,45.23,142.19,57.25,281.04
1824-07,grid,48.49,146.37,60.59,279.82
1824-08,grid,52.78,149.58,63.42,279.04
1824-09,grid,57.90,150.97,65.04,279.05
1824-10,grid,63.22,150.21,65.06,279.88
1824-11,grid,68.03,147.51,63.52,281.35
1824-12,grid,70.36,144.11,61.30,283.05
1825-01,grid,69.18,141.25,59.43,284.68
1825-02,grid,65.23,140.16,58.85,285.88
1825-03,grid,61.38,140.96,59.64,286.40
1825-04,grid,58.55,143.61,61.77,286.28
1825-05,grid,57.64,147.47,64.75,285.51
1825-06,grid,58.43,152.14,68.37,284.29
1825-07,grid,60.60,156.61,72.00,283.08
1825-08,grid,64.18,160.40,75.35,282.23
1825-09,grid,69.02,162.58,77.72,282.14
1825-10,grid,74.73,162.64,78.52,282.85
1825-11,grid,81.01,160.56,77.58,284.23
1825-12,grid,86.04,157.22,75.42,285.87
1826-01,grid,88.18,153.85,73.05,287.50
1826-02,grid,86.20,151.93,71.68,288.74
1826-03,grid,81.88,152.01,71.78,289.34
1826-04,grid,76.81,154.04,73.34,289.32
1826-05,grid,73.44,157.55,76.00,288.66
1826-06,grid,72.08,162.12,79.54,287.52
1826-07,grid,72.69,166.76,83.31,286.32
1826-08,grid,75.09,170.99,87.08,285.42
1826-09,grid,79.15,173.87,90.10,285.22
1826-10,grid,84.57,174.75,91.69,285.82
1826-11,grid,91.33,173.46,91.50,287.10
1826-12,grid,98.01,170.47,89.68,288.68
1827-01,grid,103.19,166.83,87.05,290.30
1827-02,grid,104.62,164.17,84.98,291.59
1827-03,grid,102.14,163.47,84.34,292.25
1827-04,grid,96.64,164.77,85.21,292.34
1827-05,grid,91.14,167.79,87.42,291.78
1827-06,grid,87.26,172.13,90.74,290.72
1827-07,grid,85.79,176.81,94.54,289.54
1827-08,grid,86.54,181.34,98.58,288.60
1827-09,grid,89.40,184.80,102.14,288.31
1827-10,grid,94.05,186.46,104.45,288.79
1827-11,grid,100.60,186.01,105.08,289.97
1827-12,grid,107.99,183.60,103.83,291.49
1828-01,grid,115.27,179.98,101.24,293.10
1828-02,grid,120.06,176.76,98.64,294.41
1828-03,grid,120.72,175.27,97.25,295.16
1828-04,grid,117.13,175.83,97.39,295.32
1828-05,grid,111.09,178.30,99.08,294.84
1828-06,grid,104.98,182.31,102.08,293.86
1828-07,grid,101.07,186.90,105.80,292.71
1828-08,grid,99.68,191.60,109.99,291.76
1828-09,grid,100.92,195.46,113.92,291.40
1828-10,grid,104.44,197.73,116.83,291.79
1828-11,grid,110.30,198.05,118.21,292.89
1828-12,grid,117.72,196.30,117.61,294.35
1829-01,grid,126.12,192.97,115.30,295.93
1829-02,grid,133.41,189.44,112.41,297.25
1829-03,grid,137.28,187.36,110.44,298.02
1829-04,grid,137.33,187.05,109.78,298.28
1829-05,grid,133.18,188.83,110.80,297.91
1829-06,grid,126.38,192.36,113.33,297.01
1829-07,grid,120.07,196.73,116.83,295.91
1829-08,grid,115.87,201.48,121.04,294.92
1829-09,grid,114.73,205.66,125.25,294.48
1829-10,grid,116.49,208.48,128.67,294.77
1829-11,grid,121.06,209.58,130.80,295.76
1829-12,grid,127.84,208.62,130.97,297.15
1830-01,grid,136.53,205.81,129.19,298.70
1830-02,grid,145.44,202.23,126.28,300.04
1830-03,grid,151.98,199.61,123.82,300.87
1830-04,grid,155.90,198.48,122.36,301.21
1830-05,grid,155.46,199.49,122.65,300.95
1830-06,grid,150.77,202.42,124.61,300.14
1830-07,grid,143.77,206.47,127.77,299.08
1830-08,grid,136.85,211.13,131.87,298.09
1830-09,grid,132.55,215.50,136.23,297.57
1830-10,grid,131.70,218.76,140.04,297.75
1830-11,grid,134.22,220.53,142.81,298.63
1830-12,grid,139.66,220.34,143.74,299.95
1831-01,grid,147.80,218.20,142.65,301.46
1831-02,grid,157.30,214.84,139.97,302.82
1831-03,grid,165.56,211.90,137.23,303.69
1831-04,grid,172.60,210.04,135.08,304.12
1831-05,grid,176.05,210.25,134.61,303.96
1831-06,grid,175.41,212.50,135.91,303.24
1831-07,grid,170.80,216.11,138.64,302.24
1831-08,grid,163.36,220.58,142.51,301.24
1831-09,grid,156.09,225.01,146.89,300.66
1831-10,grid,151.73,228.58,150.96,300.74
1831-11,grid,151.11,230.91,154.25,301.51
1831-12,grid,154.26,231.43,155.89,302.75
1832-01,grid,160.87,230.03,155.54,304.22
1832-02,grid,169.92,227.10,153.33,305.58
1832-03,grid,179.17,223.98,150.43,306.52
1832-04,grid,188.12,221.59,147.79,307.02
1832-05,grid,194.44,221.11,146.64,306.93
1832-06,grid,197.63,222.68,147.28,306.29
1832-07,grid,196.96,225.81,149.53,305.35
1832-08,grid,192.34,229.99,153.11,304.35
1832-09,grid,184.89,234.37,157.41,303.73
1832-10,grid,177.65,238.10,161.62,303.74
1832-11,grid,173.08,240.82,165.28,304.42
1832-12,grid,172.82,241.91,167.48,305.59
1833-01,grid,176.82,241.20,167.81,307.02
1833-02,grid,184.31,238.80,166.13,308.37
1833-03,grid,192.85,235.91,163.49,309.31
1833-04,grid,202.58,233.14,160.50,309.88
1833-05,grid,210.70,231.97,158.70,309.89
1833-06,grid,216.67,232.78,158.61,309.35
1833-07,grid,219.52,235.31,160.26,308.47
1833-08,grid,219.00,239.11,163.43,307.49
1833-09,grid,214.78,243.34,167.55,306.81
1833-10,grid,207.93,247.17,171.81,306.72
1833-11,grid,200.49,250.22,175.77,307.31
1833-12,grid,196.02,251.84,178.47,308.38
1834-01,grid,195.98,251.82,179.50,309.76
1834-02,grid,200.49,250.07,178.50,311.11
1834-03,grid,207.46,247.49,176.19,312.08
1834-04,grid,216.71,244.56,173.08,312.73
1834-05,grid,225.47,242.82,170.76,312.82
1834-06,grid,232.98,242.90,169.95,312.38
1834-07,grid,238.08,244.79,170.97,311.57
1834-08,grid,240.68,248.12,173.65,310.61
1834-09,grid,240.21,252.11,177.49,309.89
1834-10,grid,236.58,255.93,181.70,309.72
1834-11,grid,230.08,259.21,185.85,310.19
1834-12,grid,223.28,261.27,188.97,311.18
1835-01,grid,218.96,261.87,190.63,312.51
1835-02,grid,219.33,260.79,190.31,313.84
1835-03,grid,223.54,258.63,188.46,314.84
1835-04,grid,231.06,255.76,185.46,315.55
1835-05,grid,239.37,253.62,182.77,315.74
1835-06,grid,247.40,253.02,181.31,315.40
1835-07,grid,253.67,254.25,181.67,314.66
1835-08,grid,258.15,257.05,183.80,313.73
1835-09,grid,260.31,260.73,187.28,312.97
1835-10,grid,259.86,264.46,191.37,312.72
1835-11,grid,256.50,267.87,195.61,313.09
1835-12,grid,250.85,270.25,199.04,313.99
1836-01,grid,244.57,271.39,201.24,315.25
1836-02,grid,240.96,270.96,201.59,316.57
1836-03,grid,241.69,269.24,200.21,317.62
1836-04,grid,246.44,266.60,197.46,318.38
1836-05,grid,253.33,264.27,194.60,318.63
1836-06,grid,260.96,263.15,192.64,318.37
1836-07,grid,267.58,263.78,192.41,317.70
1836-08,grid,272.99,266.03,193.99,316.80
1836-09,grid,276.64,269.35,197.10,316.03
1836-10,grid,278.29,272.91,200.99,315.72
1836-11,grid,277.72,276.35,205.23,316.01
1836-12,grid,274.74,278.95,208.87,316.83
1837-01,grid,269.59,280.49,211.46,318.04
1837-02,grid,264.31,280.61,212.37,319.33
1837-03,grid,261.83,279.47,211.58,320.36
1837-04,grid,263.05,277.20,209.24,321.17
1837-05,grid,267.58,274.83,206.38,321.51
1837-06,grid,274.00,273.26,204.00,321.35
1837-07,grid,280.35,273.26,203.15,320.76
1837-08,grid,286.12,274.91,204.11,319.91
1837-09,grid,290.63,277.78,206.73,319.12
1837-10,grid,293.60,281.11,210.35,318.74
1837-11,grid,295.04,284.51,214.52,318.93
1837-12,grid,294.57,287.29,218.31,319.66
1838-01,grid,291.94,289.21,221.27,320.79
1838-02,grid,287.60,289.86,222.74,322.06
1838-03,grid,283.70,289.27,222.52,323.10
1838-04,grid,281.76,287.47,220.70,323.96
1838-05,grid,283.31,285.22,217.99,324.38
1838-06,grid,287.69,283.35,215.34,324.31
1838-07,grid,293.10,282.80,213.94,323.81
1838-08,grid,298.65,283.83,214.27,323.01
1838-09,grid,303.49,286.20,216.36,322.21
1838-10,grid,307.22,289.23,219.64,321.77
1838-11,grid,309.93,292.53,223.68,321.86
1838-12,grid,311.27,295.40,227.53,322.49
1839-01,grid,311.06,297.61,230.79,323.55
1839-02,grid,309.02,298.74,232.74,324.79
1839-03,grid,305.94,298.67,233.07,325.84
1839-04,grid,302.62,297.41,231.82,326.74
1839-05,grid,301.43,295.42,229.41,327.23
1839-06,grid,303.13,293.41,226.66,327.26
1839-07,grid,306.85,292.40,224.81,326.85
1839-08,grid,311.56,292.82,224.52,326.10
1839-09,grid,316.22,294.66,226.05,325.31
1839-10,grid,320.24,297.33,228.92,324.81
1839-11,grid,323.69,300.46,232.75,324.80
1839-12,grid,326.23,303.35,236.60,325.34
1840-01,grid,327.84,305.78,240.07,326.33
1840-02,grid,328.15,307.31,242.44,327.52
1840-03,grid,327.06,307.72,243.29,328.61
1840-04,grid,324.68,306.98,242.58,329.55
1840-05,grid,322.33,305.35,240.56,330.09
1840-06,grid,321.54,303.38,237.86,330.20
1840-07,grid,322.98,302.06,235.72,329.86
1840-08,grid,326.11,301.96,234.91,329.17
1840-09,grid,329.97,303.27,235.89,328.39
1840-10,grid,333.77,305.55,238.36,327.85
1840-11,grid,337.47,308.45,241.92,327.78
1840-12,grid,340.67,311.29,245.71,328.24
1841-01,grid,343.48,313.85,249.30,329.15
1841-02,grid,345.60,315.69,251.98,330.30
1841-03,grid,346.68,316.51,253.24,331.35
1841-04,grid,346.65,316.34,253.13,332.32
1841-05,grid,345.37,315.16,251.61,332.94
1841-06,grid,343.56,313.36,249.11,333.14
1841-07,grid,342.68,311.82,246.77,332.89
1841-08,grid,343.45,311.22,245.44,332.27
1841-09,grid,345.67,311.95,245.82,331.50
1841-10,grid,348.60,313.78,247.79,330.92
1841-11,grid,351.99,316.37,251.02,330.76
1841-12,grid,355.36,319.11,254.67,331.12
1842-01,grid,358.82,321.76,258.34,331.96
1842-02,grid,2.15,323.87,261.30,333.06
1842-03,grid,4.89,325.09,262.98,334.10
1842-04,grid,7.31,325.46,263.46,335.10
1842-05,grid,8.58,324.79,262.47,335.78
1842-06,grid,8.33,323.30,260.32,336.07
1842-07,grid,6.87,321.69,257.92,335.91
1842-08,grid,5.37,320.68,256.18,335.36
1842-09,grid,5.07,320.85,255.96,334.62
1842-10,grid,6.16,322.17,257.39,334.01
1842-11,grid,8.39,324.40,260.22,333.76
1842-12,grid,11.26,326.97,263.68,334.03
1843-01,grid,14.72,329.63,267.35,334.78
1843-02,grid,18.56,331.96,270.53,335.83
1843-03,grid,22.25,333.51,272.58,336.85
1843-04,grid,26.43,334.40,273.60,337.88
1843-05,grid,30.16,334.27,273.19,338.61
1843-06,grid,32.94,333.19,271.49,338.99
1843-07,grid,33.70,331.68,269.20,338.93
1843-08,grid,32.23,330.37,267.16,338.46
1843-09,grid,29.74,330.01,266.39,337.75
1843-10,grid,28.08,330.79,267.24,337.11
1843-11,grid,27.96,332.60,269.60,336.79
1843-12,grid,29.32,334.93,272.79,336.96
1844-01,grid,31.92,337.54,276.41,337.62
1844-02,grid,35.47,340.01,279.74,338.61
1844-03,grid,39.51,341.91,282.16,339.65
1844-04,grid,44.49,343.24,283.65,340.69
1844-05,grid,49.73,343.62,283.78,341.47
1844-06,grid,55.04,343.02,282.57,341.92
1844-07,grid,59.03,341.73,280.52,341.93
1844-08,grid,60.56,340.28,278.34,341.53
1844-09,grid,58.81,339.48,277.12,340.86
1844-10,grid,55.24,339.75,277.44,340.22
1844-11,grid,51.99,341.10,279.31,339.84
1844-12,grid,50.63,343.15,282.20,339.93
1845-01,grid,51.23,345.64,285.68,340.51
1845-02,grid,53.53,348.18,289.08,341.44
1845-03,grid,56.82,350.24,291.66,342.42
1845-04,grid,61.63,351.99,293.61,343.48
1845-05,grid,67.29,352.91,294.31,344.31
1845-06,grid,73.87,352.88,293.70,344.84
1845-07,grid,80.23,351.94,292.02,344.94
1845-08,grid,85.37,350.49,289.85,344.63
1845-09,grid,87.31,349.32,288.23,344.01
1845-10,grid,85.29,349.05,287.97,343.35
1845-11,grid,80.48,349.85,289.26,342.91
1845-12,grid,75.89,351.52,291.74,342.91
1846-01,grid,73.20,353.82,295.02,343.39
1846-02,grid,73.01,356.37,298.43,344.26
1846-03,grid,74.73,358.60,301.20,345.21
1846-04,grid,78.39,0.72,303.54,346.27
1846-05,grid,83.49,2.15,304.79,347.15
1846-06,grid,90.14,2.70,304.81,347.75
1846-07,grid,97.43,2.24,303.63,347.95
1846-08,grid,104.83,0.97,301.63,347.73
1846-09,grid,110.38,359.56,299.75,347.16
1846-10,grid,112.21,358.77,298.94,346.50
1846-11,grid,109.61,359.00,299.61,346.00
1846-12,grid,104.04,0.22,301.61,345.91
1847-01,grid,98.15,2.24,304.59,346.30
1847-02,grid,94.49,4.71,307.93,347.09
1847-03,grid,93.65,7.05,310.82,348.01
1847-04,grid,95.22,9.47,313.50,349.08
1847-05,grid,98.90,11.36,315.25,349.99
1847-06,grid,104.66,12.52,315.90,350.67
1847-07,grid,111.77,12.62,315.31,350.96
1847-08,grid,120.00,11.70,313.66,350.83
1847-09,grid,127.72,10.21,311.69,350.33
1847-10,grid,132.93,8.99,310.40,349.67
1847-11,grid,134.26,8.62,310.43,349.12
1847-12,grid,131.08,9.31,311.88,348.94
1848-01,grid,124.59,10.96,314.47,349.23
1848-02,grid,117.98,13.27,317.65,349.95
1848-03,grid,113.93,15.73,320.69,350.86
1848-04,grid,112.65,18.38,323.62,351.92
1848-05,grid,114.22,20.66,325.78,352.87
1848-06,grid,118.40,22.37,327.01,353.61
1848-07,grid,124.58,23.06,327.02,353.97
1848-08,grid,132.62,22.60,325.84,353.92
1848-09,grid,141.25,21.21,323.96,353.48
1848-10,grid,148.53,19.69,322.36,352.84
1848-11,grid,153.12,18.75,321.81,352.25
1848-12,grid,153.42,18.89,322.67,352.00
1849-01,grid,149.22,20.11,324.81,352.21
1849-02,grid,142.10,22.18,327.75,352.85
1849-03,grid,135.76,24.52,330.67,353.70
1849-04,grid,131.16,27.32,333.77,354.75
1849-05,grid,129.90,29.95,336.31,355.72
1849-06,grid,131.77,32.20,338.12,356.53
1849-07,grid,136.33,33.53,338.79,356.98
1849-08,grid,143.40,33.68,338.24,357.03
1849-09,grid,152.02,32.61,336.66,356.66
1849-10,grid,160.45,30.94,334.87,356.04
1849-11,grid,167.42,29.47,333.74,355.42
1849-12,grid,170.93,28.97,333.94,355.09
1850-01,grid,170.25,29.64,335.51,355.19
1850-02,grid,165.26,31.35,338.09,355.76
1850-03,grid,158.51,33.56,340.89,356.55
1850-04,grid,151.35,36.42,344.09,357.59
1850-05,grid,146.95,39.32,346.92,358.59
1850-06,grid,145.92,42.04,349.25,359.45
1850-07,grid,148.25,44.00,350.57,359.99
1850-08,grid,153.69,44.85,350.72,0.14
1850-09,grid,161.54,44.28,349.63,359.84
1850-10,grid,170.27,42.68,347.88,359.26
1850-11,grid,178.73,40.80,346.30,358.61
1850-12,grid,184.70,39.65,345.82,358.20
1851-01,grid,187.30,39.67,346.72,358.21
1851-02,grid,185.65,40.92,348.83,358.69
1851-03,grid,180.73,42.89,351.41,359.43
1851-04,grid,173.11,45.72,354.59,0.44
1851-05,grid,166.22,48.78,357.64,1.46
1851-06,grid,161.95,51.91,0.39,2.38
1851-07,grid,161.44,54.44,2.32,3.00
1851-08,grid,164.59,56.02,3.21,3.25
1851-09,grid,170.95,56.12,2.77,3.04
1851-10,grid,179.23,54.81,1.28,2.50
1851-11,grid,188.39,52.71,359.45,1.83
1851-12,grid,196.10,50.97,358.34,1.35
1852-01,grid,201.37,50.28,358.51,1.26
1852-02,grid,203.02,50.94,0.03,1.64
1852-03,grid,200.93,52.64,2.37,2.36
1852-04,grid,195.18,55.34,5.43,3.35
1852-05,grid,187.73,58.48,8.58,4.38
1852-06,grid,180.84,61.90,11.66,5.35
1852-07,grid,177.19,64.93,14.10,6.04
1852-08,grid,177.44,67.18,15.67,6.37
1852-09,grid,181.66,67.98,15.93,6.24
1852-10,grid,188.78,67.14,14.90,5.74
1852-11,grid,197.87,65.04,13.04,5.06
1852-12,grid,206.57,62.84,11.45,4.53
1853-01,grid,213.79,61.46,10.91,4.35
1853-02,grid,218.10,61.47,11.78,4.65
1853-03,grid,219.04,62.69,13.61,5.28
1853-04,grid,216.58,65.11,16.42,6.24
1853-05,grid,210.99,68.22,19.57,7.28
1853-06,grid,203.41,71.84,22.87,8.30
1853-07,grid,196.94,75.28,25.76,9.07
1853-08,grid,193.59,78.19,28.00,9.50
1853-09,grid,194.64,79.79,29.05,9.46
1853-10,grid,199.61,79.62,28.66,9.02
1853-11,grid,207.70,77.80,27.05,8.34
1853-12,grid,216.67,75.32,25.14,7.74
1854-01,grid,225.23,73.24,23.88,7.47
1854-02,grid,231.70,72.49,23.98,7.68
1854-03,grid,235.16,73.15,25.26,8.24
1854-04,grid,236.05,75.16,27.69,9.16
1854-05,grid,233.77,78.11,30.71,10.20
1854-06,grid,228.33,81.80,34.12,11.26
1854-07,grid,221.29,85.55,37.34,12.10
1854-08,grid,214.86,89.03,40.17,12.63
1854-09,grid,211.97,91.40,41.98,12.70
1854-10,grid,213.64,92.01,42.35,12.32
1854-11,grid,219.51,90.72,41.23,11.64
1854-12,grid,227.71,88.22,39.26,11.00
1855-01,grid,236.75,85.58,37.42,10.64
1855-02,grid,244.63,84.04,36.72,10.74
1855-03,grid,249.96,84.03,37.34,11.23
1855-04,grid,253.53,85.51,39.26,12.11
1855-05,grid,254.44,88.17,42.01,13.14
1855-06,grid,252.55,91.80,45.40,14.24
1855-07,grid,247.95,95.73,48.84,15.15
1855-08,grid,241.28,99.66,52.13,15.78
1855-09,grid,235.22,102.72,54.63,15.94
1855-10,grid,232.73,104.15,55.79,15.64
1855-11,grid,234.92,103.59,55.36,14.99
1855-12,grid,240.95,101.34,53.62,14.30
1856-01,grid,249.27,98.36,51.41,13.84
1856-02,grid,257.63,96.08,49.95,13.84
1856-03,grid,264.28,95.34,49.87,14.28
1856-04,grid,269.57,96.21,51.19,15.11
1856-05,grid,272.74,98.49,53.59,16.14
1856-06,grid,273.86,101.96,56.84,17.27
1856-07,grid,272.62,105.96,60.37,18.24
1856-08,grid,268.76,110.20,63.98,18.95
1856-09,grid,262.95,113.82,67.04,19.21
1856-10,grid,257.67,115.97,68.91,18.97
1856-11,grid,255.53,116.17,69.22,18.34
1856-12,grid,257.94,114.37,67.90,17.62
1857-01,grid,264.04,111.31,65.59,17.09
1857-02,grid,271.65,108.45,63.55,17.00
1857-03,grid,278.28,107.02,62.75,17.34
1857-04,grid,284.46,107.13,63.34,18.12
1857-05,grid,288.99,108.87,65.22,19.13
1857-06,grid,292.09,112.02,68.19,20.29
1857-07,grid,293.45,115.96,71.68,21.32
1857-08,grid,292.89,120.38,75.50,22.13
1857-09,grid,290.09,124.47,79.02,22.49
1857-10,grid,285.60,127.32,81.57,22.34
1857-11,grid,280.97,128.37,82.70,21.74
1857-12,grid,279.20,127.27,82.03,21.00
1858-01,grid,281.50,124.42,79.91,20.38
1858-02,grid,286.86,121.15,77.45,20.19
1858-03,grid,292.65,119.03,75.96,20.45
1858-04,grid,298.76,118.32,75.75,21.16
1858-05,grid,303.77,119.41,77.01,22.15
1858-06,grid,307.83,122.12,79.57,23.33
1858-07,grid,310.63,125.86,82.89,24.42
1858-08,grid,312.25,130.34,86.79,25.32
1858-09,grid,312.31,134.75,90.64,25.79
1858-10,grid,310.62,138.18,93.75,25.73
1858-11,grid,307.23,140.05,95.65,25.18
1858-12,grid,303.73,139.73,95.74,24.42
1859-01,grid,302.29,137.35,94.06,23.73
1859-02,grid,304.20,133.96,91.46,23.43
1859-03,grid,307.99,131.27,89.41,23.60
1859-04,grid,313.00,129.74,88.39,24.24
1859-05,grid,317.68,130.10,88.95,25.20
1859-06,grid,321.90,132.24,90.97,26.39
1859-07,grid,325.28,135.66,94.01,27.54
1859-08,grid,327.98,140.07,97.85,28.52
1859-09,grid,329.77,144.68,101.90,29.10
1859-10,grid,330.40,148.56,105.45,29.14
1859-11,grid,329.63,151.14,108.03,28.66
1859-12,grid,327.51,151.62,108.89,27.88
1860-01,grid,324.91,149.91,107.84,27.12
1860-02,grid,323.80,146.67,105.37,26.71
1860-03,grid,324.96,143.50,102.88,26.80
1860-04,grid,327.94,141.28,101.16,27.38
1860-05,grid,331.52,140.92,101.02,28.32
1860-06,grid,335.22,142.46,102.47,29.51
1860-07,grid,338.54,145.50,105.15,30.71
1860-08,grid,341.59,149.74,108.84,31.77
1860-09,grid,344.19,154.41,112.96,32.45
1860-10,grid,346.15,158.60,116.80,32.57
1860-11,grid,347.39,161.73,119.92,32.14
1860-12,grid,347.50,162.90,121.44,31.36
1861-01,grid,346.34,161.87,121.05,30.54
1861-02,grid,344.55,158.98,118.92,30.04
1861-03,grid,343.57,155.77,116.35,30.04
1861-04,grid,344.04,152.92,114.03,30.54
1861-05,grid,345.81,151.79,113.15,31.43
1861-06,grid,348.38,152.61,113.91,32.63
1861-07,grid,351.14,155.13,116.10,33.86
1861-08,grid,354.03,159.07,119.51,35.01
1861-09,grid,356.87,163.70,123.59,35.79
1861-10,grid,359.50,168.09,127.63,36.02
1861-11,grid,1.97,171.71,131.20,35.67
1861-12,grid,3.87,173.57,133.37,34.90
1862-01,grid,4.92,173.31,133.73,34.02
1862-02,grid,4.61,170.98,132.14,33.42
1862-03,grid,3.37,167.84,129.64,33.32
1862-04,grid,2.00,164.55,126.89,33.73
1862-05,grid,1.63,162.71,125.32,34.58
1862-06,grid,2.45,162.77,125.36,35.76
1862-07,grid,4.10,164.70,126.99,37.04
1862-08,grid,6.35,168.24,130.02,38.26
1862-09,grid,8.98,172.71,133.96,39.15
1862-10,grid,11.77,177.21,138.08,39.50
1862-11,grid,14.85,181.19,141.99,39.22
1862-12,grid,17.87,183.64,144.71,38.48
1863-01,grid,20.73,184.13,145.79,37.55
1863-02,grid,22.67,182.46,144.85,36.85
1863-03,grid,23.00,179.59,142.62,36.65
1863-04,grid,21.71,176.09,139.67,36.97
1863-05,grid,19.82,173.65,137.51,37.75
1863-06,grid,18.54,172.96,136.83,38.93
1863-07,grid,18.49,174.23,137.84,40.23
1863-08,grid,19.55,177.29,140.41,41.53
1863-09,grid,21.49,181.51,144.11,42.52
1863-10,grid,24.03,186.01,148.23,42.98
1863-11,grid,27.23,190.25,152.36,42.80
1863-12,grid,30.83,193.17,155.53,42.09
1864-01,grid,34.86,194.36,157.26,41.13
1864-02,grid,38.74,193.39,157.01,40.34
1864-03,grid,41.38,190.84,155.11,40.03
1864-04,grid,42.08,187.34,152.16,40.26
1864-05,grid,40.46,184.49,149.61,41.00
1864-06,grid,37.69,183.15,148.30,42.16
1864-07,grid,35.58,183.81,148.72,43.49
1864-08,grid,34.81,186.36,150.82,44.85
1864-09,grid,35.49,190.28,154.22,45.94
1864-10,grid,37.31,194.69,158.25,46.49
1864-11,grid,40.23,199.06,162.50,46.39
1864-12,grid,43.94,202.33,165.99,45.71
1865-01,grid,48.59,204.05,168.24,44.72
1865-02,grid,53.77,203.72,168.60,43.84
1865-03,grid,58.29,201.75,167.25,43.45
1865-04,grid,61.88,198.45,164.51,43.58
1865-05,grid,62.66,195.30,161.69,44.25
1865-06,grid,60.40,193.33,159.78,45.38
1865-07,grid,56.76,193.31,159.54,46.72
1865-08,grid,53.61,195.25,161.06,48.14
1865-09,grid,52.17,198.77,164.08,49.34
1865-10,grid,52.55,203.02,167.92,50.01
1865-11,grid,54.55,207.45,172.21,50.02
1865-12,grid,57.86,211.02,175.97,49.40
1866-01,grid,62.55,213.26,178.71,48.38
1866-02,grid,68.37,213.59,179.71,47.42
1866-03,grid,74.19,212.19,178.93,46.93
1866-04,grid,80.30,209.24,176.55,46.94
1866-05,grid,84.37,206.00,173.65,47.54
1866-06,grid,85.13,203.52,171.26,48.63
1866-07,grid,82.31,202.83,170.39,49.98
1866-08,grid,77.50,204.13,171.30,51.46
1866-09,grid,73.32,207.18,173.85,52.75
1866-10,grid,71.27,211.18,177.45,53.54
1866-11,grid,71.44,215.59,181.69,53.67
1866-12,grid,73.60,219.37,185.62,53.11
1867-01,grid,77.68,222.05,188.77,52.09
1867-02,grid,83.42,222.99,190.35,51.06
1867-03,grid,89.77,222.17,190.15,50.45
1867-04,grid,97.43,219.70,188.25,50.36
1867-05,grid,104.23,216.53,185.45,50.86
1867-06,grid,108.85,213.70,182.73,51.91
1867-07,grid,109.51,212.40,181.29,53.26
1867-08,grid,106.05,213.04,181.56,54.79
1867-09,grid,100.23,215.56,183.59,56.18
1867-10,grid,95.13,219.24,186.87,57.08
1867-11,grid,92.26,223.55,191.00,57.34
1867-12,grid,92.21,227.46,195.02,56.86
1868-01,grid,94.73,230.49,198.49,55.84
1868-02,grid,99.55,231.97,200.59,54.74
1868-03,grid,105.86,231.69,200.93,54.02
1868-04,grid,114.01,229.72,199.54,53.83
1868-05,grid,122.34,226.78,196.97,54.26
1868-06,grid,129.84,223.76,194.09,55.27
1868-07,grid,134.35,221.99,192.20,56.62
1868-08,grid,134.79,222.04,191.90,58.20
1868-09,grid,130.78,224.04,193.44,59.66
1868-10,grid,124.34,227.38,196.37,60.67
1868-11,grid,118.13,231.53,200.33,61.02
1868-12,grid,114.73,235.48,204.37,60.61
1869-01,grid,114.53,238.75,208.05,59.60
1869-02,grid,117.46,240.65,210.55,58.44
1869-03,grid,122.41,240.89,211.38,57.66
1869-04,grid,129.99,239.52,210.59,57.34
1869-05,grid,138.66,236.92,208.38,57.68
1869-06,grid,147.72,233.87,205.49,58.62
1869-07,grid,155.00,231.68,203.22,59.97
1869-08,grid,159.44,231.10,202.32,61.57
1869-09,grid,159.61,232.49,203.26,63.12
1869-10,grid,155.51,235.39,205.77,64.25
1869-11,grid,148.37,239.32,209.47,64.73
1869-12,grid,141.66,243.25,213.47,64.42
1870-01,grid,137.57,246.73,217.32,63.44
1870-02,grid,137.27,249.03,220.20,62.23
1870-03,grid,140.07,249.78,221.53,61.35
1870-04,grid,146.03,249.01,221.34,60.91
1870-05,grid,153.96,246.87,219.60,61.14
1870-06,grid,163.29,243.94,216.86,62.02
1870-07,grid,171.96,241.46,214.33,63.34
1870-08,grid,179.01,240.31,212.89,64.97
1870-09,grid,182.83,241.07,213.23,66.60
1870-10,grid,182.61,243.49,215.24,67.84
1870-11,grid,178.17,247.11,218.62,68.46
1870-12,grid,171.07,250.97,222.52,68.25
1871-01,grid,163.83,254.58,226.47,67.32
1871-02,grid,159.58,257.22,229.66,66.07
1871-03,grid,159.25,258.43,231.43,65.10
1871-04,grid,162.57,258.25,231.83,64.53
1871-05,grid,168.82,256.63,230.64,64.66
1871-06,grid,177.37,253.97,228.19,65.45
1871-07,grid,186.33,251.35,225.55,66.74
1871-08,grid,194.74,249.71,223.65,68.40
1871-09,grid,200.91,249.85,223.38,70.09
1871-10,grid,203.83,251.73,224.87,71.44
1871-11,grid,203.06,254.99,227.86,72.20
1871-12,grid,198.54,258.70,231.58,72.11
1872-01,grid,191.21,262.37,235.56,71.24
1872-02,grid,184.10,265.29,239.00,69.96
1872-03,grid,180.24,266.93,241.21,68.87
1872-04,grid,180.23,267.27,242.13,68.20
1872-05,grid,184.03,266.17,241.46,68.23
1872-06,grid,191.01,263.87,239.39,68.96
1872-07,grid,199.41,261.28,236.80,70.22
1872-08,grid,208.23,259.29,234.58,71.90
1872-09,grid,215.69,258.90,233.80,73.65
1872-10,grid,220.62,260.26,234.77,75.10
1872-11,grid,222.66,263.12,237.36,75.96
1872-12,grid,221.24,266.62,240.86,75.97
1873-01,grid,216.27,270.28,244.80,75.15
1873-02,grid,209.05,273.37,248.38,73.85
1873-03,grid,202.97,275.29,250.84,72.72
1873-04,grid,199.33,276.17,252.29,71.92
1873-05,grid,199.92,275.64,252.21,71.83
1873-06,grid,204.46,273.83,250.65,72.47
1873-07,grid,211.54,271.40,248.24,73.68
1873-08,grid,220.06,269.16,245.81,75.36
1873-09,grid,228.17,268.21,244.49,77.17
1873-10,grid,234.44,268.98,244.88,78.72
1873-11,grid,238.55,271.35,246.96,79.72
1873-12,grid,239.77,274.57,250.15,79.85
1874-01,grid,237.84,278.16,253.98,79.11
1874-02,grid,232.75,281.39,257.68,77.81
1874-03,grid,226.54,283.60,260.41,76.61
1874-04,grid,220.39,284.96,262.35,75.69
1874-05,grid,217.60,285.01,262.85,75.48
1874-06,grid,219.00,283.76,261.87,76.01
1874-07,grid,223.98,281.63,259.80,77.17
1874-08,grid,231.47,279.30,257.30,78.83
1874-09,grid,239.58,277.89,255.54,80.69
1874-10,grid,246.62,278.06,255.33,82.33
1874-11,grid,252.15,279.87,256.85,83.47
1874-12,grid,255.32,282.73,259.66,83.74
1875-01,grid,256.00,286.17,263.31,83.10
1875-02,grid,253.78,289.47,267.04,81.81
1875-03,grid,249.37,291.91,269.99,80.54
1875-04,grid,243.02,293.71,272.35,79.50
1875-05,grid,237.78,294.31,273.41,79.16
1875-06,grid,235.76,293.65,273.06,79.58
1875-07,grid,237.88,291.96,271.45,80.67
1875-08,grid,243.50,289.71,269.06,82.32
1875-09,grid,250.92,287.95,266.98,84.22
1875-10,grid,258.19,287.55,266.20,85.95
1875-11,grid,264.61,288.75,267.11,87.22
1875-12,grid,269.17,291.19,269.45,87.63
1876-01,grid,271.85,294.39,272.84,87.09
1876-02,grid,272.21,297.67,276.53,85.83
1876-03,grid,270.24,300.37,279.73,84.46
1876-04,grid,265.78,302.50,282.43,83.32
1876-05,grid,260.25,303.58,283.97,82.87
1876-06,grid,255.72,303.51,284.21,83.20
1876-07,grid,254.67,302.31,283.11,84.24
1876-08,grid,257.61,300.31,281.00,85.88
1876-09,grid,263.52,298.38,278.77,87.81
1876-10,grid,270.36,297.50,277.53,89.61
1876-11,grid,277.11,298.12,277.84,90.99
1876-12,grid,282.53,300.08,279.70,91.51
1877-01,grid,286.58,302.98,282.75,91.05
1877-02,grid,288.89,306.17,286.33,89.81
1877-03,grid,289.29,308.87,289.50,88.45
1877-04,grid,287.66,311.31,292.49,87.20
1877-05,grid,284.04,312.86,294.50,86.62
1877-06,grid,279.18,313.40,295.37,86.83
1877-07,grid,275.54,312.80,294.90,87.78
1877-08,grid,275.06,311.20,293.22,89.38
1877-09,grid,278.32,309.26,291.01,91.33
1877-10,grid,283.82,307.96,289.35,93.21
1877-11,grid,290.23,307.94,289.02,94.71
1877-12,grid,295.99,309.32,290.28,95.37
1878-01,grid,300.94,311.81,292.89,95.04
1878-02,grid,304.63,314.81,296.25,93.86
1878-03,grid,306.80,317.53,299.42,92.46
1878-04,grid,307.73,320.20,302.63,91.11
1878-05,grid,306.94,322.15,305.06,90.40
1878-06,grid,304.28,323.27,306.53,90.47
1878-07,grid,300.60,323.31,306.72,91.34
1878-08,grid,297.57,322.26,305.61,92.89
1878-09,grid,297.39,320.51,303.61,94.85
1878-10,grid,300.31,318.94,301.70,96.80
1878-11,grid,305.28,318.31,300.76,98.42
1878-12,grid,310.61,319.06,301.36,99.22
1879-01,grid,315.75,321.04,303.43,99.02
1879-02,grid,320.16,323.75,306.47,97.91
1879-03,grid,323.40,326.42,309.57,96.50
1879-04,grid,326.11,329.22,312.90,95.05
1879-05,grid,327.69,331.51,315.66,94.20
1879-06,grid,328.00,333.15,317.67,94.15
1879-07,grid,326.80,333.83,318.52,94.91
1879-08,grid,324.29,333.43,318.10,96.40
1879-09,grid,321.93,332.06,316.52,98.37
1879-10,grid,321.58,330.42,314.55,100.37
1879-11,grid,323.74,329.28,313.10,102.11
1879-12,grid,327.43,329.37,313.01,103.05
1880-01,grid,331.80,330.74,314.45,102.99
1880-02,grid,336.09,333.06,317.06,101.96
1880-03,grid,339.79,335.66,320.09,100.49
1880-04,grid,343.33,338.51,323.45,98.96
1880-05,grid,346.28,341.02,326.44,98.01
1880-06,grid,348.72,343.10,328.89,97.85
1880-07,grid,350.23,344.34,330.33,98.53
1880-08,grid,350.54,344.61,330.59,99.98
1880-09,grid,349.42,343.77,329.56,101.95
1880-10,grid,347.69,342.26,327.75,104.00
1880-11,grid,346.79,340.81,325.97,105.82
1880-12,grid,347.64,340.29,325.28,106.88
1881-01,grid,349.97,341.03,326.05,106.93
1881-02,grid,353.09,342.86,328.15,105.96
1881-03,grid,356.17,345.12,330.80,104.55
1881-04,grid,359.65,347.90,334.09,102.95
1881-05,grid,3.02,350.57,337.23,101.87
1881-06,grid,6.45,353.02,340.07,101.57
1881-07,grid,9.59,354.81,342.08,102.13
1881-08,grid,12.40,355.78,343.08,103.51
1881-09,grid,14.22,355.62,342.75,105.46
1881-10,grid,14.43,354.48,341.32,107.55
1881-11,grid,13.04,352.89,339.41,109.47
1881-12,grid,11.34,351.81,338.14,110.67
1882-01,grid,10.64,351.82,338.15,110.87
1882-02,grid,11.39,353.05,339.61,110.01
1882-03,grid,13.03,354.94,341.87,108.62
1882-04,grid,15.55,357.54,344.97,106.95
1882-05,grid,18.48,0.25,348.15,105.76
1882-06,grid,21.90,2.97,351.27,105.31
1882-07,grid,25.53,5.23,353.77,105.76
1882-08,grid,29.52,6.86,355.46,107.05
1882-09,grid,33.43,7.44,355.90,108.97
1882-10,grid,36.42,6.86,355.05,111.09
1882-11,grid,37.59,5.40,353.27,113.11
1882-12,grid,36.31,3.93,351.59,114.43
1883-01,grid,33.61,3.23,350.86,114.79
1883-02,grid,31.47,3.74,351.58,114.05
1883-03,grid,30.82,5.15,353.34,112.69
1883-04,grid,31.49,7.44,356.11,110.98
1883-05,grid,33.21,10.09,359.22,109.67
1883-06,grid,35.88,12.95,2.50,109.08
1883-07,grid,39.19,15.57,5.38,109.40
1883-08,grid,43.32,17.79,7.69,110.60
1883-09,grid,48.05,19.12,8.91,112.48
1883-10,grid,52.77,19.24,8.78,114.62
1883-11,grid,56.75,18.16,7.39,116.72
1883-12,grid,58.26,16.53,5.53,118.18
1884-01,grid,56.60,15.21,4.16,118.69
1884-02,grid,52.95,14.96,4.09,118.07
1884-03,grid,49.81,15.83,5.29,116.71
1884-04,grid,48.01,17.71,7.63,114.97
1884-05,grid,47.90,20.17,10.56,113.57
1884-06,grid,49.24,23.07,13.87,112.86
1884-07,grid,51.69,25.93,17.02,113.08
1884-08,grid,55.34,28.62,19.81,114.21
1884-09,grid,60.03,30.61,21.72,116.06
1884-10,grid,65.39,31.45,22.32,118.22
1884-11,grid,71.06,30.93,21.49,120.38
1884-12,grid,75.31,29.39,19.72,121.94
1885-01,grid,76.59,27.64,17.90,122.57
1885-02,grid,74.10,26.68,17.09,122.05
1885-03,grid,69.97,26.87,17.58,120.79
1885-04,grid,65.72,28.19,19.35,119.02
1885-05,grid,63.25,30.33,21.95,117.52
1885-06,grid,62.66,33.13,25.17,116.68
1885-07,grid,63.75,36.12,28.46,116.76
1885-08,grid,66.40,39.18,31.66,117.78
1885-09,grid,70.50,41.78,34.20,119.57
1885-10,grid,75.75,43.36,35.57,121.73
1885-11,grid,82.13,43.58,35.49,123.96
1885-12,grid,88.23,42.42,34.08,125.63
1886-01,grid,92.64,40.46,32.03,126.42
1886-02,grid,93.27,38.84,30.53,126.04
1886-03,grid,90.32,38.31,30.28,124.85
1886-04,grid,85.00,38.96,31.35,123.08
1886-05,grid,80.25,40.65,33.50,121.49
1886-06,grid,77.26,43.22,36.50,120.50
1886-07,grid,76.49,46.21,39.81,120.45
1886-08,grid,77.70,49.51,43.27,121.35
1886-09,grid,80.77,52.59,46.33,123.07
1886-10,grid,85.41,54.86,48.41,125.23
1886-11,grid,91.75,55.88,49.14,127.51
1886-12,grid,98.75,55.30,48.30,129.30
1887-01,grid,105.43,53.43,46.31,130.23
1887-02,grid,109.46,51.33,44.30,130.00
1887-03,grid,109.43,50.12,43.34,128.90
1887-04,grid,105.44,50.01,43.63,127.13
1887-05,grid,99.60,51.13,45.21,125.47
1887-06,grid,94.20,53.34,47.86,124.35
1887-07,grid,91.06,56.21,51.06,124.15
1887-08,grid,90.30,59.60,54.65,124.93
1887-09,grid,91.89,63.04,58.09,126.58
1887-10,grid,95.51,65.89,60.77,128.71
1887-11,grid,101.26,67.70,62.29,131.04
1887-12,grid,108.40,67.84,62.17,132.93
1888-01,grid,116.39,66.33,60.52,134.01
1888-02,grid,123.14,64.00,58.25,133.93
1888-03,grid,126.48,62.14,56.63,132.87
1888-04,grid,125.66,61.29,56.17,131.11
1888-05,grid,120.97,61.80,57.12,129.39
1888-06,grid,114.32,63.57,59.32,128.17
1888-07,grid,108.75,66.21,62.31,127.86
1888-08,grid,105.47,69.59,65.91,128.55
1888-09,grid,105.04,73.25,69.60,130.13
1888-10,grid,107.22,76.55,72.74,132.25
1888-11,grid,111.96,79.01,74.94,134.62
1888-12,grid,118.68,79.86,75.52,136.58
1889-01,grid,127.13,78.88,74.38,137.77
1889-02,grid,135.61,76.58,72.11,137.80
1889-03,grid,141.61,74.35,70.09,136.87
1889-04,grid,144.71,72.75,68.86,135.14
1889-05,grid,143.35,72.54,69.08,133.37
1889-06,grid,137.97,73.73,70.71,132.02
1889-07,grid,131.03,76.01,73.36,131.57
1889-08,grid,124.89,79.26,76.84,132.12
1889-09,grid,121.57,83.01,80.65,133.61
1889-10,grid,121.49,86.65,84.16,135.69
1889-11,grid,124.49,89.72,86.98,138.09
1889-12,grid,130.12,91.32,88.30,140.13
1890-01,grid,138.23,91.05,87.85,141.46
1890-02,grid,147.52,89.03,85.85,141.65
1890-03,grid,155.44,86.58,83.57,140.82
1890-04,grid,161.90,84.33,81.67,139.15
1890-05,grid,164.53,83.39,81.14,137.33
1890-06,grid,162.85,83.91,82.11,135.87
1890-07,grid,157.41,85.74,84.32,135.28
1890-08,grid,149.85,88.73,87.57,135.69
1890-09,grid,143.33,92.46,91.39,137.08
1890-10,grid,140.02,96.31,95.14,139.12
1890-11,grid,140.29,99.87,98.46,141.52
1890-12,grid,144.00,102.14,100.46,143.65
1891-01,grid,150.89,102.63,100.75,145.11
1891-02,grid,159.98,101.13,99.22,145.44
1891-03,grid,168.81,98.67,96.92,144.74
1891-04,grid,177.53,95.95,94.51,143.12
1891-05,grid,183.45,94.30,93.27,141.28
1891-06,grid,185.94,94.11,93.53,139.72
1891-07,grid,184.36,95.40,95.21,138.98
1891-08,grid,178.83,98.03,98.13,139.25
1891-09,grid,171.09,101.63,101.84,140.53
1891-10,grid,164.40,105.58,105.72,142.51
1891-11,grid,160.83,109.49,109.41,144.92
1891-12,grid,161.42,112.36,112.01,147.12
1892-01,grid,165.98,113.60,113.03,148.70
1892-02,grid,173.76,112.73,112.11,149.19
1892-03,grid,182.75,110.41,109.91,148.57
1892-04,grid,192.47,107.41,107.22,147.01
1892-05,grid,200.42,105.19,105.39,145.15
1892-06,grid,205.98,104.32,104.98,143.51
1892-07,grid,208.12,105.06,106.11,142.67
1892-08,grid,206.58,107.28,108.64,142.83
1892-09,grid,201.25,110.68,112.17,144.02
1892-10,grid,193.84,114.64,116.08,145.96
1892-11,grid,186.84,118.79,120.03,148.37
1892-12,grid,183.42,122.11,123.07,150.61
1893-01,grid,184.46,123.98,124.71,152.28
1893-02,grid,189.76,123.75,124.41,152.88
1893-03,grid,197.19,121.86,122.62,152.39
1893-04,grid,206.73,118.81,119.84,150.91
1893-05,grid,215.60,116.09,117.52,149.06
1893-06,grid,223.05,114.53,116.40,147.33
1893-07,grid,227.85,114.62,116.90,146.36
1893-08,grid,229.85,116.33,118.93,146.37
1893-09,grid,228.45,119.41,122.18,147.45
1893-10,grid,223.76,123.28,126.03,149.31
1893-11,grid,216.53,127.58,130.14,151.71
1893-12,grid,209.92,131.28,133.57,154.00
1894-01,grid,206.55,133.78,135.82,155.78
1894-02,grid,207.99,134.26,136.20,156.52
1894-03,grid,212.96,132.88,134.89,156.16
1894-04,grid,221.07,129.98,132.24,154.78
1894-05,grid,229.75,126.95,129.58,152.94
1894-06,grid,237.97,124.76,127.83,151.14
1894-07,grid,244.25,124.18,127.67,150.04
1894-08,grid,248.50,125.31,129.15,149.91
1894-09,grid,250.14,128.00,132.04,150.85
1894-10,grid,248.89,131.69,135.73,152.64
1894-11,grid,244.51,136.04,139.91,155.02
1894-12,grid,238.10,140.04,143.64,157.34
1895-01,grid,231.85,143.07,146.41,159.23
1895-02,grid,229.05,144.24,147.46,160.12
1895-03,grid,230.58,143.44,146.70,159.88
1895-04,grid,236.07,140.87,144.35,158.61
1895-05,grid,243.51,137.70,141.54,156.79
1895-06,grid,251.56,134.98,139.26,154.93
1895-07,grid,258.44,133.76,138.47,153.72
1895-08,grid,263.93,134.27,139.34,153.44
1895-09,grid,267.44,136.49,141.79,154.25
1895-10,grid,268.69,139.93,145.26,155.95
1895-11,grid,267.44,144.25,149.43,158.30
1895-12,grid,263.60,148.44,153.36,160.66
1896-01,grid,257.73,151.92,156.57,162.63
1896-02,grid,252.37,153.72,158.22,163.66
1896-03,grid,250.39,153.49,158.00,163.54
1896-04,grid,252.53,151.33,156.05,162.35
1896-05,grid,257.84,148.20,153.26,160.55
1896-06,grid,264.87,145.12,150.62,158.65
1896-07,grid,271.61,143.34,149.27,157.35
1896-08,grid,277.58,143.27,149.58,156.96
1896-09,grid,282.09,145.03,151.58,157.68
1896-10,grid,284.86,148.18,154.79,159.31
1896-11,grid,285.82,152.40,158.88,161.63
1896-12,grid,284.61,156.70,162.92,164.01
1897-01,grid,281.05,160.50,166.45,166.04
1897-02,grid,275.98,162.82,168.59,167.17
1897-03,grid,272.04,163.16,168.92,167.16
1897-04,grid,270.70,161.56,167.50,166.09
1897-05,grid,273.10,158.63,164.89,164.35
1897-06,grid,278.26,155.32,162.01,162.41
1897-07,grid,284.24,153.01,160.13,161.01
1897-08,grid,290.17,152.28,159.81,160.48
1897-09,grid,295.18,153.47,161.27,161.05
1897-10,grid,298.88,156.24,164.13,162.59
1897-11,grid,301.34,160.28,168.05,164.86
1897-12,grid,302.19,164.62,172.15,167.25
1898-01,grid,301.19,168.71,175.95,169.36
1898-02,grid,298.22,171.53,178.57,170.61
1898-03,grid,294.48,172.45,179.46,170.74
1898-04,grid,291.09,171.46,178.62,169.79
1898-05,grid,290.49,168.88,176.34,168.11
1898-06,grid,293.05,165.50,173.38,166.15
1898-07,grid,297.53,162.74,171.06,164.65
1898-08,grid,302.81,161.39,170.13,163.98
1898-09,grid,307.81,161.98,171.01,164.42
1898-10,grid,311.96,164.30,173.46,165.84
1898-11,grid,315.33,168.08,177.15,168.06
1898-12,grid,317.57,172.40,181.23,170.46
1899-01,grid,318.63,176.69,185.23,172.64
1899-02,grid,318.11,179.94,188.25,174.01
1899-03,grid,316.20,181.40,189.65,174.27
1899-04,grid,313.09,181.05,189.43,173.45
1899-05,grid,310.65,178.92,187.58,171.83
1899-06,grid,310.43,175.64,184.70,169.86
1899-07,grid,312.67,172.57,182.08,168.28
1899-08,grid,316.56,170.64,180.58,167.47
1899-09,grid,320.97,170.60,180.86,167.77
1899-10,grid,325.09,172.43,182.83,169.09
1899-11,grid,328.90,175.88,186.23,171.23
1899-12,grid,332.00,180.10,190.22,173.63
1900-01,grid,334.47,184.52,194.34,175.87
1900-02,grid,336.00,188.13,197.71,177.35
1900-03,grid,336.31,190.08,199.57,177.74
1900-04,grid,335.30,190.37,199.95,177.05
1900-05,grid,333.27,188.77,198.62,175.51
1900-06,grid,331.36,185.74,195.98,173.55
1900-07,grid,331.09,182.51,193.19,171.89
1900-08,grid,332.78,180.06,191.19,170.95
1900-09,grid,335.81,179.39,190.87,171.11
1900-10,grid,339.30,180.67,192.32,172.31
1900-11,grid,343.00,183.73,195.35,174.38
1900-12,grid,346.45,187.78,199.19,176.77
1901-01,grid,349.77,192.26,203.37,179.06
1901-02,grid,352.71,196.16,207.01,180.65
1901-03,grid,354.87,198.55,209.28,181.16
1901-04,grid,356.39,199.45,210.24,180.60
1901-05,grid,356.63,198.44,209.47,179.15
1901-06,grid,355.53,195.80,207.21,177.20
1901-07,grid,353.93,192.54,204.41,175.48
1901-08,grid,353.10,189.69,202.01,174.42
1901-09,grid,353.82,188.40,201.09,174.43
1901-10,grid,355.79,189.10,201.99,175.51
1901-11,grid,358.63,191.70,204.59,177.51
1901-12,grid,1.83,195.51,208.21,179.87
1902-01,grid,5.37,199.98,212.37,182.21
1902-02,grid,9.05,204.10,216.21,183.89
1902-03,grid,12.39,206.87,218.84,184.52
1902-04,grid,15.92,208.35,220.35,184.10
1902-05,grid,18.76,207.95,220.17,182.74
1902-06,grid,20.43,205.80,218.39,180.82
1902-07,grid,20.26,202.69,215.72,179.04
1902-08,grid,18.54,199.56,213.06,177.86
1902-09,grid,16.72,197.70,211.59,177.73
1902-10,grid,16.13,197.78,211.90,178.69
1902-11,grid,17.02,199.86,214.01,180.60
1902-12,grid,19.06,203.37,217.34,182.93
1903-01,grid,22.05,207.75,221.42,185.30
1903-02,grid,25.72,212.02,225.39,187.08
1903-03,grid,29.51,215.11,228.32,187.82
1903-04,grid,34.11,217.13,230.33,187.53
1903-05,grid,38.76,217.34,230.74,186.28
1903-06,grid,43.22,215.77,229.52,184.39
1903-07,grid,46.23,212.95,227.14,182.57
1903-08,grid,46.84,209.69,224.36,181.29
1903-09,grid,44.77,207.33,222.41,181.02
1903-10,grid,41.75,206.79,222.13,181.85
1903-11,grid,39.59,208.29,223.69,183.66
1903-12,grid,39.24,211.41,226.65,185.96
1904-01,grid,40.57,215.63,230.57,188.36
1904-02,grid,43.29,219.98,234.60,190.21
1904-03,grid,46.85,223.44,237.87,191.08
1904-04,grid,51.60,225.88,240.29,190.89
1904-05,grid,56.99,226.64,241.22,189.71
1904-06,grid,63.06,225.64,240.56,187.86
1904-07,grid,68.69,223.21,238.56,186.02
1904-08,grid,72.87,219.99,235.83,184.66
1904-09,grid,73.82,217.27,233.55,184.29
1904-10,grid,71.27,216.18,232.74,185.02
1904-11,grid,66.82,217.11,233.75,186.77
1904-12,grid,63.26,219.83,236.32,189.04
1905-01,grid,61.70,223.83,240.02,191.44
1905-02,grid,62.35,228.17,244.04,193.34
1905-03,grid,64.55,231.71,247.36,194.27
1905-04,grid,68.46,234.57,250.18,194.21
1905-05,grid,73.57,235.90,251.65,193.15
1905-06,grid,80.01,235.56,251.63,191.35
1905-07,grid,86.91,233.65,250.16,189.48
1905-08,grid,93.72,230.64,247.64,188.03
1905-09,grid,98.48,227.67,245.12,187.53
1905-10,grid,99.44,226.00,243.77,188.13
1905-11,grid,96.22,226.27,244.14,189.78
1905-12,grid,90.80,228.45,246.20,191.99
1906-01,grid,85.81,232.13,249.58,194.41
1906-02,grid,83.21,236.40,253.51,196.38
1906-03,grid,83.14,240.06,256.94,197.41
1906-04,grid,85.26,243.29,260.09,197.48
1906-05,grid,89.21,245.14,262.06,196.53
1906-06,grid,95.00,245.45,262.68,194.80
1906-07,grid,101.97,244.16,261.81,192.92
1906-08,grid,109.89,241.52,259.67,191.38
1906-09,grid,117.16,238.47,257.10,190.75
1906-10,grid,121.75,236.32,255.28,191.22
1906-11,grid,122.31,235.90,255.00,192.76
1906-12,grid,118.51,237.48,256.48,194.92
1907-01,grid,112.05,240.74,259.45,197.34
1907-02,grid,106.17,244.84,263.20,199.37
1907-03,grid,103.08,248.56,266.67,200.49
1907-04,grid,102.49,252.07,270.06,200.69
1907-05,grid,104.47,254.39,272.47,199.86
1907-06,grid,108.83,255.34,273.71,198.20
1907-07,grid,114.99,254.70,273.49,196.32
1907-08,grid,122.88,252.59,271.88,194.70
1907-09,grid,131.27,249.67,269.45,193.95
1907-10,grid,138.27,247.17,267.32,194.30
1907-11,grid,142.45,246.09,266.40,195.72
1907-12,grid,142.21,247.00,267.24,197.82
1908-01,grid,137.55,249.73,269.69,200.23
1908-02,grid,130.45,253.57,273.16,202.32
1908-03,grid,124.43,257.40,276.71,203.56
1908-04,grid,120.66,261.08,280.25,203.85
1908-05,grid,120.08,263.76,283.00,203.10
1908-06,grid,122.40,265.25,284.76,201.50
1908-07,grid,127.16,265.24,285.17,199.63
1908-08,grid,134.25,263.72,284.16,197.97
1908-09,grid,142.77,261.10,282.05,197.13
1908-10,grid,151.02,258.46,279.79,197.38
1908-11,grid,157.69,256.84,278.37,198.72
1908-12,grid,160.72,257.11,278.58,200.77
1909-01,grid,159.36,259.29,280.48,203.17
1909-02,grid,153.81,262.77,283.59,205.29
1909-03,grid,147.01,266.36,286.88,206.55
1909-04,grid,140.36,270.15,290.50,206.97
1909-05,grid,136.69,273.14,293.54,206.33
1909-06,grid,136.29,275.16,295.81,204.82
1909-07,grid,138.99,275.81,296.87,202.97
1909-08,grid,144.60,275.01,296.58,201.26
1909-09,grid,152.46,272.89,294.98,200.30
1909-10,grid,161.12,270.29,292.79,200.42
1909-11,grid,169.43,268.21,290.93,201.65
1909-12,grid,175.11,267.78,290.46,203.63
1910-01,grid,177.21,269.25,291.68,206.01
1910-02,grid,174.87,272.24,294.29,208.16
1910-03,grid,169.42,275.62,297.35,209.51
1910-04,grid,161.70,279.41,300.95,210.04
1910-05,grid,155.28,282.63,304.18,209.53
1910-06,grid,151.71,285.09,306.87,208.11
1910-07,grid,151.76,286.36,308.52,206.28
1910-08,grid,155.26,286.29,308.97,204.52
1910-09,grid,161.78,284.83,308.04,203.46
1910-10,grid,170.07,282.50,306.15,203.46
1910-11,grid,179.18,280.16,304.07,204.56
1910-12,grid,186.75,279.08,302.98,206.46
1911-01,grid,191.71,279.79,303.44,208.82
1911-02,grid,192.80,282.18,305.45,211.01
1911-03,grid,190.18,285.23,308.16,212.43
1911-04,grid,183.89,288.90,311.61,213.07
1911-05,grid,176.33,292.24,314.94,212.68
1911-06,grid,169.84,295.06,317.95,211.35
1911-07,grid,166.74,296.86,320.13,209.57
1911-08,grid,167.44,297.51,321.29,207.77
1911-09,grid,171.88,296.79,321.12,206.61
1911-10,grid,179.06,294.95,319.74,206.48
1911-11,grid,188.17,292.60,317.68,207.46
1911-12,grid,196.89,291.01,316.11,209.28
1912-01,grid,204.04,290.95,315.81,211.60
1912-02,grid,208.10,292.63,317.11,213.82
1912-03,grid,208.55,295.33,319.45,215.35
1912-04,grid,205.27,298.78,322.65,216.07
1912-05,grid,198.99,302.11,325.94,215.76
1912-06,grid,191.24,305.14,329.16,214.51
1912-07,grid,185.22,307.36,331.74,212.76
1912-08,grid,182.59,308.62,333.52,210.95
1912-09,grid,184.24,308.62,334.08,209.72
1912-10,grid,189.57,307.40,333.33,209.50
1912-11,grid,197.87,305.30,331.55,210.39
1912-12,grid,206.95,303.43,329.72,212.15
1913-01,grid,215.51,302.71,328.77,214.44
1913-02,grid,221.82,303.66,329.34,216.67
1913-03,grid,224.92,305.74,331.05,218.20
1913-04,grid,225.14,308.81,333.84,219.03
1913-05,grid,221.98,312.04,337.00,218.83
1913-06,grid,215.69,315.19,340.30,217.69
1913-07,grid,208.36,317.73,343.21,215.99
1913-08,grid,202.35,319.57,345.55,214.16
1913-09,grid,200.24,320.31,346.86,212.84
1913-10,grid,202.57,319.82,346.87,212.50
1913-11,grid,208.92,318.22,345.61,213.27
1913-12,grid,217.42,316.29,343.76,214.93
1914-01,grid,226.65,314.99,342.25,217.18
1914-02,grid,234.59,315.15,342.02,219.42
1914-03,grid,239.79,316.57,343.06,221.01
1914-04,grid,242.96,319.15,345.33,221.94
1914-05,grid,243.20,322.13,348.21,221.86
1914-06,grid,240.33,325.27,351.48,220.82
1914-07,grid,234.76,328.03,354.58,219.18
1914-08,grid,227.58,330.31,357.37,217.34
1914-09,grid,221.86,331.71,359.35,215.95
1914-10,grid,220.17,331.98,0.14,215.49
1914-11,grid,223.18,331.05,359.58,216.13
1914-12,grid,229.82,329.35,357.98,217.70
1915-01,grid,238.60,327.70,356.15,219.90
1915-02,grid,247.26,327.12,355.18,222.15
1915-03,grid,253.82,327.83,355.50,223.79
1915-04,grid,259.08,329.78,357.11,224.81
1915-05,grid,261.98,332.39,359.59,224.84
1915-06,grid,262.51,335.39,2.69,223.91
1915-07,grid,260.40,338.24,5.86,222.34
1915-08,grid,255.52,340.84,8.96,220.50
1915-09,grid,249.02,342.79,11.50,219.04
1915-10,grid,243.82,343.77,13.02,218.47
1915-11,grid,242.36,343.60,13.25,218.98
1915-12,grid,245.55,342.38,12.16,220.45
1916-01,grid,252.37,340.66,10.28,222.60
1916-02,grid,260.58,339.49,8.73,224.84
1916-03,grid,267.84,339.50,8.32,226.58
1916-04,grid,274.23,340.77,9.23,227.66
1916-05,grid,278.73,342.91,11.21,227.77
1916-06,grid,281.55,345.63,14.03,226.93
1916-07,grid,282.34,348.44,17.14,225.41
1916-08,grid,280.88,351.22,20.41,223.58
1916-09,grid,276.96,353.58,23.37,222.08
1916-10,grid,271.60,355.15,25.50,221.42
1916-11,grid,266.91,355.72,26.49,221.85
1916-12,grid,265.88,355.10,26.02,223.24
1917-01,grid,269.20,353.59,24.37,225.34
1917-02,grid,275.49,352.07,22.47,227.58
1917-03,grid,281.94,351.45,21.43,229.29
1917-04,grid,288.55,351.95,21.54,230.46
1917-05,grid,293.82,353.48,22.89,230.68
1917-06,grid,297.92,355.82,25.28,229.94
1917-07,grid,300.51,358.46,28.21,228.50
1917-08,grid,301.64,1.30,31.54,226.69
1917-09,grid,300.90,3.96,34.80,225.13
1917-10,grid,298.18,6.05,37.46,224.37
1917-11,grid,293.83,7.33,39.20,224.67
1917-12,grid,290.10,7.43,39.48,225.96
1918-01,grid,289.28,6.37,38.30,227.99
1918-02,grid,292.22,4.75,36.31,230.22
1918-03,grid,296.91,3.61,34.74,231.96
1918-04,grid,302.69,3.34,34.06,233.22
1918-05,grid,307.88,4.20,34.71,233.54
1918-06,grid,312.40,6.02,36.56,232.91
1918-07,grid,315.84,8.39,39.19,231.55
1918-08,grid,318.38,11.17,42.44,229.77
1918-09,grid,319.73,13.99,45.87,228.16
1918-10,grid,319.66,16.47,48.94,227.31
1918-11,grid,317.89,18.37,51.33,227.48
1918-12,grid,314.86,19.19,52.36,228.66
1919-01,grid,311.95,18.75,51.83,230.62
1919-02,grid,311.38,17.30,50.01,232.84
1919-03,grid,313.36,15.84,48.11,234.61
1919-04,grid,317.27,14.89,46.73,235.94
1919-05,grid,321.57,15.03,46.63,236.36
1919-06,grid,325.79,16.26,47.85,235.85
1919-07,grid,329.39,18.24,50.07,234.57
1919-08,grid,332.51,20.83,53.13,232.82
1919-09,grid,334.96,23.70,56.60,231.18
1919-10,grid,336.55,26.44,59.95,230.23
1919-11,grid,337.11,28.85,62.87,230.28
1919-12,grid,336.35,30.34,64.61,231.35
1920-01,grid,334.34,30.60,64.81,233.24
1920-02,grid,332.26,29.55,63.40,235.43
1920-03,grid,331.70,27.94,61.33,237.29
1920-04,grid,333.09,26.47,59.41,238.66
1920-05,grid,335.75,25.95,58.62,239.16
1920-06,grid,339.02,26.54,59.19,238.72
1920-07,grid,342.22,28.08,60.95,237.51
1920-08,grid,345.35,30.40,63.74,235.80
1920-09,grid,348.20,33.21,67.15,234.14
1920-10,grid,350.64,36.09,70.65,233.13
1920-11,grid,352.66,38.87,73.97,233.09
1920-12,grid,353.88,40.91,76.28,234.09
1921-01,grid,354.01,41.84,77.16,235.92
1921-02,grid,352.89,41.30,76.28,238.08
1921-03,grid,351.44,39.86,74.39,239.89
1921-04,grid,350.56,38.04,72.09,241.33
1921-05,grid,351.07,36.88,70.64,241.92
1921-06,grid,352.75,36.79,70.48,241.60
1921-07,grid,355.02,37.78,71.68,240.48
1921-08,grid,357.68,39.73,74.07,238.81
1921-09,grid,0.49,42.36,77.31,237.13
1921-10,grid,3.25,45.29,80.88,236.05
1921-11,grid,6.08,48.35,84.50,235.89
1921-12,grid,8.64,50.88,87.33,236.77
1922-01,grid,10.76,52.47,88.91,238.52
1922-02,grid,11.79,52.59,88.69,240.65
1922-03,grid,11.42,51.45,87.10,242.47
1922-04,grid,9.93,49.49,84.64,243.97
1922-05,grid,8.55,47.82,82.64,244.65
1922-06,grid,8.16,47.05,81.78,244.44
1922-07,grid,8.91,47.44,82.35,243.42
1922-08,grid,10.58,48.94,84.27,241.81
1922-09,grid,12.87,51.32,87.26,240.12
1922-10,grid,15.54,54.19,90.78,238.96
1922-11,grid,18.66,57.42,94.59,238.68
1922-12,grid,21.97,60.33,97.85,239.45
1923-01,grid,25.46,62.53,100.06,241.11
1923-02,grid,28.56,63.31,100.53,243.20
1923-03,grid,30.31,62.63,99.38,245.04
1923-04,grid,30.34,60.75,96.99,246.60
1923-05,grid,28.62,58.73,94.61,247.36
1923-06,grid,26.41,57.33,93.09,247.26
1923-07,grid,25.13,57.10,93.01,246.34
1923-08,grid,25.14,58.07,94.39,244.79
1923-09,grid,26.36,60.11,97.03,243.10
1923-10,grid,28.46,62.85,100.43,241.87
1923-11,grid,31.43,66.14,104.33,241.48
1923-12,grid,34.99,69.34,107.90,242.14
1924-01,grid,39.27,72.05,110.66,243.71
1924-02,grid,43.85,73.49,111.80,245.76
1924-03,grid,47.78,73.31,111.15,247.65
1924-04,grid,50.45,71.68,108.98,249.24
1924-05,grid,50.49,69.47,106.39,250.07
1924-06,grid,48.07,67.57,104.34,250.04
1924-07,grid,44.99,66.76,103.66,249.19
1924-08,grid,42.76,67.20,104.51,247.70
1924-09,grid,42.18,68.86,106.77,246.02
1924-10,grid,43.13,71.41,109.99,244.75
1924-11,grid,45.44,74.70,113.91,244.29
1924-12,grid,48.80,78.09,117.69,244.86
1925-01,grid,53.33,81.20,120.87,246.36
1925-02,grid,58.75,83.21,122.59,248.37
1925-03,grid,64.02,83.58,122.50,250.20
1925-04,grid,69.32,82.37,120.73,251.84
1925-05,grid,72.48,80.15,118.11,252.74
1925-06,grid,72.41,77.84,115.62,252.82
1925-07,grid,69.33,76.44,114.32,252.07
1925-08,grid,65.06,76.28,114.54,250.65
1925-09,grid,61.86,77.47,116.33,248.99
1925-10,grid,60.70,79.73,119.27,247.67
1925-11,grid,61.51,82.93,123.12,247.10
1925-12,grid,64.01,86.43,127.05,247.56
1926-01,grid,68.16,89.89,130.61,248.96
1926-02,grid,73.73,92.44,132.89,250.91
1926-03,grid,79.74,93.40,133.39,252.74
1926-04,grid,86.83,92.71,132.13,254.41
1926-05,grid,92.90,90.66,129.65,255.39
1926-06,grid,96.59,88.09,126.86,255.57
1926-07,grid,96.37,86.16,125.01,254.93
1926-08,grid,92.45,85.39,124.60,253.59
1926-09,grid,87.05,86.06,125.85,251.94
1926-10,grid,82.92,87.97,128.45,250.58
1926-11,grid,81.08,91.00,132.15,249.91
1926-12,grid,81.74,94.54,136.15,250.25
1927-01,grid,84.67,98.25,140.00,251.55
1927-02,grid,89.61,101.28,142.79,253.45
1927-03,grid,95.58,102.80,143.85,255.26
1927-04,grid,103.41,102.71,143.17,256.98
1927-05,grid,111.29,100.98,140.98,258.03
1927-06,grid,118.21,98.32,138.07,258.31
1927-07,grid,122.00,95.95,135.75,257.76
1927-08,grid,121.64,94.58,134.71,256.51
1927-09,grid,117.11,94.68,135.40,254.89
1927-10,grid,110.89,96.19,137.59,253.49
1927-11,grid,105.57,98.97,141.07,252.73
1927-12,grid,103.12,102.47,145.06,252.96
1928-01,grid,103.65,106.36,149.13,254.15
1928-02,grid,106.97,109.80,152.34,255.98
1928-03,grid,112.25,111.89,153.96,257.85
1928-04,grid,119.82,112.36,153.83,259.57
1928-05,grid,128.31,111.02,152.01,260.67
1928-06,grid,137.04,108.40,149.12,261.02
1928-07,grid,143.85,105.73,146.47,260.55
1928-08,grid,147.56,103.84,144.90,259.36
1928-09,grid,146.79,103.40,145.04,257.78
1928-10,grid,141.94,104.49,146.83,256.37
1928-11,grid,134.78,107.00,150.05,255.54
1928-12,grid,128.85,110.42,153.98,255.69
1929-01,grid,125.83,114.42,158.18,256.80
1929-02,grid,126.39,118.17,161.72,258.58
1929-03,grid,129.68,120.64,163.75,260.36
1929-04,grid,135.92,121.74,164.24,262.11
1929-05,grid,143.93,120.92,162.91,263.27
1929-06,grid,153.20,118.53,160.21,263.71
1929-07,grid,161.70,115.67,157.34,263.34
1929-08,grid,168.40,113.27,155.24,262.24
1929-09,grid,171.61,112.23,154.76,260.71
1929-10,grid,170.57,112.81,156.04,259.27
1929-11,grid,165.32,114.95,158.91,258.37
1929-12,grid,158.01,118.20,162.71,258.40
1930-01,grid,151.38,122.25,166.98,259.40
1930-02,grid,148.10,126.26,170.82,261.11
1930-03,grid,148.52,129.16,173.28,262.86
1930-04,grid,152.41,130.87,174.37,264.63
1930-05,grid,158.96,130.63,173.60,265.85
1930-06,grid,167.67,128.61,171.23,266.38
1930-07,grid,176.67,125.70,168.29,266.12
1930-08,grid,185.00,122.89,165.75,265.11
1930-09,grid,190.91,121.26,164.67,263.63
1930-10,grid,193.34,121.29,165.39,262.18
1930-11,grid,191.80,123.00,167.85,261.19
1930-12,grid,186.51,126.01,171.44,261.12
1931-01,grid,178.87,130.02,175.72,262.01
1931-02,grid,172.21,134.23,179.78,263.63
1931-03,grid,169.18,137.50,182.63,265.36
1931-04,grid,169.79,139.79,184.29,267.14
1931-05,grid,174.00,140.17,184.11,268.41
1931-06,grid,181.23,138.63,182.19,269.03
1931-07,grid,189.79,135.84,179.33,268.87
1931-08,grid,198.73,132.73,176.47,267.96
1931-09,grid,206.23,130.55,174.82,266.53
1931-10,grid,211.03,129.99,174.96,265.08
1931-11,grid,212.70,131.20,176.94,264.03
1931-12,grid,210.69,133.91,180.25,263.84
1932-01,grid,205.06,137.82,184.46,264.62
1932-02,grid,197.54,142.15,188.68,266.16
1932-03,grid,191.54,145.85,191.94,267.91
1932-04,grid,188.61,148.62,194.08,269.69
1932-05,grid,189.86,149.56,194.44,270.99
1932-06,grid,194.90,148.53,193.02,271.67
1932-07,grid,202.30,145.98,190.37,271.58
1932-08,grid,211.04,142.73,187.34,270.75
1932-09,grid,219.27,140.08,185.22,269.38
1932-10,grid,225.51,138.97,184.81,267.93
1932-11,grid,229.39,139.69,186.31,266.84
1932-12,grid,230.13,142.08,189.32,266.58
1933-01,grid,227.46,145.84,193.41,267.28
1933-02,grid,221.63,150.24,197.71,268.75
1933-03,grid,215.11,154.05,201.12,270.41
1933-04,grid,209.23,157.31,203.74,272.19
1933-05,grid,207.06,158.87,204.69,273.53
1933-06,grid,209.09,158.48,203.87,274.29
1933-07,grid,214.54,156.32,201.59,274.30
1933-08,grid,222.37,153.07,198.54,273.57
1933-09,grid,230.72,150.02,195.99,272.27
1933-10,grid,237.88,148.31,194.98,270.83
1933-11,grid,243.35,148.42,195.89,269.69
1933-12,grid,246.25,150.36,198.48,269.33
1934-01,grid,246.40,153.88,202.36,269.91
1934-02,grid,243.41,158.26,206.68,271.29
1934-03,grid,238.30,162.27,210.30,272.90
1934-04,grid,231.57,165.96,213.34,274.68
1934-05,grid,226.57,168.10,214.86,276.07
1934-06,grid,225.16,168.38,214.68,276.90
1934-07,grid,227.89,166.75,212.89,277.00
1934-08,grid,234.01,163.68,209.98,276.37
1934-09,grid,241.81,160.35,207.13,275.15
1934-10,grid,249.32,158.08,205.56,273.73
1934-11,grid,255.84,157.54,205.83,272.54
1934-12,grid,260.30,158.96,207.93,272.09
1935-01,grid,262.64,162.14,211.51,272.55
1935-02,grid,262.40,166.43,215.77,273.84
1935-03,grid,259.78,170.56,219.53,275.41
1935-04,grid,254.55,174.61,222.93,277.18
1935-05,grid,248.62,177.30,224.98,278.59
1935-06,grid,244.24,178.26,225.45,279.50
1935-07,grid,243.68,177.25,224.24,279.69
1935-08,grid,247.18,174.53,221.66,279.16
1935-09,grid,253.58,171.09,218.68,278.02
1935-10,grid,260.81,168.33,216.60,276.64
1935-11,grid,267.85,167.11,216.21,275.41
1935-12,grid,273.37,167.94,217.74,274.86
1936-01,grid,277.33,170.70,220.94,275.22
1936-02,grid,279.29,174.80,225.05,276.41
1936-03,grid,279.10,179.13,229.00,277.97
1936-04,grid,276.56,183.44,232.67,279.73
1936-05,grid,272.04,186.58,235.14,281.16
1936-06,grid,266.69,188.15,236.19,282.11
1936-07,grid,263.28,187.75,235.58,282.37
1936-08,grid,263.51,185.50,233.44,281.92
1936-09,grid,267.55,182.12,230.51,280.85
1936-10,grid,273.68,179.01,228.08,279.50
1936-11,grid,280.56,177.19,227.09,278.26
1936-12,grid,286.58,177.43,228.06,277.65
1937-01,grid,291.57,179.73,230.82,277.92
1937-02,grid,295.06,183.58,234.71,279.04
1937-03,grid,296.82,187.74,238.52,280.49
1937-04,grid,297.03,192.26,242.40,282.23
1937-05,grid,295.27,195.83,245.28,283.68
1937-06,grid,291.56,198.03,246.93,284.70
1937-07,grid,287.26,198.34,246.99,285.05
1937-08,grid,284.40,196.72,245.45,284.70
1937-09,grid,285.03,193.62,242.77,283.72
1937-10,grid,288.86,190.28,240.11,282.42
1937-11,grid,294.62,187.85,238.51,281.15
1937-12,grid,300.48,187.38,238.79,280.47
1938-01,grid,305.92,189.07,240.98,280.62
1938-02,grid,310.37,192.55,244.53,281.63
1938-03,grid,313.45,196.58,248.25,283.03
1938-04,grid,315.71,201.23,252.25,284.73
1938-05,grid,316.57,205.14,255.46,286.21
1938-06,grid,315.85,207.91,257.65,287.28
1938-07,grid,313.51,208.93,258.38,287.71
1938-08,grid,310.17,208.03,257.53,287.47
1938-09,grid,307.88,205.40,255.30,286.58
1938-10,grid,308.36,202.05,252.61,285.33
1938-11,grid,311.63,199.11,250.51,284.06
1938-12,grid,316.24,197.93,250.10,283.30
1939-01,grid,321.26,198.91,251.62,283.35
1939-02,grid,325.91,201.89,254.71,284.25
1939-03,grid,329.58,205.71,258.23,285.58
1939-04,grid,333.00,210.37,262.26,287.25
1939-05,grid,335.59,214.54,265.71,288.74
1939-06,grid,337.36,217.81,268.37,289.86
1939-07,grid,337.93,219.48,269.72,290.37
1939-08,grid,337.07,219.36,269.60,290.23
1939-09,grid,335.00,217.37,267.99,289.44
1939-10,grid,333.16,214.23,265.50,288.25
1939-11,grid,333.06,210.96,263.08,286.97
1939-12,grid,335.04,209.09,262.00,286.15
1940-01,grid,338.40,209.30,262.79,286.09
1940-02,grid,342.25,211.68,265.31,286.88
1940-03,grid,345.85,215.31,268.65,288.19
1940-04,grid,349.51,219.87,272.58,289.83
1940-05,grid,352.81,224.18,276.16,291.31
1940-06,grid,355.91,227.81,279.16,292.46
1940-07,grid,358.47,230.03,281.03,293.03
1940-08,grid,0.36,230.62,281.60,292.97
1940-09,grid,1.02,229.32,280.66,292.26
1940-10,grid,0.23,226.58,278.57,291.13
1940-11,grid,358.59,223.23,276.06,289.86
1940-12,grid,357.63,220.83,274.47,289.00
1941-01,grid,358.16,220.31,274.55,288.87
1941-02,grid,0.02,222.03,276.44,289.57
1941-03,grid,2.38,225.12,279.28,290.76
1941-04,grid,5.40,229.47,283.00,292.36
1941-05,grid,8.55,233.82,286.62,293.84
1941-06,grid,11.95,237.76,289.89,295.03
1941-07,grid,15.34,240.49,292.24,295.68
1941-08,grid,18.82,241.80,293.49,295.72
1941-09,grid,21.92,241.30,293.32,295.10
1941-10,grid,23.90,239.17,291.83,294.04
1941-11,grid,24.09,235.98,289.48,292.80
1941-12,grid,22.50,233.17,287.50,291.89
1942-01,grid,20.43,231.87,286.83,291.65
1942-02,grid,19.42,232.79,287.97,292.24
1942-03,grid,19.74,235.33,290.28,293.35
1942-04,grid,21.20,239.33,293.67,294.89
1942-05,grid,23.41,243.61,297.21,296.37
1942-06,grid,26.31,247.73,300.63,297.60
1942-07,grid,29.64,250.87,303.35,298.32
1942-08,grid,33.55,252.82,305.21,298.45
1942-09,grid,37.81,253.11,305.80,297.94
1942-10,grid,41.82,251.73,305.02,296.96
1942-11,grid,44.88,248.95,303.09,295.73
1942-12,grid,45.57,245.98,300.97,294.78
1943-01,grid,43.60,244.00,299.66,294.45
1943-02,grid,40.48,244.09,300.00,294.93
1943-03,grid,38.34,245.97,301.69,295.96
1943-04,grid,37.46,249.49,304.61,297.44
1943-05,grid,38.02,253.57,307.94,298.91
1943-06,grid,39.77,257.74,311.39,300.17
1943-07,grid,42.40,261.17,314.36,300.95
1943-08,grid,46.00,263.65,316.72,301.17
1943-09,grid,50.43,264.67,318.01,300.76
1943-10,grid,55.32,264.08,318.00,299.86
1943-11,grid,60.35,261.93,316.69,298.68
1943-12,grid,63.87,259.07,314.70,297.70
1944-01,grid,64.54,256.63,312.96,297.27
1944-02,grid,61.90,255.89,312.52,297.64
1944-03,grid,58.08,257.11,313.56,298.62
1944-04,grid,54.71,260.06,315.92,300.05
1944-05,grid,53.11,263.82,318.93,301.49
1944-06,grid,53.17,267.91,322.27,302.76
1944-07,grid,54.65,271.48,325.36,303.58
1944-08,grid,57.46,274.33,328.07,303.88
1944-09,grid,61.50,275.95,329.93,303.56
1944-10,grid,66.49,276.07,330.63,302.73
1944-11,grid,72.40,274.63,330.03,301.59
1944-12,grid,77.89,272.14,328.41,300.59
1945-01,grid,81.56,269.50,326.49,300.11
1945-02,grid,81.54,268.12,325.43,300.39
1945-03,grid,78.40,268.56,325.73,301.25
1945-04,grid,73.49,270.79,327.40,302.61
1945-05,grid,69.54,274.10,329.94,304.03
1945-06,grid,67.36,277.98,333.06,305.32
1945-07,grid,67.17,281.60,336.16,306.20
1945-08,grid,68.73,284.73,339.10,306.58
1945-09,grid,71.90,286.87,341.46,306.36
1945-10,grid,76.44,287.69,342.83,305.62
1945-11,grid,82.47,287.05,343.02,304.53
1945-12,grid,89.01,285.12,341.98,303.53
1946-01,grid,95.09,282.55,340.17,302.96
1946-02,grid,98.42,280.65,338.63,303.14
1946-03,grid,97.83,280.36,338.23,303.91
1946-04,grid,93.60,281.80,339.13,305.19
1946-05,grid,88.14,284.54,341.10,306.58
1946-06,grid,83.53,288.08,343.86,307.88
1946-07,grid,81.16,291.61,346.84,308.81
1946-08,grid,80.95,294.90,349.89,309.27
1946-09,grid,82.84,297.43,352.60,309.15
1946-10,grid,86.52,298.85,354.54,308.51
1946-11,grid,92.12,298.97,355.50,307.48
1946-12,grid,98.94,297.74,355.16,306.47
1947-01,grid,106.45,295.51,353.72,305.84
1947-02,grid,112.61,293.35,351.96,305.91
1947-03,grid,115.27,292.42,350.97,306.58
1947-04,grid,113.95,293.05,351.08,307.79
1947-05,grid,109.08,295.12,352.38,309.14
1947-06,grid,102.82,298.21,354.66,310.45
1947-07,grid,97.96,301.53,357.40,311.41
1947-08,grid,95.37,304.84,0.44,311.95
1947-09,grid,95.41,307.63,3.36,311.93
1947-10,grid,97.78,309.52,5.76,311.39
1947-11,grid,102.47,310.33,7.39,310.43
1947-12,grid,108.96,309.83,7.79,309.43
1948-01,grid,117.04,308.14,6.92,308.74
1948-02,grid,125.10,306.00,5.23,308.70
1948-03,grid,130.80,304.60,3.78,309.31
1948-04,grid,133.18,304.51,3.19,310.44
1948-05,grid,131.11,305.90,3.81,311.75
1948-06,grid,125.37,308.45,5.54,313.05
1948-07,grid,118.75,311.47,7.94,314.04
1948-08,grid,113.43,314.67,10.85,314.64
1948-09,grid,110.95,317.58,13.87,314.70
1948-10,grid,111.42,319.80,16.57,314.24
1948-11,grid,114.71,321.15,18.74,313.35
1948-12,grid,120.37,321.32,19.82,312.37
1949-01,grid,128.30,320.25,19.58,311.64
1949-02,grid,137.30,318.37,18.18,311.53
1949-03,grid,144.85,316.78,16.58,312.02
1949-04,grid,150.75,316.04,15.36,313.07
1949-05,grid,152.64,316.70,15.26,314.33
1949-06,grid,150.11,318.61,16.33,315.62
1949-07,grid,144.15,321.22,18.29,316.64
1949-08,grid,136.82,324.22,20.95,317.30
1949-09,grid,131.14,327.14,23.95,317.46
1949-10,grid,128.71,329.60,26.86,317.10
1949-11,grid,129.64,331.42,29.48,316.29
1949-12,grid,133.67,332.22,31.20,315.34
1950-01,grid,140.64,331.84,31.69,314.58
1950-02,grid,149.64,330.42,30.78,314.37
1950-03,grid,158.28,328.82,29.21,314.76
1950-04,grid,166.69,327.59,27.53,315.72
1950-05,grid,172.12,327.56,26.74,316.92
1950-06,grid,173.84,328.80,27.12,318.19
1950-07,grid,171.33,330.90,28.55,319.24
1950-08,grid,165.06,333.60,30.86,319.96
1950-09,grid,157.35,336.44,33.74,320.21
1950-10,grid,151.44,339.01,36.74,319.95
1950-11,grid,148.87,341.19,39.69,319.24
1950-12,grid,150.20,342.52,41.95,318.33
1951-01,grid,155.20,342.83,43.15,317.53
1951-02,grid,163.17,341.98,42.86,317.24
1951-03,grid,171.86,340.57,41.51,317.53
1951-04,grid,181.55,339.08,39.60,318.39
1951-05,grid,189.37,338.45,38.23,319.53
1951-06,grid,194.61,339.00,37.90,320.78
1951-07,grid,196.17,340.54,38.73,321.84
1951-08,grid,193.78,342.84,40.62,322.62
1951-09,grid,187.67,345.50,43.27,322.95
1951-10,grid,180.07,348.10,46.26,322.80
1951-11,grid,173.65,350.51,49.43,322.17
1951-12,grid,171.08,352.29,52.13,321.31
1952-01,grid,172.83,353.21,53.97,320.50
1952-02,grid,178.56,353.00,54.35,320.13
1952-03,grid,186.51,351.89,53.35,320.34
1952-04,grid,196.23,350.35,51.41,321.11
1952-05,grid,205.18,349.30,49.61,322.19
1952-06,grid,212.54,349.22,48.65,323.40
1952-07,grid,217.02,350.20,48.90,324.47
1952-08,grid,218.40,352.06,50.31,325.28
1952-09,grid,216.09,354.46,52.67,325.69
1952-10,grid,210.48,356.99,55.58,325.61
1952-11,grid,202.83,359.54,58.87,325.07
1952-12,grid,196.66,1.63,61.89,324.27
1953-01,grid,194.23,3.06,64.25,323.46
1953-02,grid,196.54,3.44,65.26,323.03
1953-03,grid,202.08,2.82,64.77,323.15
1953-04,grid,210.63,1.42,63.00,323.81
1953-05,grid,219.61,0.08,60.93,324.82
1953-06,grid,228.00,359.42,59.37,325.99
1953-07,grid,234.28,359.79,58.98,327.06
1953-08,grid,238.29,1.13,59.84,327.92
1953-09,grid,239.39,3.19,61.82,328.40
1953-10,grid,237.34,5.58,64.55,328.43
1953-11,grid,232.02,8.18,67.87,327.99
1953-12,grid,225.09,10.52,71.13,327.25
1954-01,grid,219.10,12.41,73.97,326.44
1954-02,grid,217.11,13.39,75.61,325.95
1954-03,grid,219.40,13.28,75.68,325.98
1954-04,grid,225.56,12.20,74.27,326.54
1954-05,grid,233.50,10.75,72.10,327.46
1954-06,grid,241.92,9.62,70.07,328.59
1954-07,grid,249.01,9.39,69.06,329.65
1954-08,grid,254.53,10.18,69.31,330.55
1954-09,grid,257.83,11.83,70.84,331.10
1954-10,grid,258.62,14.00,73.32,331.22
1954-11,grid,256.60,16.56,76.58,330.89
1954-12,grid,251.90,19.07,80.00,330.22
1955-01,grid,245.44,21.33,83.23,329.43
1955-02,grid,240.24,22.85,85.45,328.89
1955-03,grid,238.88,23.29,86.10,328.82
1955-04,grid,241.67,22.64,85.17,329.27
1955-05,grid,247.56,21.26,83.09,330.11
1955-06,grid,255.10,19.80,80.72,331.19
1955-07,grid,262.23,19.03,79.14,332.24
1955-08,grid,268.46,19.24,78.78,333.16
1955-09,grid,273.04,20.42,79.80,333.78
1955-10,grid,275.66,22.31,81.95,333.99
1955-11,grid,276.21,24.76,85.08,333.76
1955-12,grid,274.36,27.35,88.58,333.18
1956-01,grid,270.00,29.90,92.11,332.42
1956-02,grid,264.37,31.90,94.84,331.83
1956-03,grid,260.34,32.87,96.08,331.69
1956-04,grid,259.62,32.71,95.66,332.05
1956-05,grid,262.75,31.53,93.79,332.81
1956-06,grid,268.59,29.90,91.24,333.82
1956-07,grid,275.09,28.70,89.20,334.85
1956-08,grid,281.37,28.36,88.27,335.79
1956-09,grid,286.55,29.06,88.78,336.45
1956-10,grid,290.22,30.63,90.58,336.74
1956-11,grid,292.43,32.92,93.53,336.60
1956-12,grid,292.78,35.52,97.04,336.09
1957-01,grid,291.02,38.27,100.79,335.37
1957-02,grid,287.18,40.66,103.93,334.77
1957-03,grid,282.93,42.09,105.65,334.56
1957-04,grid,279.60,42.49,105.83,334.81
1957-05,grid,279.59,41.66,104.34,335.47
1957-06,grid,282.91,40.02,101.78,336.43
1957-07,grid,288.06,38.44,99.34,337.43
1957-08,grid,293.85,37.55,97.81,338.37
1957-09,grid,299.18,37.72,97.74,339.09
1957-10,grid,303.45,38.88,99.11,339.46
1957-11,grid,306.74,40.93,101.78,339.43
1957-12,grid,308.68,43.48,105.23,339.01
1958-01,grid,309.16,46.37,109.12,338.34
1958-02,grid,307.82,49.09,112.64,337.72
1958-03,grid,305.11,50.98,114.86,337.44
1958-04,grid,301.40,51.96,115.67,337.58
1958-05,grid,299.05,51.59,114.65,338.15
1958-06,grid,299.47,50.09,112.24,339.03
1958-07,grid,302.49,48.28,109.54,340.00
1958-08,grid,307.10,46.87,107.47,340.95
1958-09,grid,312.01,46.48,106.80,341.71
1958-10,grid,316.41,47.19,107.67,342.16
1958-11,grid,320.29,48.94,110.00,342.23
1958-12,grid,323.25,51.36,113.31,341.90
1959-01,grid,325.35,54.32,117.29,341.29
1959-02,grid,326.23,57.32,121.11,340.66
1959-03,grid,325.75,59.61,123.77,340.32
1959-04,grid,323.77,61.17,125.20,340.37
1959-05,grid,321.14,61.32,124.74,340.84
1959-06,grid,319.35,60.11,122.62,341.63
1959-07,grid,319.77,58.20,119.81,342.56
1959-08,grid,322.35,56.37,117.27,343.50
1959-09,grid,326.12,55.42,115.99,344.30
1959-10,grid,330.10,55.64,116.33,344.82
1959-11,grid,334.06,57.01,118.26,344.99
1959-12,grid,337.55,59.25,121.36,344.77
1960-01,grid,340.68,62.21,125.34,344.23
1960-02,grid,343.17,65.40,129.40,343.60
1960-03,grid,344.74,68.13,132.55,343.20
1960-04,grid,345.27,70.20,134.51,343.16
1960-05,grid,344.46,70.86,134.58,343.54
1960-06,grid,342.65,70.03,132.84,344.26
1960-07,grid,341.19,68.16,130.05,345.14
1960-08,grid,341.23,66.02,127.17,346.07
1960-09,grid,342.98,64.56,125.36,346.89
1960-10,grid,345.76,64.28,125.17,347.47
1960-11,grid,349.15,65.26,126.69,347.72
1960-12,grid,352.60,67.28,129.56,347.59
1961-01,grid,356.17,70.19,133.49,347.12
1961-02,grid,359.62,73.52,137.71,346.51
1961-03,grid,2.54,76.45,141.08,346.09
1961-04,grid,5.32,79.03,143.60,345.96
1961-05,grid,7.16,80.28,144.29,346.23
1961-06,grid,7.67,79.96,143.06,346.86
1961-07,grid,6.68,78.28,140.46,347.68
1961-08,grid,4.99,75.94,137.35,348.59
1961-09,grid,4.07,73.99,134.99,349.44
1961-10,grid,4.59,73.16,134.21,350.07
1961-11,grid,6.43,73.65,135.19,350.41
1961-12,grid,9.08,75.35,137.73,350.38
1962-01,grid,12.39,78.12,141.54,350.00
1962-02,grid,16.11,81.53,145.85,349.42
1962-03,grid,19.72,84.71,149.51,348.97
1962-04,grid,23.90,87.74,152.54,348.75
1962-05,grid,27.86,89.57,153.84,348.92
1962-06,grid,31.31,89.84,153.21,349.46
1962-07,grid,33.16,88.52,150.95,350.22
1962-08,grid,32.78,86.13,147.76,351.10
1962-09,grid,30.56,83.76,144.94,351.95
1962-10,grid,28.36,82.36,143.54,352.63
1962-11,grid,27.43,82.31,143.95,353.06
1962-12,grid,28.12,83.63,146.08,353.13
1963-01,grid,30.19,86.19,149.67,352.84
1963-02,grid,33.30,89.60,154.01,352.31
1963-03,grid,36.84,92.96,157.89,351.84
1963-04,grid,41.45,96.40,161.37,351.54
1963-05,grid,46.48,98.79,163.27,351.62
1963-06,grid,51.92,99.70,163.30,352.06
1963-07,grid,56.70,98.85,161.49,352.74
1963-08,grid,59.84,96.59,158.39,353.58
1963-09,grid,59.84,93.91,155.23,354.44
1963-10,grid,57.02,91.97,153.24,355.16
1963-11,grid,53.25,91.32,153.01,355.67
1963-12,grid,50.83,92.18,154.66,355.84
1964-01,grid,50.35,94.45,157.96,355.65
1964-02,grid,51.75,97.78,162.24,355.18
1964-03,grid,54.45,101.39,166.42,354.68
1964-04,grid,58.58,105.16,170.26,354.32
1964-05,grid,63.65,108.03,172.67,354.31
1964-06,grid,69.82,109.54,173.31,354.66
1964-07,grid,76.24,109.21,172.01,355.28
1964-08,grid,82.29,107.21,169.15,356.08
1964-09,grid,86.04,104.37,165.79,356.93
1964-10,grid,85.99,101.97,163.31,357.68
1964-11,grid,82.26,100.73,162.47,358.25
1964-12,grid,77.29,101.11,163.62,358.51
1965-01,grid,73.43,103.06,166.59,358.41
1965-02,grid,71.98,106.26,170.76,357.99
1965-03,grid,72.68,109.80,174.89,357.51
1965-04,grid,75.33,113.85,179.06,357.10
1965-05,grid,79.52,117.21,181.98,357.00
1965-06,grid,85.34,119.37,183.29,357.24
1965-07,grid,92.13,119.69,182.64,357.77
1965-08,grid,99.65,118.14,180.20,358.52
1965-09,grid,106.30,115.32,176.82,359.36
1965-10,grid,110.06,112.51,173.88,0.14
1965-11,grid,109.65,110.64,172.36,0.78
1965-12,grid,105.29,110.42,172.88,1.13
1966-01,grid,99.12,111.90,175.38,1.13
1966-02,grid,94.22,114.86,179.33,0.78
1966-03,grid,92.10,118.38,183.47,0.32
1966-04,grid,92.33,122.62,187.89,359.86
1966-05,grid,94.83,126.39,191.27,359.67
1966-06,grid,99.45,129.18,193.22,359.81
1966-07,grid,105.65,130.20,193.26,0.26
1966-08,grid,113.40,129.24,191.39,0.95
1966-09,grid,121.47,126.64,188.19,1.76
1966-10,grid,127.97,123.57,184.95,2.56
1966-11,grid,131.40,121.09,182.77,3.26
1966-12,grid,130.31,120.21,182.60,3.69
1967-01,grid,125.05,121.14,184.53,3.80
1967-02,grid,118.14,123.75,188.15,3.54
1967-03,grid,113.06,127.16,192.22,3.10
1967-04,grid,110.15,131.52,196.80,2.61
1967-05,grid,110.21,135.63,200.56,2.33
1967-06,grid,112.93,138.99,203.12,2.37
1967-07,grid,117.85,140.70,203.86,2.73
1967-08,grid,124.92,140.46,202.67,3.35
1967-09,grid,133.29,138.28,199.84,4.13
1967-10,grid,141.30,135.14,196.49,4.94
1967-11,grid,147.59,132.13,193.75,5.68
1967-12,grid,150.08,130.56,192.85,6.20
1968-01,grid,148.04,130.85,194.12,6.41
1968-02,grid,142.03,133.00,197.30,6.24
1968-03,grid,135.13,136.34,201.34,5.83
1968-04,grid,129.23,140.73,205.98,5.32
1968-05,grid,126.41,145.08,210.02,4.97
1968-06,grid,126.70,148.91,213.05,4.92
1968-07,grid,129.82,151.24,214.41,5.19
1968-08,grid,135.63,151.70,213.92,5.75
1968-09,grid,143.51,150.06,211.60,6.50
1968-10,grid,152.05,147.04,208.34,7.30
1968-11,grid,160.10,143.68,205.21,8.09
1968-12,grid,165.35,141.48,203.66,8.67
1969-01,grid,166.75,141.10,204.25,8.97
1969-02,grid,163.59,142.75,206.93,8.88
1969-03,grid,157.64,145.69,210.58,8.53
1969-04,grid,150.02,149.99,215.19,8.01
1969-05,grid,144.27,154.51,219.44,7.60
1969-06,grid,141.52,158.75,222.92,7.45
1969-07,grid,142.20,161.71,224.91,7.62
1969-08,grid,146.09,162.96,225.18,8.10
1969-09,grid,152.78,162.06,223.56,8.80
1969-10,grid,161.09,159.40,220.62,9.60
1969-11,grid,170.09,155.87,217.26,10.42
1969-12,grid,177.41,153.06,215.07,11.07
1970-01,grid,181.89,151.89,214.86,11.47
1970-02,grid,182.25,152.87,216.87,11.48
1970-03,grid,178.86,155.40,220.14,11.18
1970-04,grid,171.98,159.49,224.59,10.66
1970-05,grid,164.50,164.06,228.94,10.20
1970-06,grid,158.69,168.62,232.77,9.95
1970-07,grid,156.37,172.12,235.31,10.03
1970-08,grid,157.70,174.13,236.32,10.42
1970-09,grid,162.52,174.04,235.48,11.07
1970-10,grid,169.87,171.96,233.07,11.85
1970-11,grid,179.01,168.51,229.75,12.69
1970-12,grid,187.62,165.24,227.06,13.41
1971-01,grid,194.49,163.29,226.05,13.91
1971-02,grid,198.03,163.50,227.29,14.02
1971-03,grid,197.81,165.50,230.06,13.79
1971-04,grid,193.75,169.25,234.22,13.28
1971-05,grid,186.91,173.75,238.55,12.77
1971-06,grid,179.20,178.51,242.62,12.44
1971-07,grid,173.76,182.46,245.61,12.41
1971-08,grid,171.83,185.16,247.30,12.72
1971-09,grid,174.01,185.90,247.26,13.31
1971-10,grid,179.61,184.56,245.53,14.06
1971-11,grid,188.04,181.46,242.52,14.92
1971-12,grid,197.16,177.95,239.55,15.69
1972-01,grid,205.69,175.29,237.80,16.28
1972-02,grid,211.79,174.66,238.21,16.49
1972-03,grid,214.53,176.10,240.47,16.32
1972-04,grid,213.90,179.43,244.24,15.84
1972-05,grid,209.77,183.76,248.44,15.30
1972-06,grid,202.72,188.59,252.59,14.89
1972-07,grid,195.37,192.85,255.90,14.78
1972-08,grid,190.06,196.09,258.12,15.00
1972-09,grid,188.86,197.56,258.78,15.53
1972-10,grid,191.89,196.96,257.77,16.25
1972-11,grid,198.70,194.40,255.26,17.12
1972-12,grid,207.46,190.90,252.28,17.94
1973-01,grid,216.79,187.74,250.01,18.60
1973-02,grid,224.65,186.34,249.65,18.90
1973-03,grid,229.59,187.03,251.16,18.81
1973-04,grid,232.19,189.77,254.38,18.37
1973-05,grid,231.57,193.79,258.31,17.80
1973-06,grid,227.61,198.56,262.45,17.32
1973-07,grid,221.14,203.03,265.98,17.11
1973-08,grid,213.78,206.75,268.67,17.23
1973-09,grid,208.73,208.93,270.01,17.69
1973-10,grid,208.01,209.16,269.79,18.38
1973-11,grid,211.87,207.34,267.97,19.24
1973-12,grid,219.08,204.14,265.25,20.10
1974-01,grid,228.23,200.65,262.62,20.84
1974-02,grid,237.08,198.48,261.48,21.24
1974-03,grid,243.62,198.40,262.24,21.23
1974-04,grid,248.65,200.42,264.79,20.85
1974-05,grid,251.03,203.98,268.32,20.27
1974-06,grid,250.70,208.57,272.32,19.71
1974-07,grid,247.50,213.12,275.94,19.41
1974-08,grid,241.52,217.18,278.97,19.44
1974-09,grid,234.60,219.97,280.89,19.82
1974-10,grid,229.93,220.96,281.39,20.46
1974-11,grid,229.53,219.98,280.36,21.31
1974-12,grid,233.69,217.31,278.12,22.20
1975-01,grid,241.26,213.79,275.43,23.01
1975-02,grid,249.98,211.01,273.68,23.51
1975-03,grid,257.28,210.15,273.67,23.59
1975-04,grid,263.80,211.36,275.46,23.27
1975-05,grid,268.20,214.36,278.47,22.69
1975-06,grid,270.63,218.62,282.19,22.08
1975-07,grid,270.75,223.12,285.79,21.69
1975-08,grid,268.28,227.39,289.02,21.62
1975-09,grid,263.25,230.65,291.38,21.91
1975-10,grid,257.27,232.32,292.51,22.50
1975-11,grid,252.84,232.16,292.27,23.33
1975-12,grid,252.67,230.19,290.67,24.24
1976-01,grid,256.98,226.93,288.21,25.11
1976-02,grid,264.10,223.78,286.08,25.71
1976-03,grid,271.37,222.19,285.40,25.88
1976-04,grid,278.36,222.62,286.43,25.61
1976-05,grid,283.78,225.00,288.85,25.04
1976-06,grid,287.79,228.84,292.18,24.39
1976-07,grid,290.05,233.17,295.62,23.92
1976-08,grid,290.51,237.51,298.91,23.76
1976-09,grid,288.77,241.06,301.56,23.98
1976-10,grid,284.92,243.25,303.18,24.51
1976-11,grid,279.78,243.80,303.61,25.33
1976-12,grid,276.19,242.53,302.69,26.25
1977-01,grid,276.32,239.73,300.67,27.18
1977-02,grid,280.39,236.50,298.45,27.86
1977-03,grid,285.94,234.44,297.27,28.11
1977-04,grid,292.43,234.03,297.50,27.92
1977-05,grid,298.05,235.66,299.23,27.37
1977-06,grid,302.77,238.95,302.05,26.67
1977-07,grid,306.18,242.99,305.22,26.13
1977-08,grid,308.44,247.28,308.47,25.87
1977-09,grid,309.22,251.05,311.31,26.00
1977-10,grid,308.28,253.68,313.33,26.47
1977-11,grid,305.41,254.90,314.39,27.25
1977-12,grid,301.56,254.40,314.19,28.18
1978-01,grid,298.65,252.23,312.77,29.15
1978-02,grid,298.92,249.17,310.71,29.92
1978-03,grid,301.89,246.76,309.18,30.26
1978-04,grid,306.77,245.60,308.70,30.16
1978-05,grid,311.75,246.44,309.69,29.65
1978-06,grid,316.42,249.08,311.91,28.93
1978-07,grid,320.22,252.72,314.72,28.31
1978-08,grid,323.33,256.86,317.81,27.95
1978-09,grid,325.53,260.71,320.71,27.99
1978-10,grid,326.60,263.65,323.02,28.39
1978-11,grid,326.33,265.44,324.59,29.13
1978-12,grid,324.57,265.63,325.04,30.06
1979-01,grid,321.74,264.19,324.30,31.07
1979-02,grid,319.62,261.52,322.62,31.91
1979-03,grid,319.72,258.98,320.97,32.35
1979-04,grid,322.08,257.23,319.93,32.34
1979-05,grid,325.61,257.31,320.21,31.87
1979-06,grid,329.54,259.24,321.77,31.14
1979-07,grid,333.14,262.38,324.11,30.45
1979-08,grid,336.47,266.25,326.94,30.01
1979-09,grid,339.30,270.08,329.80,29.94
1979-10,grid,341.50,273.22,332.27,30.27
1979-11,grid,343.02,275.44,334.23,30.97
1979-12,grid,343.48,276.25,335.26,31.88
1980-01,grid,342.66,275.53,335.20,32.93
1980-02,grid,340.81,273.41,334.04,33.85
1980-03,grid,339.27,270.88,332.45,34.38
1980-04,grid,339.10,268.77,331.07,34.45
1980-05,grid,340.56,268.22,330.75,34.03
1980-06,grid,343.10,269.47,331.66,33.28
1980-07,grid,345.96,272.09,333.50,32.55
1980-08,grid,349.00,275.61,335.99,32.02
1980-09,grid,351.95,279.30,338.70,31.87
1980-10,grid,354.65,282.52,341.23,32.14
1980-11,grid,357.18,285.03,343.45,32.79
1980-12,grid,359.19,286.31,344.93,33.70
1981-01,grid,0.48,286.21,345.47,34.76
1981-02,grid,0.54,284.69,344.88,35.74
1981-03,grid,359.52,282.52,343.61,36.34
1981-04,grid,358.01,280.22,342.08,36.51
1981-05,grid,357.32,279.10,341.24,36.15
1981-06,grid,357.88,279.63,341.48,35.42
1981-07,grid,359.42,281.63,342.74,34.63
1981-08,grid,1.67,284.71,344.81,34.02
1981-09,grid,4.29,288.19,347.29,33.77
1981-10,grid,7.06,291.41,349.80,33.95
1981-11,grid,10.07,294.14,352.19,34.55
1981-12,grid,13.04,295.85,354.05,35.43
1982-01,grid,15.93,296.36,355.16,36.52
1982-02,grid,18.17,295.49,355.20,37.56
1982-03,grid,19.04,293.73,354.34,38.24
1982-04,grid,18.36,291.46,352.87,38.50
1982-05,grid,16.65,289.93,351.66,38.22
1982-06,grid,15.16,289.79,351.29,37.51
1982-07,grid,14.80,291.16,351.95,36.68
1982-08,grid,15.62,293.74,353.53,35.99
1982-09,grid,17.40,296.92,355.71,35.65
1982-10,grid,19.79,300.06,358.10,35.74
1982-11,grid,22.83,302.92,0.58,36.27
1982-12,grid,26.24,304.95,2.72,37.13
1983-01,grid,30.12,305.99,4.31,38.22
1983-02,grid,34.05,305.74,4.96,39.31
1983-03,grid,37.05,304.48,4.59,40.07
1983-04,grid,38.79,302.43,3.37,40.44
1983-05,grid,38.21,300.67,1.98,40.24
1983-06,grid,35.85,299.96,1.09,39.56
1983-07,grid,33.47,300.69,1.16,38.71
1983-08,grid,32.19,302.72,2.19,37.93
1983-09,grid,32.39,305.53,4.00,37.50
1983-10,grid,33.84,308.51,6.21,37.51
1983-11,grid,36.40,311.41,8.69,37.97
1983-12,grid,39.77,313.68,11.02,38.79
1984-01,grid,44.08,315.16,13.01,39.88
1984-02,grid,49.05,315.49,14.21,41.02
1984-03,grid,53.87,314.72,14.37,41.88
1984-04,grid,58.25,313.01,13.50,42.33
1984-05,grid,60.40,311.22,12.10,42.19
1984-06,grid,59.53,310.11,10.84,41.54
1984-07,grid,56.40,310.29,10.38,40.67
1984-08,grid,52.87,311.76,10.89,39.83
1984-09,grid,50.72,314.17,12.28,39.32
1984-10,grid,50.44,316.92,14.25,39.26
1984-11,grid,51.86,319.77,16.66,39.66
1984-12,grid,54.65,322.18,19.10,40.45
1985-01,grid,58.85,323.98,21.39,41.54
1985-02,grid,64.22,324.81,23.06,42.71
1985-03,grid,69.85,324.57,23.72,43.61
1985-04,grid,76.28,323.33,23.33,44.16
1985-05,grid,81.46,321.65,22.09,44.12
1985-06,grid,84.08,320.24,20.59,43.51
1985-07,grid,82.95,319.88,19.63,42.63
1985-08,grid,78.81,320.76,19.56,41.73
1985-09,grid,74.10,322.69,20.47,41.13
1985-10,grid,71.07,325.15,22.13,40.97
1985-11,grid,70.24,327.89,24.40,41.30
1985-12,grid,71.57,330.38,26.87,42.04
1986-01,grid,74.87,332.47,29.40,43.12
1986-02,grid,79.90,333.75,31.51,44.33
1986-03,grid,85.74,334.03,32.67,45.29
1986-04,grid,93.20,333.32,32.83,45.94
1986-05,grid,100.52,331.89,31.88,45.99
1986-06,grid,106.61,330.35,30.30,45.44
1986-07,grid,109.37,329.54,28.93,44.56
1986-08,grid,107.95,329.84,28.31,43.61
1986-09,grid,102.96,331.25,28.70,42.92
1986-10,grid,97.27,333.36,29.98,42.67
1986-11,grid,93.10,335.92,32.04,42.92
1986-12,grid,91.74,338.42,34.49,43.61
1987-01,grid,93.08,340.71,37.18,44.67
1987-02,grid,96.85,342.38,39.64,45.90
1987-03,grid,102.08,343.13,41.27,46.92
1987-04,grid,109.54,342.98,42.00,47.67
1987-05,grid,117.77,341.93,41.47,47.81
1987-06,grid,126.07,340.43,39.97,47.33
1987-07,grid,132.28,339.29,38.32,46.46
1987-08,grid,135.15,339.04,37.17,45.47
1987-09,grid,133.45,339.89,37.02,44.69
1987-10,grid,128.05,341.60,37.88,44.36
1987-11,grid,121.21,343.91,39.65,44.52
1987-12,grid,116.24,346.36,42.01,45.15
1988-01,grid,114.28,348.78,44.79,46.19
1988-02,grid,115.61,350.77,47.54,47.44
1988-03,grid,119.48,351.98,49.65,48.54
1988-04,grid,125.98,352.35,50.90,49.36
1988-05,grid,134.03,351.73,50.83,49.58
1988-06,grid,143.16,350.41,49.53,49.16
1988-07,grid,151.35,349.08,47.73,48.30
1988-08,grid,157.50,348.38,46.15,47.27
1988-09,grid,159.85,348.72,45.48,46.43
1988-10,grid,157.80,349.99,45.90,46.02
1988-11,grid,151.77,352.01,47.37,46.11
1988-12,grid,144.55,354.34,49.58,46.70
1989-01,grid,138.85,356.82,52.40,47.72
1989-02,grid,136.68,359.05,55.37,48.98
1989-03,grid,137.92,0.59,57.76,50.09
1989-04,grid,142.40,1.50,59.57,51.00
1989-05,grid,149.26,1.40,60.04,51.32
1989-06,grid,158.08,0.39,59.11,50.98
1989-07,grid,167.04,359.01,57.29,50.15
1989-08,grid,175.16,357.91,55.35,49.08
1989-09,grid,180.63,357.70,54.13,48.17
1989-10,grid,182.33,358.47,54.05,47.67
1989-11,grid,179.82,0.13,55.12,47.68
1989-12,grid,173.75,2.28,57.11,48.20
1990-01,grid,166.05,4.75,59.89,49.19
1990-02,grid,160.16,7.17,63.01,50.45
1990-03,grid,158.04,9.04,65.72,51.60
1990-04,grid,159.52,10.46,68.04,52.60
1990-05,grid,164.29,10.90,69.08,53.02
1990-06,grid,171.86,10.31,68.63,52.76
1990-07,grid,180.59,9.04,66.96,51.97
1990-08,grid,189.54,7.67,64.77,50.88
1990-09,grid,196.88,6.94,63.05,49.90
1990-10,grid,201.30,7.19,62.43,49.31
1990-11,grid,202.29,8.41,63.04,49.23
1990-12,grid,199.40,10.30,64.75,49.69
1991-01,grid,192.98,12.71,67.41,50.63
1991-02,grid,185.35,15.25,70.63,51.89
1991-03,grid,180.08,17.39,73.59,53.08
1991-04,grid,177.91,19.27,76.38,54.16
1991-05,grid,179.80,20.26,78.00,54.68
1991-06,grid,185.28,20.20,78.11,54.52
1991-07,grid,192.96,19.18,76.74,53.77
1991-08,grid,201.88,17.67,74.45,52.67
1991-09,grid,210.18,16.49,72.29,51.63
1991-10,grid,216.36,16.19,71.11,50.95
1991-11,grid,219.94,16.92,71.21,50.78
1991-12,grid,220.14,18.50,72.56,51.17
1992-01,grid,216.71,20.76,75.05,52.07
1992-02,grid,210.21,23.35,78.28,53.32
1992-03,grid,203.31,25.79,81.55,54.58
1992-04,grid,197.98,28.06,84.73,55.72
1992-05,grid,196.61,29.56,86.87,56.31
1992-06,grid,199.37,30.03,87.55,56.23
1992-07,grid,205.33,29.36,86.56,55.51
1992-08,grid,213.50,27.88,84.32,54.41
1992-09,grid,222.04,26.36,81.83,53.32
1992-10,grid,229.22,25.55,80.14,52.58
1992-11,grid,234.52,25.77,79.71,52.33
1992-12,grid,237.01,26.98,80.68,52.66
1993-01,grid,236.46,29.04,82.94,53.53
1993-02,grid,232.58,31.63,86.15,54.78
1993-03,grid,226.79,34.14,89.45,56.02
1993-04,grid,219.89,36.77,92.99,57.23
1993-05,grid,215.38,38.77,95.66,57.92
1993-06,grid,214.76,39.85,96.99,57.93
1993-07,grid,218.18,39.68,96.54,57.28
1993-08,grid,224.82,38.39,94.53,56.18
1993-09,grid,232.96,36.64,91.82,55.04
1993-10,grid,240.65,35.33,89.62,54.22
1993-11,grid,247.17,34.96,88.59,53.88
1993-12,grid,251.42,35.71,89.06,54.14
1994-01,grid,253.30,37.47,91.00,54.95
1994-02,grid,252.30,39.96,94.07,56.18
1994-03,grid,248.85,42.57,97.44,57.44
1994-04,grid,242.82,45.49,101.28,58.71
1994-05,grid,236.71,47.95,104.44,59.50
1994-06,grid,232.83,49.64,106.42,59.61
1994-07,grid,233.04,50.06,106.60,59.03
1994-08,grid,237.27,49.13,104.98,57.95
1994-09,grid,244.21,47.32,102.24,56.76
1994-10,grid,251.80,45.58,99.60,55.87
1994-11,grid,259.01,44.61,97.94,55.44
1994-12,grid,264.50,44.82,97.85,55.61
1995-01,grid,268.20,46.20,99.36,56.37
1995-02,grid,269.64,48.51,102.23,57.58
1995-03,grid,268.77,51.13,105.60,58.86
1995-04,grid,265.30,54.27,109.65,60.19
1995-05,grid,259.99,57.14,113.24,61.06
1995-06,grid,254.38,59.42,115.85,61.28
1995-07,grid,251.35,60.47,116.71,60.77
1995-08,grid,252.30,60.07,115.65,59.71
1995-09,grid,257.04,58.39,113.06,58.49
1995-10,grid,263.72,56.35,110.12,57.52
1995-11,grid,271.00,54.79,107.85,57.01
1995-12,grid,277.23,54.40,107.13,57.10
1996-01,grid,282.21,55.29,108.12,57.80
1996-02,grid,285.46,57.33,110.68,58.97
1996-03,grid,286.78,59.98,114.10,60.31
1996-04,grid,286.12,63.26,118.29,61.69
1996-05,grid,283.32,66.47,122.22,62.63
1996-06,grid,278.62,69.27,125.37,62.93
1996-07,grid,273.98,70.94,126.88,62.48
1996-08,grid,271.62,71.12,126.43,61.44
1996-09,grid,273.21,69.74,124.14,60.19
1996-10,grid,277.93,67.55,121.06,59.17
1996-11,grid,284.40,65.48,118.28,58.58
1996-12,grid,290.69,64.49,116.94,58.61
1997-01,grid,296.33,64.85,117.39,59.26
1997-02,grid,300.73,66.55,119.59,60.42
1997-03,grid,303.53,68.97,122.74,61.72
1997-04,grid,305.22,72.31,126.98,63.14
1997-05,grid,305.24,75.77,131.18,64.17
1997-06,grid,303.36,79.07,134.86,64.57
1997-07,grid,299.92,81.38,137.06,64.21
1997-08,grid,296.03,82.28,137.37,63.21
1997-09,grid,294.18,81.42,135.62,61.94
1997-10,grid,295.69,79.30,132.60,60.85
1997-11,grid,300.06,76.81,129.38,60.18
1997-12,grid,305.47,75.16,127.37,60.12
1998-01,grid,311.04,74.87,127.13,60.70
1998-02,grid,315.93,76.07,128.81,61.83
1998-03,grid,319.61,78.25,131.69,63.13
1998-04,grid,322.78,81.54,135.87,64.59
1998-05,grid,324.86,85.17,140.27,65.70
1998-06,grid,325.80,88.88,144.39,66.21
1998-07,grid,325.26,91.79,147.23,65.94
1998-08,grid,323.14,93.45,148.33,64.99
1998-09,grid,320.31,93.26,147.28,63.71
1998-10,grid,318.74,91.43,144.56,62.55
1998-11,grid,319.74,88.71,141.09,61.79
1998-12,grid,322.91,86.45,138.44,61.65
1999-01,grid,327.26,85.43,137.44,62.16
1999-02,grid,331.74,86.04,138.50,63.24
1999-03,grid,335.53,87.87,141.01,64.54
1999-04,grid,339.28,90.99,145.02,66.04
1999-05,grid,342.43,94.69,149.50,67.23
1999-06,grid,345.12,98.71,153.96,67.84
1999-07,grid,346.98,102.15,157.37,67.66
1999-08,grid,347.84,104.55,159.25,66.77
1999-09,grid,347.29,105.14,159.00,65.48
1999-10,grid,345.64,103.82,156.79,64.27
1999-11,grid,344.07,101.10,153.32,63.42
1999-12,grid,344.07,98.36,150.16,63.20
2000-01,grid,345.85,96.59,148.38,63.63
2000-02,grid,348.73,96.50,148.70,64.67
2000-03,grid,351.85,97.93,150.83,66.01
2000-04,grid,355.28,100.80,154.58,67.54
2000-05,grid,358.58,104.48,159.04,68.79
2000-06,grid,1.89,108.70,163.73,69.47
2000-07,grid,4.95,112.56,167.58,69.37
2000-08,grid,7.80,115.60,170.12,68.52
2000-09,grid,9.94,116.94,170.64,67.22
2000-10,grid,10.78,116.24,169.05,65.97
2000-11,grid,10.02,113.76,165.81,65.06
2000-12,grid,8.37,110.72,162.35,64.76
2001-01,grid,7.21,108.29,159.89,65.15
2001-02,grid,7.45,107.47,159.48,66.15
2001-03,grid,8.73,108.31,160.97,67.43
2001-04,grid,10.95,110.77,164.30,69.00
2001-05,grid,13.59,114.29,168.62,70.31
2001-06,grid,16.69,118.60,173.42,71.10
2001-07,grid,19.97,122.80,177.65,71.09
2001-08,grid,23.60,126.43,180.83,70.31
2001-09,grid,27.30,128.57,182.17,69.02
2001-10,grid,30.49,128.67,181.38,67.73
2001-11,grid,32.50,126.70,178.64,66.73
2001-12,grid,32.31,123.60,175.09,66.35
2002-01,grid,30.21,120.58,172.02,66.65
2002-02,grid,27.87,118.95,170.76,67.60
2002-03,grid,26.75,119.11,171.56,68.87
2002-04,grid,26.89,121.03,174.35,70.45
2002-05,grid,28.15,124.27,178.39,71.83
2002-06,grid,30.34,128.54,183.18,72.72
2002-07,grid,33.16,132.95,187.66,72.81
2002-08,grid,36.72,137.08,191.37,72.10
2002-09,grid,40.89,139.95,193.46,70.84
2002-10,grid,45.28,140.87,193.50,69.50
2002-11,grid,49.52,139.61,191.46,68.43
2002-12,grid,52.12,136.74,188.12,67.96
2003-01,grid,51.98,133.33,184.63,68.18
2003-02,grid,49.21,130.93,182.58,69.07
2003-03,grid,46.12,130.35,182.62,70.32
2003-04,grid,43.73,131.61,184.73,71.92
2003-05,grid,42.97,134.43,188.36,73.36
2003-06,grid,43.65,138.52,193.01,74.34
2003-07,grid,45.48,143.02,197.61,74.54
2003-08,grid,48.41,147.50,201.71,73.91
2003-09,grid,52.35,151.00,204.45,72.67
2003-10,grid,57.03,152.72,205.30,71.30
2003-11,grid,62.42,152.30,204.08,70.15
2003-12,grid,67.22,149.90,201.20,69.59
2004-01,grid,70.11,146.38,197.58,69.73
2004-02,grid,69.49,143.34,194.85,70.56
2004-03,grid,66.17,141.98,194.12,71.83
2004-04,grid,61.86,142.53,195.52,73.45
2004-05,grid,58.82,144.86,198.67,74.93
2004-06,grid,57.51,148.68,203.06,75.99
2004-07,grid,57.90,153.15,207.65,76.26
2004-08,grid,59.81,157.84,211.98,75.70
2004-09,grid,63.10,161.81,215.20,74.47
2004-10,grid,67.54,164.19,216.72,73.08
2004-11,grid,73.25,164.55,216.28,71.87
2004-12,grid,79.28,162.76,214.00,71.24
2005-01,grid,84.63,159.40,210.52,71.32
2005-02,grid,87.12,155.94,207.37,72.11
2005-03,grid,85.89,153.94,205.96,73.31
2005-04,grid,81.53,153.65,206.52,74.94
2005-05,grid,76.64,155.34,209.02,76.47
2005-06,grid,72.94,158.73,213.01,77.62
2005-07,grid,71.36,163.03,217.47,78.00
2005-08,grid,71.72,167.82,221.93,77.53
2005-09,grid,73.93,172.16,225.55,76.35
2005-10,grid,77.68,175.16,227.70,74.93
2005-11,grid,83.13,176.34,228.07,73.65
2005-12,grid,89.61,175.32,226.54,72.94
2006-01,grid,96.57,172.40,223.47,72.92
2006-02,grid,102.01,168.76,220.11,73.65
2006-03,grid,103.91,166.15,218.08,74.82
2006-04,grid,101.86,165.02,217.79,76.45
2006-05,grid,96.85,165.97,219.56,78.03
2006-06,grid,91.15,168.81,223.02,79.27
2006-07,grid,87.17,172.82,227.22,79.75
2006-08,grid,85.41,177.57,231.69,79.37
2006-09,grid,86.01,182.15,235.57,78.24
2006-10,grid,88.66,185.64,238.22,76.81
2006-11,grid,93.39,187.56,239.32,75.47
2006-12,grid,99.71,187.34,238.57,74.66
2007-01,grid,107.42,185.04,236.10,74.56
2007-02,grid,114.93,181.50,232.82,75.21
2007-03,grid,119.83,178.47,230.35,76.35
2007-04,grid,121.47,176.56,229.26,77.98
2007-05,grid,118.76,176.73,230.25,79.60
2007-06,grid,112.88,178.91,233.08,80.92
2007-07,grid,106.79,182.52,236.92,81.52
2007-08,grid,102.33,187.12,241.27,81.24
2007-09,grid,100.62,191.81,245.29,80.16
2007-10,grid,101.57,195.66,248.30,78.73
2007-11,grid,105.06,198.20,250.03,77.32
2007-12,grid,110.68,198.75,250.02,76.43
2008-01,grid,118.39,197.18,248.26,76.24
2008-02,grid,127.02,193.99,245.30,76.82
2008-03,grid,134.36,190.67,242.54,77.96
2008-04,grid,139.52,188.15,240.85,79.59
2008-05,grid,140.50,187.59,241.12,81.25
2008-06,grid,137.06,189.12,243.30,82.64
2008-07,grid,130.76,192.28,246.70,83.31
2008-08,grid,123.94,196.62,250.82,83.10
2008-09,grid,119.27,201.30,254.85,82.07
2008-10,grid,117.75,205.37,258.08,80.63
2008-11,grid,119.34,208.37,260.26,79.18
2008-12,grid,123.70,209.53,260.87,78.22
2009-01,grid,130.74,208.67,259.80,77.96
2009-02,grid,139.59,205.96,257.32,78.48
2009-03,grid,147.97,202.78,254.66,79.55
2009-04,grid,155.90,199.78,252.48,81.18
2009-05,grid,160.63,198.49,252.02,82.87
2009-06,grid,161.37,199.25,253.46,84.33
2009-07,grid,157.85,201.83,256.32,85.11
2009-08,grid,151.02,205.81,260.11,85.02
2009-09,grid,143.69,210.38,264.05,84.05
2009-10,grid,138.79,214.58,267.43,82.62
2009-11,grid,137.27,217.97,269.99,81.11
2009-12,grid,139.34,219.74,271.18,80.07
2010-01,grid,144.78,219.61,270.83,79.71
2010-02,grid,152.90,217.54,268.96,80.16
2010-03,grid,161.56,214.59,266.51,81.18
2010-04,grid,171.06,211.33,264.06,82.79
2010-05,grid,178.52,209.40,262.97,84.51
2010-06,grid,183.11,209.40,263.67,86.05
2010-07,grid,183.76,211.34,265.92,86.94
2010-08,grid,180.25,214.87,269.29,86.95
2010-09,grid,173.35,219.22,273.05,86.07
2010-10,grid,165.89,223.46,276.48,84.65
2010-11,grid,160.45,227.13,279.31,83.10
2010-12,grid,158.99,229.39,280.98,81.97
2011-01,grid,161.62,229.94,281.28,81.51
2011-02,grid,167.88,228.56,280.07,81.88
2011-03,grid,175.79,226.00,278.00,82.85
2011-04,grid,185.61,222.70,275.50,84.44
2011-05,grid,194.53,220.29,273.93,86.19
2011-06,grid,201.72,219.56,273.93,87.80
2011-07,grid,205.79,220.82,275.53,88.78
2011-08,grid,206.43,223.83,278.41,88.91
2011-09,grid,203.14,227.89,281.90,88.11
2011-10,grid,196.71,232.07,285.28,86.71
2011-11,grid,188.95,235.91,288.28,85.12
2011-12,grid,183.49,238.56,290.33,83.92
2012-01,grid,182.05,239.71,291.20,83.36
2012-02,grid,185.15,239.01,290.66,83.64
2012-03,grid,191.44,236.86,288.99,84.60
2012-04,grid,200.38,233.72,286.64,86.18
2012-05,grid,209.57,231.03,284.80,87.94
2012-06,grid,218.01,229.72,284.23,89.61
2012-07,grid,224.13,230.37,285.23,90.67
2012-08,grid,227.72,232.84,287.60,90.89
2012-09,grid,228.08,236.55,290.75,90.14
2012-10,grid,225.03,240.59,294.00,88.76
2012-11,grid,218.74,244.50,297.07,87.14
2012-12,grid,211.53,247.41,299.36,85.87
2013-01,grid,206.18,249.02,300.69,85.24
2013-02,grid,205.24,248.91,300.72,85.46
2013-03,grid,208.38,247.35,299.63,86.34
2013-04,grid,215.24,244.54,297.59,87.89
2013-05,grid,223.64,241.71,295.62,89.67
2013-06,grid,232.34,239.88,294.53,91.41
2013-07,grid,239.54,239.86,294.91,92.56
2013-08,grid,244.95,241.71,296.69,92.90
2013-09,grid,247.90,244.98,299.43,92.25
2013-10,grid,248.04,248.82,302.48,90.90
2013-11,grid,245.08,252.74,305.55,89.25
2013-12,grid,239.46,255.87,308.05,87.91
2014-01,grid,232.62,257.91,309.79,87.18
2014-02,grid,227.91,258.39,310.38,87.30
2014-03,grid,227.40,257.40,309.84,88.12
2014-04,grid,231.09,255.02,308.23,89.64
2014-05,grid,237.66,252.24,306.31,91.43
2014-06,grid,245.69,250.02,304.86,93.22
2014-07,grid,253.12,249.40,304.65,94.48
2014-08,grid,259.47,250.61,305.83,94.93
2014-09,grid,263.96,253.38,308.10,94.38
2014-10,grid,266.25,256.94,310.89,93.08
2014-11,grid,266.17,260.79,313.88,91.41
2014-12,grid,263.45,264.06,316.50,89.99
2015-01,grid,258.18,266.45,318.56,89.16
2015-02,grid,252.17,267.45,319.66,89.18
2015-03,grid,248.58,267.01,319.65,89.94
2015-04,grid,248.55,265.17,318.57,91.42
2015-05,grid,252.40,262.59,316.85,93.22
2015-06,grid,258.87,260.15,315.19,95.06
2015-07,grid,265.83,259.00,314.49,96.41
2015-08,grid,272.45,259.57,315.06,96.98
2015-09,grid,277.77,261.80,316.82,96.54
2015-10,grid,281.38,265.01,319.27,95.29
2015-11,grid,283.28,268.72,322.12,93.60
2015-12,grid,283.08,272.05,324.79,92.12
2016-01,grid,280.50,274.71,327.10,91.19
2016-02,grid,275.84,276.18,328.63,91.11
2016-03,grid,271.07,276.24,329.13,91.83
2016-04,grid,268.09,274.92,328.56,93.29
2016-05,grid,268.84,272.66,327.16,95.10
2016-06,grid,273.00,270.18,325.48,96.98
2016-07,grid,278.79,268.65,324.41,98.40
2016-08,grid,285.06,268.67,324.44,99.06
2016-09,grid,290.64,270.37,325.69,98.69
2016-10,grid,294.96,273.21,327.77,97.49
2016-11,grid,298.09,276.71,330.41,95.79
2016-12,grid,299.64,280.02,333.06,94.25
2017-01,grid,299.43,282.85,335.53,93.24
2017-02,grid,297.18,284.67,337.40,93.10
2017-03,grid,293.66,285.19,338.33,93.73
2017-04,grid,289.56,284.45,338.33,95.14
2017-05,grid,287.54,282.62,337.36,96.95
2017-06,grid,288.77,280.24,335.79,98.88
2017-07,grid,292.61,278.41,334.45,100.39
2017-08,grid,297.88,277.86,333.96,101.16
2017-09,grid,303.24,278.97,334.64,100.91
2017-10,grid,307.86,281.35,336.28,99.77
2017-11,grid,311.75,284.58,338.65,98.07
2017-12,grid,314.51,287.83,341.21,96.47
2018-01,grid,316.14,290.79,343.79,95.37
2018-02,grid,316.28,292.93,345.96,95.12
2018-03,grid,314.92,293.89,347.31,95.68
2018-04,grid,312.02,293.72,347.87,97.03
2018-05,grid,308.98,292.38,347.39,98.83
2018-06,grid,307.55,290.24,346.08,100.80
2018-07,grid,308.81,288.26,344.62,102.40
2018-08,grid,312.28,287.23,343.68,103.29
2018-09,grid,316.74,287.74,343.79,103.16
2018-10,grid,321.14,289.63,344.95,102.10
2018-11,grid,325.31,292.51,346.97,100.41
2018-12,grid,328.77,295.63,349.39,98.75
2019-01,grid,331.63,298.66,352.00,97.55
2019-02,grid,333.61,301.05,354.41,97.19
2019-03,grid,334.42,302.39,356.12,97.67
2019-04,grid,333.97,302.77,357.22,98.97
2019-05,grid,332.22,301.97,357.28,100.75
2019-06,grid,329.95,300.20,356.35,102.76
2019-07,grid,328.82,298.22,354.92,104.43
2019-08,grid,329.73,296.81,353.64,105.45
2019-09,grid,332.41,296.75,353.21,105.44
2019-10,grid,335.88,298.09,353.84,104.46
2019-11,grid,339.72,300.57,355.45,102.79
2019-12,grid,343.36,303.49,357.65,101.09
2020-01,grid,346.89,306.51,0.24,99.79
2020-02,grid,350.06,309.09,2.81,99.32
2020-03,grid,352.57,310.81,4.89,99.74
2020-04,grid,354.51,311.66,6.46,101.00
2020-05,grid,355.30,311.38,7.04,102.78
2020-06,grid,354.70,310.05,6.56,104.82
2020-07,grid,353.15,308.21,5.30,106.55
2020-08,grid,351.82,306.59,3.81,107.65
2020-09,grid,351.93,306.05,2.92,107.74
2020-10,grid,353.50,306.87,3.04,106.82
2020-11,grid,356.17,308.92,4.22,105.17
2020-12,grid,359.30,311.58,6.15,103.43
